remuPEInst Instructions:
remuPEInst(0) Instructions:
  remuPEInst(0)(0): 0, 0, 0, 1, 0, 0, 0, 0, 0, 0, 0, 0, 0, 0, 0, 0, 0, 1, 0, 0, 0, 0, 0, 0, 0, 0, 1, 1, 1, 1, 1, 1, 0, 0, 0, 0, 0, 0, 0, 0, 0, 0, 0, 0, 0, 0, 0, 0, 0, 0, 0, 0, 0, 0, 0, 0, 0, 0, 0, 0, 0, 0, 0, 0
  remuPEInst(0)(1): 1, 1, 0, 0, 1, 0, 0, 0, 0, 0, 0, 0, 0, 0, 0, 0, 1, 0, 1, 0, 0, 0, 0, 0, 0, 0, 1, 1, 1, 1, 1, 1, 0, 0, 0, 0, 0, 0, 0, 0, 0, 0, 0, 0, 0, 0, 0, 0, 0, 0, 0, 0, 0, 0, 0, 0, 0, 0, 0, 0, 0, 0, 0, 0
  remuPEInst(0)(2): 0, 0, 0, 0, 0, 0, 0, 0, 0, 0, 0, 0, 0, 0, 0, 0, 0, 0, 0, 0, 0, 0, 0, 0, 0, 0, 0, 0, 0, 0, 0, 0, 0, 0, 0, 0, 0, 0, 0, 0, 0, 0, 0, 0, 0, 0, 0, 0, 0, 0, 0, 0, 0, 0, 0, 0, 0, 0, 0, 0, 0, 0, 0, 0
  remuPEInst(0)(3): 0, 0, 0, 0, 0, 0, 0, 0, 0, 0, 0, 0, 0, 0, 0, 0, 0, 0, 0, 0, 0, 0, 0, 0, 0, 0, 0, 0, 0, 0, 0, 0, 0, 0, 0, 0, 0, 0, 0, 0, 0, 0, 0, 0, 0, 0, 0, 0, 0, 0, 0, 0, 0, 0, 0, 0, 0, 0, 0, 0, 0, 0, 0, 0
  remuPEInst(0)(4): 0, 0, 0, 0, 0, 0, 0, 0, 0, 0, 0, 0, 0, 0, 0, 0, 0, 0, 0, 0, 0, 0, 0, 0, 0, 0, 0, 0, 0, 0, 0, 0, 0, 0, 0, 0, 0, 0, 0, 0, 0, 0, 0, 0, 0, 0, 0, 0, 0, 0, 0, 0, 0, 0, 0, 0, 0, 0, 0, 0, 0, 0, 0, 0
  remuPEInst(0)(5): 0, 0, 0, 0, 0, 0, 0, 0, 0, 0, 0, 0, 0, 0, 0, 0, 0, 0, 0, 0, 0, 0, 0, 0, 0, 0, 0, 0, 0, 0, 0, 0, 0, 0, 0, 0, 0, 0, 0, 0, 0, 0, 0, 0, 0, 0, 0, 0, 0, 0, 0, 0, 0, 0, 0, 0, 0, 0, 0, 0, 0, 0, 0, 0
  remuPEInst(0)(6): 0, 0, 0, 0, 0, 0, 0, 0, 0, 0, 0, 0, 0, 0, 0, 0, 0, 0, 0, 0, 0, 0, 0, 0, 0, 0, 0, 0, 0, 0, 0, 0, 0, 0, 0, 0, 0, 0, 0, 0, 0, 0, 0, 0, 0, 0, 0, 0, 0, 0, 0, 0, 0, 0, 0, 0, 0, 0, 0, 0, 0, 0, 0, 0
  remuPEInst(0)(7): 0, 0, 0, 0, 0, 0, 0, 0, 0, 0, 0, 0, 0, 0, 0, 0, 0, 0, 0, 0, 0, 0, 0, 0, 0, 0, 0, 0, 0, 0, 0, 0, 0, 0, 0, 0, 0, 0, 0, 0, 0, 0, 0, 0, 0, 0, 0, 0, 0, 0, 0, 0, 0, 0, 0, 0, 0, 0, 0, 0, 0, 0, 0, 0
  remuPEInst(0)(8): 0, 0, 0, 0, 0, 0, 0, 0, 0, 0, 0, 0, 0, 0, 0, 0, 0, 0, 0, 0, 0, 0, 0, 0, 0, 0, 0, 0, 0, 0, 0, 0, 0, 0, 0, 0, 0, 0, 0, 0, 0, 0, 0, 0, 0, 0, 0, 0, 0, 0, 0, 0, 0, 0, 0, 0, 0, 0, 0, 0, 0, 0, 0, 0
  remuPEInst(0)(9): 0, 0, 0, 0, 0, 0, 0, 0, 0, 0, 0, 0, 0, 0, 0, 0, 0, 0, 0, 0, 0, 0, 0, 0, 0, 0, 0, 0, 0, 0, 0, 0, 0, 0, 0, 0, 0, 0, 0, 0, 0, 0, 0, 0, 0, 0, 0, 0, 0, 0, 0, 0, 0, 0, 0, 0, 0, 0, 0, 0, 0, 0, 0, 0
  remuPEInst(0)(10): 0, 0, 0, 0, 0, 0, 0, 0, 0, 0, 0, 0, 0, 0, 0, 0, 0, 0, 0, 0, 0, 0, 0, 0, 0, 0, 0, 0, 0, 0, 0, 0, 0, 0, 0, 0, 0, 0, 0, 0, 0, 0, 0, 0, 0, 0, 0, 0, 0, 0, 0, 0, 0, 0, 0, 0, 0, 0, 0, 0, 0, 0, 0, 0
  remuPEInst(0)(11): 0, 0, 0, 0, 0, 0, 0, 0, 0, 0, 0, 0, 0, 0, 0, 0, 0, 0, 0, 0, 0, 0, 0, 0, 0, 0, 0, 0, 0, 0, 0, 0, 0, 0, 0, 0, 0, 0, 0, 0, 0, 0, 0, 0, 0, 0, 0, 0, 0, 0, 0, 0, 0, 0, 0, 0, 0, 0, 0, 0, 0, 0, 0, 0
  remuPEInst(0)(12): 0, 0, 0, 0, 0, 0, 0, 0, 0, 0, 0, 0, 0, 0, 0, 0, 0, 0, 0, 0, 0, 0, 0, 0, 0, 0, 0, 0, 0, 0, 0, 0, 0, 0, 0, 0, 0, 0, 0, 0, 0, 0, 0, 0, 0, 0, 0, 0, 0, 0, 0, 0, 0, 0, 0, 0, 0, 0, 0, 0, 0, 0, 0, 0
  remuPEInst(0)(13): 0, 0, 0, 0, 0, 0, 0, 0, 0, 0, 0, 0, 0, 0, 0, 0, 0, 0, 0, 0, 0, 0, 0, 0, 0, 0, 0, 0, 0, 0, 0, 0, 0, 0, 0, 0, 0, 0, 0, 0, 0, 0, 0, 0, 0, 0, 0, 0, 0, 0, 0, 0, 0, 0, 0, 0, 0, 0, 0, 0, 0, 0, 0, 0
  remuPEInst(0)(14): 0, 0, 0, 0, 0, 0, 0, 0, 0, 0, 0, 0, 0, 0, 0, 0, 0, 0, 0, 0, 0, 0, 0, 0, 0, 0, 0, 0, 0, 0, 0, 0, 0, 0, 0, 0, 0, 0, 0, 0, 0, 0, 0, 0, 0, 0, 0, 0, 0, 0, 0, 0, 0, 0, 0, 0, 0, 0, 0, 0, 0, 0, 0, 0
  remuPEInst(0)(15): 0, 0, 0, 0, 0, 0, 0, 0, 0, 0, 0, 0, 0, 0, 0, 0, 0, 0, 0, 0, 0, 0, 0, 0, 0, 0, 0, 0, 0, 0, 0, 0, 0, 0, 0, 0, 0, 0, 0, 0, 0, 0, 0, 0, 0, 0, 0, 0, 0, 0, 0, 0, 0, 0, 0, 0, 0, 0, 0, 0, 0, 0, 0, 0

remuPEInst(1) Instructions:
  remuPEInst(1)(0): 0, 1, 1, 0, 1, 0, 0, 0, 0, 0, 0, 0, 0, 0, 0, 0, 1, 0, 1, 0, 0, 0, 0, 0, 0, 0, 1, 1, 1, 1, 1, 1, 0, 0, 0, 0, 0, 0, 0, 0, 0, 0, 0, 0, 0, 0, 0, 0, 0, 0, 0, 0, 0, 0, 0, 0, 0, 0, 0, 0, 0, 0, 0, 0
  remuPEInst(1)(1): 0, 1, 0, 0, 1, 0, 1, 0, 0, 0, 0, 0, 0, 0, 0, 0, 1, 0, 1, 0, 0, 0, 0, 0, 0, 1, 1, 1, 1, 1, 1, 1, 0, 0, 0, 0, 0, 0, 0, 0, 0, 0, 0, 0, 0, 0, 0, 0, 0, 0, 0, 0, 0, 0, 0, 0, 0, 0, 0, 0, 0, 0, 0, 0
  remuPEInst(1)(2): 1, 1, 1, 1, 1, 0, 1, 0, 0, 0, 0, 0, 0, 0, 0, 0, 1, 0, 1, 0, 0, 0, 0, 0, 0, 1, 1, 1, 1, 1, 1, 1, 0, 0, 0, 0, 0, 0, 0, 0, 0, 0, 0, 0, 0, 0, 0, 0, 0, 0, 0, 0, 0, 0, 0, 0, 0, 0, 0, 0, 0, 0, 0, 0
  remuPEInst(1)(3): 0, 0, 0, 0, 0, 0, 0, 0, 0, 0, 0, 0, 0, 0, 0, 0, 0, 0, 0, 0, 0, 0, 0, 0, 0, 0, 0, 0, 0, 0, 0, 0, 0, 0, 0, 0, 0, 0, 0, 0, 0, 0, 0, 0, 0, 0, 0, 0, 0, 0, 0, 0, 0, 0, 0, 0, 0, 0, 0, 0, 0, 0, 0, 0
  remuPEInst(1)(4): 0, 0, 0, 0, 0, 0, 0, 0, 0, 0, 0, 0, 0, 0, 0, 0, 0, 0, 0, 0, 0, 0, 0, 0, 0, 0, 0, 0, 0, 0, 0, 0, 0, 0, 0, 0, 0, 0, 0, 0, 0, 0, 0, 0, 0, 0, 0, 0, 0, 0, 0, 0, 0, 0, 0, 0, 0, 0, 0, 0, 0, 0, 0, 0
  remuPEInst(1)(5): 0, 0, 0, 0, 0, 0, 0, 0, 0, 0, 0, 0, 0, 0, 0, 0, 0, 0, 0, 0, 0, 0, 0, 0, 0, 0, 0, 0, 0, 0, 0, 0, 0, 0, 0, 0, 0, 0, 0, 0, 0, 0, 0, 0, 0, 0, 0, 0, 0, 0, 0, 0, 0, 0, 0, 0, 0, 0, 0, 0, 0, 0, 0, 0
  remuPEInst(1)(6): 0, 0, 0, 0, 0, 0, 0, 0, 0, 0, 0, 0, 0, 0, 0, 0, 0, 0, 0, 0, 0, 0, 0, 0, 0, 0, 0, 0, 0, 0, 0, 0, 0, 0, 0, 0, 0, 0, 0, 0, 0, 0, 0, 0, 0, 0, 0, 0, 0, 0, 0, 0, 0, 0, 0, 0, 0, 0, 0, 0, 0, 0, 0, 0
  remuPEInst(1)(7): 0, 0, 0, 0, 0, 0, 0, 0, 0, 0, 0, 0, 0, 0, 0, 0, 0, 0, 0, 0, 0, 0, 0, 0, 0, 0, 0, 0, 0, 0, 0, 0, 0, 0, 0, 0, 0, 0, 0, 0, 0, 0, 0, 0, 0, 0, 0, 0, 0, 0, 0, 0, 0, 0, 0, 0, 0, 0, 0, 0, 0, 0, 0, 0
  remuPEInst(1)(8): 0, 0, 0, 0, 0, 0, 0, 0, 0, 0, 0, 0, 0, 0, 0, 0, 0, 0, 0, 0, 0, 0, 0, 0, 0, 0, 0, 0, 0, 0, 0, 0, 0, 0, 0, 0, 0, 0, 0, 0, 0, 0, 0, 0, 0, 0, 0, 0, 0, 0, 0, 0, 0, 0, 0, 0, 0, 0, 0, 0, 0, 0, 0, 0
  remuPEInst(1)(9): 0, 0, 0, 0, 0, 0, 0, 0, 0, 0, 0, 0, 0, 0, 0, 0, 0, 0, 0, 0, 0, 0, 0, 0, 0, 0, 0, 0, 0, 0, 0, 0, 0, 0, 0, 0, 0, 0, 0, 0, 0, 0, 0, 0, 0, 0, 0, 0, 0, 0, 0, 0, 0, 0, 0, 0, 0, 0, 0, 0, 0, 0, 0, 0
  remuPEInst(1)(10): 0, 0, 0, 0, 0, 0, 0, 0, 0, 0, 0, 0, 0, 0, 0, 0, 0, 0, 0, 0, 0, 0, 0, 0, 0, 0, 0, 0, 0, 0, 0, 0, 0, 0, 0, 0, 0, 0, 0, 0, 0, 0, 0, 0, 0, 0, 0, 0, 0, 0, 0, 0, 0, 0, 0, 0, 0, 0, 0, 0, 0, 0, 0, 0
  remuPEInst(1)(11): 0, 0, 0, 0, 0, 0, 0, 0, 0, 0, 0, 0, 0, 0, 0, 0, 0, 0, 0, 0, 0, 0, 0, 0, 0, 0, 0, 0, 0, 0, 0, 0, 0, 0, 0, 0, 0, 0, 0, 0, 0, 0, 0, 0, 0, 0, 0, 0, 0, 0, 0, 0, 0, 0, 0, 0, 0, 0, 0, 0, 0, 0, 0, 0
  remuPEInst(1)(12): 0, 0, 0, 0, 0, 0, 0, 0, 0, 0, 0, 0, 0, 0, 0, 0, 0, 0, 0, 0, 0, 0, 0, 0, 0, 0, 0, 0, 0, 0, 0, 0, 0, 0, 0, 0, 0, 0, 0, 0, 0, 0, 0, 0, 0, 0, 0, 0, 0, 0, 0, 0, 0, 0, 0, 0, 0, 0, 0, 0, 0, 0, 0, 0
  remuPEInst(1)(13): 0, 0, 0, 0, 0, 0, 0, 0, 0, 0, 0, 0, 0, 0, 0, 0, 0, 0, 0, 0, 0, 0, 0, 0, 0, 0, 0, 0, 0, 0, 0, 0, 0, 0, 0, 0, 0, 0, 0, 0, 0, 0, 0, 0, 0, 0, 0, 0, 0, 0, 0, 0, 0, 0, 0, 0, 0, 0, 0, 0, 0, 0, 0, 0
  remuPEInst(1)(14): 0, 0, 0, 0, 0, 0, 0, 0, 0, 0, 0, 0, 0, 0, 0, 0, 0, 0, 0, 0, 0, 0, 0, 0, 0, 0, 0, 0, 0, 0, 0, 0, 0, 0, 0, 0, 0, 0, 0, 0, 0, 0, 0, 0, 0, 0, 0, 0, 0, 0, 0, 0, 0, 0, 0, 0, 0, 0, 0, 0, 0, 0, 0, 0
  remuPEInst(1)(15): 0, 0, 0, 0, 0, 0, 0, 0, 0, 0, 0, 0, 0, 0, 0, 0, 0, 0, 0, 0, 0, 0, 0, 0, 0, 0, 0, 0, 0, 0, 0, 0, 0, 0, 0, 0, 0, 0, 0, 0, 0, 0, 0, 0, 0, 0, 0, 0, 0, 0, 0, 0, 0, 0, 0, 0, 0, 0, 0, 0, 0, 0, 0, 0

remuPEInst(2) Instructions:
  remuPEInst(2)(0): 0, 0, 1, 1, 0, 1, 0, 0, 0, 0, 0, 0, 0, 0, 0, 0, 1, 1, 0, 0, 0, 0, 0, 0, 0, 1, 1, 1, 1, 1, 1, 1, 0, 0, 0, 0, 0, 0, 0, 0, 0, 0, 0, 0, 0, 0, 0, 0, 0, 0, 0, 0, 0, 0, 0, 0, 0, 0, 0, 0, 0, 0, 0, 0
  remuPEInst(2)(1): 0, 0, 1, 1, 1, 0, 1, 0, 0, 0, 0, 0, 0, 0, 0, 0, 1, 0, 1, 0, 0, 0, 0, 0, 0, 1, 1, 1, 1, 1, 1, 1, 0, 0, 0, 0, 0, 0, 0, 0, 0, 0, 0, 0, 0, 0, 0, 0, 0, 0, 0, 0, 0, 0, 0, 0, 0, 0, 0, 0, 0, 0, 0, 0
  remuPEInst(2)(2): 0, 0, 0, 0, 0, 0, 0, 0, 0, 0, 0, 0, 0, 0, 0, 0, 0, 0, 0, 0, 0, 0, 0, 0, 0, 0, 0, 0, 0, 0, 0, 0, 0, 0, 0, 0, 0, 0, 0, 0, 0, 0, 0, 0, 0, 0, 0, 0, 0, 0, 0, 0, 0, 0, 0, 0, 0, 0, 0, 0, 0, 0, 0, 0
  remuPEInst(2)(3): 0, 0, 0, 0, 0, 0, 0, 0, 0, 0, 0, 0, 0, 0, 0, 0, 0, 0, 0, 0, 0, 0, 0, 0, 0, 0, 0, 0, 0, 0, 0, 0, 0, 0, 0, 0, 0, 0, 0, 0, 0, 0, 0, 0, 0, 0, 0, 0, 0, 0, 0, 0, 0, 0, 0, 0, 0, 0, 0, 0, 0, 0, 0, 0
  remuPEInst(2)(4): 0, 0, 0, 0, 0, 0, 0, 0, 0, 0, 0, 0, 0, 0, 0, 0, 0, 0, 0, 0, 0, 0, 0, 0, 0, 0, 0, 0, 0, 0, 0, 0, 0, 0, 0, 0, 0, 0, 0, 0, 0, 0, 0, 0, 0, 0, 0, 0, 0, 0, 0, 0, 0, 0, 0, 0, 0, 0, 0, 0, 0, 0, 0, 0
  remuPEInst(2)(5): 0, 0, 0, 0, 0, 0, 0, 0, 0, 0, 0, 0, 0, 0, 0, 0, 0, 0, 0, 0, 0, 0, 0, 0, 0, 0, 0, 0, 0, 0, 0, 0, 0, 0, 0, 0, 0, 0, 0, 0, 0, 0, 0, 0, 0, 0, 0, 0, 0, 0, 0, 0, 0, 0, 0, 0, 0, 0, 0, 0, 0, 0, 0, 0
  remuPEInst(2)(6): 0, 0, 0, 0, 0, 0, 0, 0, 0, 0, 0, 0, 0, 0, 0, 0, 0, 0, 0, 0, 0, 0, 0, 0, 0, 0, 0, 0, 0, 0, 0, 0, 0, 0, 0, 0, 0, 0, 0, 0, 0, 0, 0, 0, 0, 0, 0, 0, 0, 0, 0, 0, 0, 0, 0, 0, 0, 0, 0, 0, 0, 0, 0, 0
  remuPEInst(2)(7): 0, 0, 0, 0, 0, 0, 0, 0, 0, 0, 0, 0, 0, 0, 0, 0, 0, 0, 0, 0, 0, 0, 0, 0, 0, 0, 0, 0, 0, 0, 0, 0, 0, 0, 0, 0, 0, 0, 0, 0, 0, 0, 0, 0, 0, 0, 0, 0, 0, 0, 0, 0, 0, 0, 0, 0, 0, 0, 0, 0, 0, 0, 0, 0
  remuPEInst(2)(8): 0, 0, 0, 0, 0, 0, 0, 0, 0, 0, 0, 0, 0, 0, 0, 0, 0, 0, 0, 0, 0, 0, 0, 0, 0, 0, 0, 0, 0, 0, 0, 0, 0, 0, 0, 0, 0, 0, 0, 0, 0, 0, 0, 0, 0, 0, 0, 0, 0, 0, 0, 0, 0, 0, 0, 0, 0, 0, 0, 0, 0, 0, 0, 0
  remuPEInst(2)(9): 0, 0, 0, 0, 0, 0, 0, 0, 0, 0, 0, 0, 0, 0, 0, 0, 0, 0, 0, 0, 0, 0, 0, 0, 0, 0, 0, 0, 0, 0, 0, 0, 0, 0, 0, 0, 0, 0, 0, 0, 0, 0, 0, 0, 0, 0, 0, 0, 0, 0, 0, 0, 0, 0, 0, 0, 0, 0, 0, 0, 0, 0, 0, 0
  remuPEInst(2)(10): 0, 0, 0, 0, 0, 0, 0, 0, 0, 0, 0, 0, 0, 0, 0, 0, 0, 0, 0, 0, 0, 0, 0, 0, 0, 0, 0, 0, 0, 0, 0, 0, 0, 0, 0, 0, 0, 0, 0, 0, 0, 0, 0, 0, 0, 0, 0, 0, 0, 0, 0, 0, 0, 0, 0, 0, 0, 0, 0, 0, 0, 0, 0, 0
  remuPEInst(2)(11): 0, 0, 0, 0, 0, 0, 0, 0, 0, 0, 0, 0, 0, 0, 0, 0, 0, 0, 0, 0, 0, 0, 0, 0, 0, 0, 0, 0, 0, 0, 0, 0, 0, 0, 0, 0, 0, 0, 0, 0, 0, 0, 0, 0, 0, 0, 0, 0, 0, 0, 0, 0, 0, 0, 0, 0, 0, 0, 0, 0, 0, 0, 0, 0
  remuPEInst(2)(12): 0, 0, 0, 0, 0, 0, 0, 0, 0, 0, 0, 0, 0, 0, 0, 0, 0, 0, 0, 0, 0, 0, 0, 0, 0, 0, 0, 0, 0, 0, 0, 0, 0, 0, 0, 0, 0, 0, 0, 0, 0, 0, 0, 0, 0, 0, 0, 0, 0, 0, 0, 0, 0, 0, 0, 0, 0, 0, 0, 0, 0, 0, 0, 0
  remuPEInst(2)(13): 0, 0, 0, 0, 0, 0, 0, 0, 0, 0, 0, 0, 0, 0, 0, 0, 0, 0, 0, 0, 0, 0, 0, 0, 0, 0, 0, 0, 0, 0, 0, 0, 0, 0, 0, 0, 0, 0, 0, 0, 0, 0, 0, 0, 0, 0, 0, 0, 0, 0, 0, 0, 0, 0, 0, 0, 0, 0, 0, 0, 0, 0, 0, 0
  remuPEInst(2)(14): 0, 0, 0, 0, 0, 0, 0, 0, 0, 0, 0, 0, 0, 0, 0, 0, 0, 0, 0, 0, 0, 0, 0, 0, 0, 0, 0, 0, 0, 0, 0, 0, 0, 0, 0, 0, 0, 0, 0, 0, 0, 0, 0, 0, 0, 0, 0, 0, 0, 0, 0, 0, 0, 0, 0, 0, 0, 0, 0, 0, 0, 0, 0, 0
  remuPEInst(2)(15): 0, 0, 0, 0, 0, 0, 0, 0, 0, 0, 0, 0, 0, 0, 0, 0, 0, 0, 0, 0, 0, 0, 0, 0, 0, 0, 0, 0, 0, 0, 0, 0, 0, 0, 0, 0, 0, 0, 0, 0, 0, 0, 0, 0, 0, 0, 0, 0, 0, 0, 0, 0, 0, 0, 0, 0, 0, 0, 0, 0, 0, 0, 0, 0

remuPEInst(3) Instructions:
  remuPEInst(3)(0): 1, 0, 0, 0, 0, 1, 0, 0, 0, 0, 0, 0, 0, 0, 0, 0, 0, 1, 0, 1, 0, 1, 0, 0, 0, 1, 1, 1, 1, 1, 1, 1, 0, 0, 0, 0, 0, 0, 0, 0, 0, 0, 0, 0, 0, 0, 0, 0, 0, 0, 0, 0, 0, 0, 0, 0, 0, 0, 0, 0, 0, 0, 0, 0
  remuPEInst(3)(1): 0, 0, 0, 0, 0, 0, 0, 0, 0, 0, 0, 0, 0, 0, 0, 0, 0, 0, 0, 0, 0, 0, 0, 0, 0, 0, 0, 0, 0, 0, 0, 0, 0, 0, 0, 0, 0, 0, 0, 0, 0, 0, 0, 0, 0, 0, 0, 0, 0, 0, 0, 0, 0, 0, 0, 0, 0, 0, 0, 0, 0, 0, 0, 0
  remuPEInst(3)(2): 0, 0, 0, 0, 0, 0, 0, 0, 0, 0, 0, 0, 0, 0, 0, 0, 0, 0, 0, 0, 0, 0, 0, 0, 0, 0, 0, 0, 0, 0, 0, 0, 0, 0, 0, 0, 0, 0, 0, 0, 0, 0, 0, 0, 0, 0, 0, 0, 0, 0, 0, 0, 0, 0, 0, 0, 0, 0, 0, 0, 0, 0, 0, 0
  remuPEInst(3)(3): 0, 0, 0, 0, 0, 0, 0, 0, 0, 0, 0, 0, 0, 0, 0, 0, 0, 0, 0, 0, 0, 0, 0, 0, 0, 0, 0, 0, 0, 0, 0, 0, 0, 0, 0, 0, 0, 0, 0, 0, 0, 0, 0, 0, 0, 0, 0, 0, 0, 0, 0, 0, 0, 0, 0, 0, 0, 0, 0, 0, 0, 0, 0, 0
  remuPEInst(3)(4): 0, 0, 0, 0, 0, 0, 0, 0, 0, 0, 0, 0, 0, 0, 0, 0, 0, 0, 0, 0, 0, 0, 0, 0, 0, 0, 0, 0, 0, 0, 0, 0, 0, 0, 0, 0, 0, 0, 0, 0, 0, 0, 0, 0, 0, 0, 0, 0, 0, 0, 0, 0, 0, 0, 0, 0, 0, 0, 0, 0, 0, 0, 0, 0
  remuPEInst(3)(5): 0, 0, 0, 0, 0, 0, 0, 0, 0, 0, 0, 0, 0, 0, 0, 0, 0, 0, 0, 0, 0, 0, 0, 0, 0, 0, 0, 0, 0, 0, 0, 0, 0, 0, 0, 0, 0, 0, 0, 0, 0, 0, 0, 0, 0, 0, 0, 0, 0, 0, 0, 0, 0, 0, 0, 0, 0, 0, 0, 0, 0, 0, 0, 0
  remuPEInst(3)(6): 0, 0, 0, 0, 0, 0, 0, 0, 0, 0, 0, 0, 0, 0, 0, 0, 0, 0, 0, 0, 0, 0, 0, 0, 0, 0, 0, 0, 0, 0, 0, 0, 0, 0, 0, 0, 0, 0, 0, 0, 0, 0, 0, 0, 0, 0, 0, 0, 0, 0, 0, 0, 0, 0, 0, 0, 0, 0, 0, 0, 0, 0, 0, 0
  remuPEInst(3)(7): 0, 0, 0, 0, 0, 0, 0, 0, 0, 0, 0, 0, 0, 0, 0, 0, 0, 0, 0, 0, 0, 0, 0, 0, 0, 0, 0, 0, 0, 0, 0, 0, 0, 0, 0, 0, 0, 0, 0, 0, 0, 0, 0, 0, 0, 0, 0, 0, 0, 0, 0, 0, 0, 0, 0, 0, 0, 0, 0, 0, 0, 0, 0, 0
  remuPEInst(3)(8): 0, 0, 0, 0, 0, 0, 0, 0, 0, 0, 0, 0, 0, 0, 0, 0, 0, 0, 0, 0, 0, 0, 0, 0, 0, 0, 0, 0, 0, 0, 0, 0, 0, 0, 0, 0, 0, 0, 0, 0, 0, 0, 0, 0, 0, 0, 0, 0, 0, 0, 0, 0, 0, 0, 0, 0, 0, 0, 0, 0, 0, 0, 0, 0
  remuPEInst(3)(9): 0, 0, 0, 0, 0, 0, 0, 0, 0, 0, 0, 0, 0, 0, 0, 0, 0, 0, 0, 0, 0, 0, 0, 0, 0, 0, 0, 0, 0, 0, 0, 0, 0, 0, 0, 0, 0, 0, 0, 0, 0, 0, 0, 0, 0, 0, 0, 0, 0, 0, 0, 0, 0, 0, 0, 0, 0, 0, 0, 0, 0, 0, 0, 0
  remuPEInst(3)(10): 0, 0, 0, 0, 0, 0, 0, 0, 0, 0, 0, 0, 0, 0, 0, 0, 0, 0, 0, 0, 0, 0, 0, 0, 0, 0, 0, 0, 0, 0, 0, 0, 0, 0, 0, 0, 0, 0, 0, 0, 0, 0, 0, 0, 0, 0, 0, 0, 0, 0, 0, 0, 0, 0, 0, 0, 0, 0, 0, 0, 0, 0, 0, 0
  remuPEInst(3)(11): 0, 0, 0, 0, 0, 0, 0, 0, 0, 0, 0, 0, 0, 0, 0, 0, 0, 0, 0, 0, 0, 0, 0, 0, 0, 0, 0, 0, 0, 0, 0, 0, 0, 0, 0, 0, 0, 0, 0, 0, 0, 0, 0, 0, 0, 0, 0, 0, 0, 0, 0, 0, 0, 0, 0, 0, 0, 0, 0, 0, 0, 0, 0, 0
  remuPEInst(3)(12): 0, 0, 0, 0, 0, 0, 0, 0, 0, 0, 0, 0, 0, 0, 0, 0, 0, 0, 0, 0, 0, 0, 0, 0, 0, 0, 0, 0, 0, 0, 0, 0, 0, 0, 0, 0, 0, 0, 0, 0, 0, 0, 0, 0, 0, 0, 0, 0, 0, 0, 0, 0, 0, 0, 0, 0, 0, 0, 0, 0, 0, 0, 0, 0
  remuPEInst(3)(13): 0, 0, 0, 0, 0, 0, 0, 0, 0, 0, 0, 0, 0, 0, 0, 0, 0, 0, 0, 0, 0, 0, 0, 0, 0, 0, 0, 0, 0, 0, 0, 0, 0, 0, 0, 0, 0, 0, 0, 0, 0, 0, 0, 0, 0, 0, 0, 0, 0, 0, 0, 0, 0, 0, 0, 0, 0, 0, 0, 0, 0, 0, 0, 0
  remuPEInst(3)(14): 0, 0, 0, 0, 0, 0, 0, 0, 0, 0, 0, 0, 0, 0, 0, 0, 0, 0, 0, 0, 0, 0, 0, 0, 0, 0, 0, 0, 0, 0, 0, 0, 0, 0, 0, 0, 0, 0, 0, 0, 0, 0, 0, 0, 0, 0, 0, 0, 0, 0, 0, 0, 0, 0, 0, 0, 0, 0, 0, 0, 0, 0, 0, 0
  remuPEInst(3)(15): 0, 0, 0, 0, 0, 0, 0, 0, 0, 0, 0, 0, 0, 0, 0, 0, 0, 0, 0, 0, 0, 0, 0, 0, 0, 0, 0, 0, 0, 0, 0, 0, 0, 0, 0, 0, 0, 0, 0, 0, 0, 0, 0, 0, 0, 0, 0, 0, 0, 0, 0, 0, 0, 0, 0, 0, 0, 0, 0, 0, 0, 0, 0, 0

remuPEInst(4) Instructions:
  remuPEInst(4)(0): 0, 1, 1, 1, 1, 0, 0, 0, 0, 0, 0, 0, 0, 0, 0, 0, 0, 1, 0, 1, 0, 1, 0, 0, 0, 1, 1, 1, 1, 1, 1, 1, 0, 0, 0, 0, 0, 0, 0, 0, 0, 0, 0, 0, 0, 0, 0, 0, 0, 0, 0, 0, 0, 0, 0, 0, 0, 0, 0, 0, 0, 0, 0, 0
  remuPEInst(4)(1): 1, 1, 1, 0, 0, 0, 1, 0, 0, 0, 0, 0, 0, 0, 0, 0, 1, 0, 1, 0, 0, 0, 0, 0, 0, 1, 1, 1, 1, 1, 1, 1, 1, 0, 0, 0, 0, 0, 0, 0, 0, 0, 0, 0, 0, 0, 0, 0, 0, 0, 0, 0, 0, 0, 0, 0, 0, 0, 0, 0, 0, 0, 0, 0
  remuPEInst(4)(2): 0, 0, 0, 0, 0, 1, 1, 0, 0, 0, 0, 0, 0, 0, 0, 0, 1, 0, 1, 0, 0, 0, 0, 0, 0, 1, 1, 1, 1, 1, 1, 1, 0, 0, 0, 0, 0, 0, 0, 0, 0, 0, 0, 0, 0, 0, 0, 0, 0, 0, 0, 0, 0, 0, 0, 0, 0, 0, 0, 0, 0, 0, 0, 0
  remuPEInst(4)(3): 0, 0, 0, 0, 0, 0, 0, 0, 0, 0, 0, 0, 0, 0, 0, 0, 0, 0, 0, 0, 0, 0, 0, 0, 0, 0, 0, 0, 0, 0, 0, 0, 0, 0, 0, 0, 0, 0, 0, 0, 0, 0, 0, 0, 0, 0, 0, 0, 0, 0, 0, 0, 0, 0, 0, 0, 0, 0, 0, 0, 0, 0, 0, 0
  remuPEInst(4)(4): 0, 0, 0, 0, 0, 0, 0, 0, 0, 0, 0, 0, 0, 0, 0, 0, 0, 0, 0, 0, 0, 0, 0, 0, 0, 0, 0, 0, 0, 0, 0, 0, 0, 0, 0, 0, 0, 0, 0, 0, 0, 0, 0, 0, 0, 0, 0, 0, 0, 0, 0, 0, 0, 0, 0, 0, 0, 0, 0, 0, 0, 0, 0, 0
  remuPEInst(4)(5): 0, 0, 0, 0, 0, 0, 0, 0, 0, 0, 0, 0, 0, 0, 0, 0, 0, 0, 0, 0, 0, 0, 0, 0, 0, 0, 0, 0, 0, 0, 0, 0, 0, 0, 0, 0, 0, 0, 0, 0, 0, 0, 0, 0, 0, 0, 0, 0, 0, 0, 0, 0, 0, 0, 0, 0, 0, 0, 0, 0, 0, 0, 0, 0
  remuPEInst(4)(6): 0, 0, 0, 0, 0, 0, 0, 0, 0, 0, 0, 0, 0, 0, 0, 0, 0, 0, 0, 0, 0, 0, 0, 0, 0, 0, 0, 0, 0, 0, 0, 0, 0, 0, 0, 0, 0, 0, 0, 0, 0, 0, 0, 0, 0, 0, 0, 0, 0, 0, 0, 0, 0, 0, 0, 0, 0, 0, 0, 0, 0, 0, 0, 0
  remuPEInst(4)(7): 0, 0, 0, 0, 0, 0, 0, 0, 0, 0, 0, 0, 0, 0, 0, 0, 0, 0, 0, 0, 0, 0, 0, 0, 0, 0, 0, 0, 0, 0, 0, 0, 0, 0, 0, 0, 0, 0, 0, 0, 0, 0, 0, 0, 0, 0, 0, 0, 0, 0, 0, 0, 0, 0, 0, 0, 0, 0, 0, 0, 0, 0, 0, 0
  remuPEInst(4)(8): 0, 0, 0, 0, 0, 0, 0, 0, 0, 0, 0, 0, 0, 0, 0, 0, 0, 0, 0, 0, 0, 0, 0, 0, 0, 0, 0, 0, 0, 0, 0, 0, 0, 0, 0, 0, 0, 0, 0, 0, 0, 0, 0, 0, 0, 0, 0, 0, 0, 0, 0, 0, 0, 0, 0, 0, 0, 0, 0, 0, 0, 0, 0, 0
  remuPEInst(4)(9): 0, 0, 0, 0, 0, 0, 0, 0, 0, 0, 0, 0, 0, 0, 0, 0, 0, 0, 0, 0, 0, 0, 0, 0, 0, 0, 0, 0, 0, 0, 0, 0, 0, 0, 0, 0, 0, 0, 0, 0, 0, 0, 0, 0, 0, 0, 0, 0, 0, 0, 0, 0, 0, 0, 0, 0, 0, 0, 0, 0, 0, 0, 0, 0
  remuPEInst(4)(10): 0, 0, 0, 0, 0, 0, 0, 0, 0, 0, 0, 0, 0, 0, 0, 0, 0, 0, 0, 0, 0, 0, 0, 0, 0, 0, 0, 0, 0, 0, 0, 0, 0, 0, 0, 0, 0, 0, 0, 0, 0, 0, 0, 0, 0, 0, 0, 0, 0, 0, 0, 0, 0, 0, 0, 0, 0, 0, 0, 0, 0, 0, 0, 0
  remuPEInst(4)(11): 0, 0, 0, 0, 0, 0, 0, 0, 0, 0, 0, 0, 0, 0, 0, 0, 0, 0, 0, 0, 0, 0, 0, 0, 0, 0, 0, 0, 0, 0, 0, 0, 0, 0, 0, 0, 0, 0, 0, 0, 0, 0, 0, 0, 0, 0, 0, 0, 0, 0, 0, 0, 0, 0, 0, 0, 0, 0, 0, 0, 0, 0, 0, 0
  remuPEInst(4)(12): 0, 0, 0, 0, 0, 0, 0, 0, 0, 0, 0, 0, 0, 0, 0, 0, 0, 0, 0, 0, 0, 0, 0, 0, 0, 0, 0, 0, 0, 0, 0, 0, 0, 0, 0, 0, 0, 0, 0, 0, 0, 0, 0, 0, 0, 0, 0, 0, 0, 0, 0, 0, 0, 0, 0, 0, 0, 0, 0, 0, 0, 0, 0, 0
  remuPEInst(4)(13): 0, 0, 0, 0, 0, 0, 0, 0, 0, 0, 0, 0, 0, 0, 0, 0, 0, 0, 0, 0, 0, 0, 0, 0, 0, 0, 0, 0, 0, 0, 0, 0, 0, 0, 0, 0, 0, 0, 0, 0, 0, 0, 0, 0, 0, 0, 0, 0, 0, 0, 0, 0, 0, 0, 0, 0, 0, 0, 0, 0, 0, 0, 0, 0
  remuPEInst(4)(14): 0, 0, 0, 0, 0, 0, 0, 0, 0, 0, 0, 0, 0, 0, 0, 0, 0, 0, 0, 0, 0, 0, 0, 0, 0, 0, 0, 0, 0, 0, 0, 0, 0, 0, 0, 0, 0, 0, 0, 0, 0, 0, 0, 0, 0, 0, 0, 0, 0, 0, 0, 0, 0, 0, 0, 0, 0, 0, 0, 0, 0, 0, 0, 0
  remuPEInst(4)(15): 0, 0, 0, 0, 0, 0, 0, 0, 0, 0, 0, 0, 0, 0, 0, 0, 0, 0, 0, 0, 0, 0, 0, 0, 0, 0, 0, 0, 0, 0, 0, 0, 0, 0, 0, 0, 0, 0, 0, 0, 0, 0, 0, 0, 0, 0, 0, 0, 0, 0, 0, 0, 0, 0, 0, 0, 0, 0, 0, 0, 0, 0, 0, 0

remuPEInst(5) Instructions:
  remuPEInst(5)(0): 0, 0, 0, 0, 0, 1, 0, 0, 0, 0, 0, 0, 0, 0, 0, 0, 0, 1, 0, 1, 0, 1, 0, 0, 0, 1, 1, 1, 1, 1, 1, 1, 0, 0, 0, 0, 0, 0, 0, 0, 0, 0, 0, 0, 0, 0, 0, 0, 0, 0, 0, 0, 0, 0, 0, 0, 0, 0, 0, 0, 0, 0, 0, 0
  remuPEInst(5)(1): 0, 1, 0, 0, 1, 1, 0, 0, 0, 0, 0, 0, 0, 0, 0, 0, 1, 0, 1, 1, 0, 0, 0, 0, 0, 1, 1, 1, 1, 1, 1, 1, 0, 1, 0, 0, 1, 1, 0, 0, 0, 0, 0, 0, 0, 0, 0, 0, 0, 0, 0, 0, 0, 0, 0, 0, 0, 0, 0, 0, 0, 0, 0, 0
  remuPEInst(5)(2): 0, 0, 0, 1, 1, 1, 0, 0, 0, 0, 0, 0, 0, 0, 0, 0, 0, 1, 0, 0, 0, 0, 0, 0, 0, 0, 1, 1, 1, 1, 1, 1, 0, 0, 0, 0, 0, 0, 0, 0, 0, 0, 0, 0, 0, 0, 0, 0, 0, 0, 0, 0, 0, 0, 0, 0, 0, 0, 0, 0, 0, 0, 0, 0
  remuPEInst(5)(3): 0, 0, 0, 0, 0, 0, 0, 0, 0, 0, 0, 0, 0, 0, 0, 0, 0, 0, 0, 0, 0, 0, 0, 0, 0, 0, 0, 0, 0, 0, 0, 0, 0, 0, 0, 0, 0, 0, 0, 0, 0, 0, 0, 0, 0, 0, 0, 0, 0, 0, 0, 0, 0, 0, 0, 0, 0, 0, 0, 0, 0, 0, 0, 0
  remuPEInst(5)(4): 0, 0, 0, 0, 0, 0, 0, 0, 0, 0, 0, 0, 0, 0, 0, 0, 0, 0, 0, 0, 0, 0, 0, 0, 0, 0, 0, 0, 0, 0, 0, 0, 0, 0, 0, 0, 0, 0, 0, 0, 0, 0, 0, 0, 0, 0, 0, 0, 0, 0, 0, 0, 0, 0, 0, 0, 0, 0, 0, 0, 0, 0, 0, 0
  remuPEInst(5)(5): 0, 0, 0, 0, 0, 0, 0, 0, 0, 0, 0, 0, 0, 0, 0, 0, 0, 0, 0, 0, 0, 0, 0, 0, 0, 0, 0, 0, 0, 0, 0, 0, 0, 0, 0, 0, 0, 0, 0, 0, 0, 0, 0, 0, 0, 0, 0, 0, 0, 0, 0, 0, 0, 0, 0, 0, 0, 0, 0, 0, 0, 0, 0, 0
  remuPEInst(5)(6): 0, 0, 0, 0, 0, 0, 0, 0, 0, 0, 0, 0, 0, 0, 0, 0, 0, 0, 0, 0, 0, 0, 0, 0, 0, 0, 0, 0, 0, 0, 0, 0, 0, 0, 0, 0, 0, 0, 0, 0, 0, 0, 0, 0, 0, 0, 0, 0, 0, 0, 0, 0, 0, 0, 0, 0, 0, 0, 0, 0, 0, 0, 0, 0
  remuPEInst(5)(7): 0, 0, 0, 0, 0, 0, 0, 0, 0, 0, 0, 0, 0, 0, 0, 0, 0, 0, 0, 0, 0, 0, 0, 0, 0, 0, 0, 0, 0, 0, 0, 0, 0, 0, 0, 0, 0, 0, 0, 0, 0, 0, 0, 0, 0, 0, 0, 0, 0, 0, 0, 0, 0, 0, 0, 0, 0, 0, 0, 0, 0, 0, 0, 0
  remuPEInst(5)(8): 0, 0, 0, 0, 0, 0, 0, 0, 0, 0, 0, 0, 0, 0, 0, 0, 0, 0, 0, 0, 0, 0, 0, 0, 0, 0, 0, 0, 0, 0, 0, 0, 0, 0, 0, 0, 0, 0, 0, 0, 0, 0, 0, 0, 0, 0, 0, 0, 0, 0, 0, 0, 0, 0, 0, 0, 0, 0, 0, 0, 0, 0, 0, 0
  remuPEInst(5)(9): 0, 0, 0, 0, 0, 0, 0, 0, 0, 0, 0, 0, 0, 0, 0, 0, 0, 0, 0, 0, 0, 0, 0, 0, 0, 0, 0, 0, 0, 0, 0, 0, 0, 0, 0, 0, 0, 0, 0, 0, 0, 0, 0, 0, 0, 0, 0, 0, 0, 0, 0, 0, 0, 0, 0, 0, 0, 0, 0, 0, 0, 0, 0, 0
  remuPEInst(5)(10): 0, 0, 0, 0, 0, 0, 0, 0, 0, 0, 0, 0, 0, 0, 0, 0, 0, 0, 0, 0, 0, 0, 0, 0, 0, 0, 0, 0, 0, 0, 0, 0, 0, 0, 0, 0, 0, 0, 0, 0, 0, 0, 0, 0, 0, 0, 0, 0, 0, 0, 0, 0, 0, 0, 0, 0, 0, 0, 0, 0, 0, 0, 0, 0
  remuPEInst(5)(11): 0, 0, 0, 0, 0, 0, 0, 0, 0, 0, 0, 0, 0, 0, 0, 0, 0, 0, 0, 0, 0, 0, 0, 0, 0, 0, 0, 0, 0, 0, 0, 0, 0, 0, 0, 0, 0, 0, 0, 0, 0, 0, 0, 0, 0, 0, 0, 0, 0, 0, 0, 0, 0, 0, 0, 0, 0, 0, 0, 0, 0, 0, 0, 0
  remuPEInst(5)(12): 0, 0, 0, 0, 0, 0, 0, 0, 0, 0, 0, 0, 0, 0, 0, 0, 0, 0, 0, 0, 0, 0, 0, 0, 0, 0, 0, 0, 0, 0, 0, 0, 0, 0, 0, 0, 0, 0, 0, 0, 0, 0, 0, 0, 0, 0, 0, 0, 0, 0, 0, 0, 0, 0, 0, 0, 0, 0, 0, 0, 0, 0, 0, 0
  remuPEInst(5)(13): 0, 0, 0, 0, 0, 0, 0, 0, 0, 0, 0, 0, 0, 0, 0, 0, 0, 0, 0, 0, 0, 0, 0, 0, 0, 0, 0, 0, 0, 0, 0, 0, 0, 0, 0, 0, 0, 0, 0, 0, 0, 0, 0, 0, 0, 0, 0, 0, 0, 0, 0, 0, 0, 0, 0, 0, 0, 0, 0, 0, 0, 0, 0, 0
  remuPEInst(5)(14): 0, 0, 0, 0, 0, 0, 0, 0, 0, 0, 0, 0, 0, 0, 0, 0, 0, 0, 0, 0, 0, 0, 0, 0, 0, 0, 0, 0, 0, 0, 0, 0, 0, 0, 0, 0, 0, 0, 0, 0, 0, 0, 0, 0, 0, 0, 0, 0, 0, 0, 0, 0, 0, 0, 0, 0, 0, 0, 0, 0, 0, 0, 0, 0
  remuPEInst(5)(15): 0, 0, 0, 0, 0, 0, 0, 0, 0, 0, 0, 0, 0, 0, 0, 0, 0, 0, 0, 0, 0, 0, 0, 0, 0, 0, 0, 0, 0, 0, 0, 0, 0, 0, 0, 0, 0, 0, 0, 0, 0, 0, 0, 0, 0, 0, 0, 0, 0, 0, 0, 0, 0, 0, 0, 0, 0, 0, 0, 0, 0, 0, 0, 0

remuPEInst(6) Instructions:
  remuPEInst(6)(0): 0, 0, 0, 0, 0, 0, 0, 0, 0, 0, 0, 0, 0, 0, 0, 0, 0, 0, 0, 0, 0, 0, 0, 0, 0, 0, 0, 0, 0, 0, 0, 0, 0, 0, 0, 0, 0, 0, 0, 0, 0, 0, 0, 0, 0, 0, 0, 0, 0, 0, 0, 0, 0, 0, 0, 0, 0, 0, 0, 0, 0, 0, 0, 0
  remuPEInst(6)(1): 0, 0, 0, 0, 0, 0, 0, 0, 0, 0, 0, 0, 0, 0, 0, 0, 0, 0, 0, 0, 0, 0, 0, 0, 0, 0, 0, 0, 0, 0, 0, 0, 0, 0, 0, 0, 0, 0, 0, 0, 0, 0, 0, 0, 0, 0, 0, 0, 0, 0, 0, 0, 0, 0, 0, 0, 0, 0, 0, 0, 0, 0, 0, 0
  remuPEInst(6)(2): 0, 0, 0, 0, 0, 0, 0, 0, 0, 0, 0, 0, 0, 0, 0, 0, 0, 0, 0, 0, 0, 0, 0, 0, 0, 0, 0, 0, 0, 0, 0, 0, 0, 0, 0, 0, 0, 0, 0, 0, 0, 0, 0, 0, 0, 0, 0, 0, 0, 0, 0, 0, 0, 0, 0, 0, 0, 0, 0, 0, 0, 0, 0, 0
  remuPEInst(6)(3): 0, 0, 0, 0, 0, 0, 0, 0, 0, 0, 0, 0, 0, 0, 0, 0, 0, 0, 0, 0, 0, 0, 0, 0, 0, 0, 0, 0, 0, 0, 0, 0, 0, 0, 0, 0, 0, 0, 0, 0, 0, 0, 0, 0, 0, 0, 0, 0, 0, 0, 0, 0, 0, 0, 0, 0, 0, 0, 0, 0, 0, 0, 0, 0
  remuPEInst(6)(4): 0, 0, 0, 0, 0, 0, 0, 0, 0, 0, 0, 0, 0, 0, 0, 0, 0, 0, 0, 0, 0, 0, 0, 0, 0, 0, 0, 0, 0, 0, 0, 0, 0, 0, 0, 0, 0, 0, 0, 0, 0, 0, 0, 0, 0, 0, 0, 0, 0, 0, 0, 0, 0, 0, 0, 0, 0, 0, 0, 0, 0, 0, 0, 0
  remuPEInst(6)(5): 0, 0, 0, 0, 0, 0, 0, 0, 0, 0, 0, 0, 0, 0, 0, 0, 0, 0, 0, 0, 0, 0, 0, 0, 0, 0, 0, 0, 0, 0, 0, 0, 0, 0, 0, 0, 0, 0, 0, 0, 0, 0, 0, 0, 0, 0, 0, 0, 0, 0, 0, 0, 0, 0, 0, 0, 0, 0, 0, 0, 0, 0, 0, 0
  remuPEInst(6)(6): 0, 0, 0, 0, 0, 0, 0, 0, 0, 0, 0, 0, 0, 0, 0, 0, 0, 0, 0, 0, 0, 0, 0, 0, 0, 0, 0, 0, 0, 0, 0, 0, 0, 0, 0, 0, 0, 0, 0, 0, 0, 0, 0, 0, 0, 0, 0, 0, 0, 0, 0, 0, 0, 0, 0, 0, 0, 0, 0, 0, 0, 0, 0, 0
  remuPEInst(6)(7): 0, 0, 0, 0, 0, 0, 0, 0, 0, 0, 0, 0, 0, 0, 0, 0, 0, 0, 0, 0, 0, 0, 0, 0, 0, 0, 0, 0, 0, 0, 0, 0, 0, 0, 0, 0, 0, 0, 0, 0, 0, 0, 0, 0, 0, 0, 0, 0, 0, 0, 0, 0, 0, 0, 0, 0, 0, 0, 0, 0, 0, 0, 0, 0
  remuPEInst(6)(8): 0, 0, 0, 0, 0, 0, 0, 0, 0, 0, 0, 0, 0, 0, 0, 0, 0, 0, 0, 0, 0, 0, 0, 0, 0, 0, 0, 0, 0, 0, 0, 0, 0, 0, 0, 0, 0, 0, 0, 0, 0, 0, 0, 0, 0, 0, 0, 0, 0, 0, 0, 0, 0, 0, 0, 0, 0, 0, 0, 0, 0, 0, 0, 0
  remuPEInst(6)(9): 0, 0, 0, 0, 0, 0, 0, 0, 0, 0, 0, 0, 0, 0, 0, 0, 0, 0, 0, 0, 0, 0, 0, 0, 0, 0, 0, 0, 0, 0, 0, 0, 0, 0, 0, 0, 0, 0, 0, 0, 0, 0, 0, 0, 0, 0, 0, 0, 0, 0, 0, 0, 0, 0, 0, 0, 0, 0, 0, 0, 0, 0, 0, 0
  remuPEInst(6)(10): 0, 0, 0, 0, 0, 0, 0, 0, 0, 0, 0, 0, 0, 0, 0, 0, 0, 0, 0, 0, 0, 0, 0, 0, 0, 0, 0, 0, 0, 0, 0, 0, 0, 0, 0, 0, 0, 0, 0, 0, 0, 0, 0, 0, 0, 0, 0, 0, 0, 0, 0, 0, 0, 0, 0, 0, 0, 0, 0, 0, 0, 0, 0, 0
  remuPEInst(6)(11): 0, 0, 0, 0, 0, 0, 0, 0, 0, 0, 0, 0, 0, 0, 0, 0, 0, 0, 0, 0, 0, 0, 0, 0, 0, 0, 0, 0, 0, 0, 0, 0, 0, 0, 0, 0, 0, 0, 0, 0, 0, 0, 0, 0, 0, 0, 0, 0, 0, 0, 0, 0, 0, 0, 0, 0, 0, 0, 0, 0, 0, 0, 0, 0
  remuPEInst(6)(12): 0, 0, 0, 0, 0, 0, 0, 0, 0, 0, 0, 0, 0, 0, 0, 0, 0, 0, 0, 0, 0, 0, 0, 0, 0, 0, 0, 0, 0, 0, 0, 0, 0, 0, 0, 0, 0, 0, 0, 0, 0, 0, 0, 0, 0, 0, 0, 0, 0, 0, 0, 0, 0, 0, 0, 0, 0, 0, 0, 0, 0, 0, 0, 0
  remuPEInst(6)(13): 0, 0, 0, 0, 0, 0, 0, 0, 0, 0, 0, 0, 0, 0, 0, 0, 0, 0, 0, 0, 0, 0, 0, 0, 0, 0, 0, 0, 0, 0, 0, 0, 0, 0, 0, 0, 0, 0, 0, 0, 0, 0, 0, 0, 0, 0, 0, 0, 0, 0, 0, 0, 0, 0, 0, 0, 0, 0, 0, 0, 0, 0, 0, 0
  remuPEInst(6)(14): 0, 0, 0, 0, 0, 0, 0, 0, 0, 0, 0, 0, 0, 0, 0, 0, 0, 0, 0, 0, 0, 0, 0, 0, 0, 0, 0, 0, 0, 0, 0, 0, 0, 0, 0, 0, 0, 0, 0, 0, 0, 0, 0, 0, 0, 0, 0, 0, 0, 0, 0, 0, 0, 0, 0, 0, 0, 0, 0, 0, 0, 0, 0, 0
  remuPEInst(6)(15): 0, 0, 0, 0, 0, 0, 0, 0, 0, 0, 0, 0, 0, 0, 0, 0, 0, 0, 0, 0, 0, 0, 0, 0, 0, 0, 0, 0, 0, 0, 0, 0, 0, 0, 0, 0, 0, 0, 0, 0, 0, 0, 0, 0, 0, 0, 0, 0, 0, 0, 0, 0, 0, 0, 0, 0, 0, 0, 0, 0, 0, 0, 0, 0

remuPEInst(7) Instructions:
  remuPEInst(7)(0): 0, 1, 1, 0, 1, 0, 1, 0, 0, 0, 0, 0, 0, 0, 0, 0, 1, 0, 1, 0, 0, 0, 0, 0, 0, 1, 1, 1, 1, 1, 1, 1, 0, 0, 0, 0, 0, 0, 0, 0, 0, 0, 0, 0, 0, 0, 0, 0, 0, 0, 0, 0, 0, 0, 0, 0, 0, 0, 0, 0, 0, 0, 0, 0
  remuPEInst(7)(1): 0, 0, 0, 0, 0, 0, 0, 0, 0, 0, 0, 0, 0, 0, 0, 0, 0, 0, 0, 0, 0, 0, 0, 0, 0, 0, 0, 0, 0, 0, 0, 0, 0, 0, 0, 0, 0, 0, 0, 0, 0, 0, 0, 0, 0, 0, 0, 0, 0, 0, 0, 0, 0, 0, 0, 0, 0, 0, 0, 0, 0, 0, 0, 0
  remuPEInst(7)(2): 0, 0, 0, 0, 0, 0, 0, 0, 0, 0, 0, 0, 0, 0, 0, 0, 0, 0, 0, 0, 0, 0, 0, 0, 0, 0, 0, 0, 0, 0, 0, 0, 0, 0, 0, 0, 0, 0, 0, 0, 0, 0, 0, 0, 0, 0, 0, 0, 0, 0, 0, 0, 0, 0, 0, 0, 0, 0, 0, 0, 0, 0, 0, 0
  remuPEInst(7)(3): 0, 0, 0, 0, 0, 0, 0, 0, 0, 0, 0, 0, 0, 0, 0, 0, 0, 0, 0, 0, 0, 0, 0, 0, 0, 0, 0, 0, 0, 0, 0, 0, 0, 0, 0, 0, 0, 0, 0, 0, 0, 0, 0, 0, 0, 0, 0, 0, 0, 0, 0, 0, 0, 0, 0, 0, 0, 0, 0, 0, 0, 0, 0, 0
  remuPEInst(7)(4): 0, 0, 0, 0, 0, 0, 0, 0, 0, 0, 0, 0, 0, 0, 0, 0, 0, 0, 0, 0, 0, 0, 0, 0, 0, 0, 0, 0, 0, 0, 0, 0, 0, 0, 0, 0, 0, 0, 0, 0, 0, 0, 0, 0, 0, 0, 0, 0, 0, 0, 0, 0, 0, 0, 0, 0, 0, 0, 0, 0, 0, 0, 0, 0
  remuPEInst(7)(5): 0, 0, 0, 0, 0, 0, 0, 0, 0, 0, 0, 0, 0, 0, 0, 0, 0, 0, 0, 0, 0, 0, 0, 0, 0, 0, 0, 0, 0, 0, 0, 0, 0, 0, 0, 0, 0, 0, 0, 0, 0, 0, 0, 0, 0, 0, 0, 0, 0, 0, 0, 0, 0, 0, 0, 0, 0, 0, 0, 0, 0, 0, 0, 0
  remuPEInst(7)(6): 0, 0, 0, 0, 0, 0, 0, 0, 0, 0, 0, 0, 0, 0, 0, 0, 0, 0, 0, 0, 0, 0, 0, 0, 0, 0, 0, 0, 0, 0, 0, 0, 0, 0, 0, 0, 0, 0, 0, 0, 0, 0, 0, 0, 0, 0, 0, 0, 0, 0, 0, 0, 0, 0, 0, 0, 0, 0, 0, 0, 0, 0, 0, 0
  remuPEInst(7)(7): 0, 0, 0, 0, 0, 0, 0, 0, 0, 0, 0, 0, 0, 0, 0, 0, 0, 0, 0, 0, 0, 0, 0, 0, 0, 0, 0, 0, 0, 0, 0, 0, 0, 0, 0, 0, 0, 0, 0, 0, 0, 0, 0, 0, 0, 0, 0, 0, 0, 0, 0, 0, 0, 0, 0, 0, 0, 0, 0, 0, 0, 0, 0, 0
  remuPEInst(7)(8): 0, 0, 0, 0, 0, 0, 0, 0, 0, 0, 0, 0, 0, 0, 0, 0, 0, 0, 0, 0, 0, 0, 0, 0, 0, 0, 0, 0, 0, 0, 0, 0, 0, 0, 0, 0, 0, 0, 0, 0, 0, 0, 0, 0, 0, 0, 0, 0, 0, 0, 0, 0, 0, 0, 0, 0, 0, 0, 0, 0, 0, 0, 0, 0
  remuPEInst(7)(9): 0, 0, 0, 0, 0, 0, 0, 0, 0, 0, 0, 0, 0, 0, 0, 0, 0, 0, 0, 0, 0, 0, 0, 0, 0, 0, 0, 0, 0, 0, 0, 0, 0, 0, 0, 0, 0, 0, 0, 0, 0, 0, 0, 0, 0, 0, 0, 0, 0, 0, 0, 0, 0, 0, 0, 0, 0, 0, 0, 0, 0, 0, 0, 0
  remuPEInst(7)(10): 0, 0, 0, 0, 0, 0, 0, 0, 0, 0, 0, 0, 0, 0, 0, 0, 0, 0, 0, 0, 0, 0, 0, 0, 0, 0, 0, 0, 0, 0, 0, 0, 0, 0, 0, 0, 0, 0, 0, 0, 0, 0, 0, 0, 0, 0, 0, 0, 0, 0, 0, 0, 0, 0, 0, 0, 0, 0, 0, 0, 0, 0, 0, 0
  remuPEInst(7)(11): 0, 0, 0, 0, 0, 0, 0, 0, 0, 0, 0, 0, 0, 0, 0, 0, 0, 0, 0, 0, 0, 0, 0, 0, 0, 0, 0, 0, 0, 0, 0, 0, 0, 0, 0, 0, 0, 0, 0, 0, 0, 0, 0, 0, 0, 0, 0, 0, 0, 0, 0, 0, 0, 0, 0, 0, 0, 0, 0, 0, 0, 0, 0, 0
  remuPEInst(7)(12): 0, 0, 0, 0, 0, 0, 0, 0, 0, 0, 0, 0, 0, 0, 0, 0, 0, 0, 0, 0, 0, 0, 0, 0, 0, 0, 0, 0, 0, 0, 0, 0, 0, 0, 0, 0, 0, 0, 0, 0, 0, 0, 0, 0, 0, 0, 0, 0, 0, 0, 0, 0, 0, 0, 0, 0, 0, 0, 0, 0, 0, 0, 0, 0
  remuPEInst(7)(13): 0, 0, 0, 0, 0, 0, 0, 0, 0, 0, 0, 0, 0, 0, 0, 0, 0, 0, 0, 0, 0, 0, 0, 0, 0, 0, 0, 0, 0, 0, 0, 0, 0, 0, 0, 0, 0, 0, 0, 0, 0, 0, 0, 0, 0, 0, 0, 0, 0, 0, 0, 0, 0, 0, 0, 0, 0, 0, 0, 0, 0, 0, 0, 0
  remuPEInst(7)(14): 0, 0, 0, 0, 0, 0, 0, 0, 0, 0, 0, 0, 0, 0, 0, 0, 0, 0, 0, 0, 0, 0, 0, 0, 0, 0, 0, 0, 0, 0, 0, 0, 0, 0, 0, 0, 0, 0, 0, 0, 0, 0, 0, 0, 0, 0, 0, 0, 0, 0, 0, 0, 0, 0, 0, 0, 0, 0, 0, 0, 0, 0, 0, 0
  remuPEInst(7)(15): 0, 0, 0, 0, 0, 0, 0, 0, 0, 0, 0, 0, 0, 0, 0, 0, 0, 0, 0, 0, 0, 0, 0, 0, 0, 0, 0, 0, 0, 0, 0, 0, 0, 0, 0, 0, 0, 0, 0, 0, 0, 0, 0, 0, 0, 0, 0, 0, 0, 0, 0, 0, 0, 0, 0, 0, 0, 0, 0, 0, 0, 0, 0, 0

remuPEInst(8) Instructions:
  remuPEInst(8)(0): 1, 1, 0, 0, 1, 0, 1, 0, 0, 0, 0, 0, 0, 0, 0, 0, 1, 0, 1, 0, 0, 0, 0, 0, 0, 1, 1, 1, 1, 1, 1, 1, 0, 0, 0, 0, 0, 0, 0, 0, 0, 0, 0, 0, 0, 0, 0, 0, 0, 0, 0, 0, 0, 0, 0, 0, 0, 0, 0, 0, 0, 0, 0, 0
  remuPEInst(8)(1): 0, 1, 1, 1, 1, 0, 1, 0, 0, 0, 0, 0, 0, 0, 0, 0, 1, 0, 1, 0, 0, 0, 0, 0, 0, 1, 1, 1, 1, 1, 1, 1, 0, 0, 0, 0, 0, 0, 0, 0, 0, 0, 0, 0, 0, 0, 0, 0, 0, 0, 0, 0, 0, 0, 0, 0, 0, 0, 0, 0, 0, 0, 0, 0
  remuPEInst(8)(2): 0, 0, 0, 0, 0, 0, 0, 0, 0, 0, 0, 0, 0, 0, 0, 0, 0, 0, 0, 0, 0, 0, 0, 0, 0, 0, 0, 0, 0, 0, 0, 0, 0, 0, 0, 0, 0, 0, 0, 0, 0, 0, 0, 0, 0, 0, 0, 0, 0, 0, 0, 0, 0, 0, 0, 0, 0, 0, 0, 0, 0, 0, 0, 0
  remuPEInst(8)(3): 0, 0, 0, 0, 0, 0, 0, 0, 0, 0, 0, 0, 0, 0, 0, 0, 0, 0, 0, 0, 0, 0, 0, 0, 0, 0, 0, 0, 0, 0, 0, 0, 0, 0, 0, 0, 0, 0, 0, 0, 0, 0, 0, 0, 0, 0, 0, 0, 0, 0, 0, 0, 0, 0, 0, 0, 0, 0, 0, 0, 0, 0, 0, 0
  remuPEInst(8)(4): 0, 0, 0, 0, 0, 0, 0, 0, 0, 0, 0, 0, 0, 0, 0, 0, 0, 0, 0, 0, 0, 0, 0, 0, 0, 0, 0, 0, 0, 0, 0, 0, 0, 0, 0, 0, 0, 0, 0, 0, 0, 0, 0, 0, 0, 0, 0, 0, 0, 0, 0, 0, 0, 0, 0, 0, 0, 0, 0, 0, 0, 0, 0, 0
  remuPEInst(8)(5): 0, 0, 0, 0, 0, 0, 0, 0, 0, 0, 0, 0, 0, 0, 0, 0, 0, 0, 0, 0, 0, 0, 0, 0, 0, 0, 0, 0, 0, 0, 0, 0, 0, 0, 0, 0, 0, 0, 0, 0, 0, 0, 0, 0, 0, 0, 0, 0, 0, 0, 0, 0, 0, 0, 0, 0, 0, 0, 0, 0, 0, 0, 0, 0
  remuPEInst(8)(6): 0, 0, 0, 0, 0, 0, 0, 0, 0, 0, 0, 0, 0, 0, 0, 0, 0, 0, 0, 0, 0, 0, 0, 0, 0, 0, 0, 0, 0, 0, 0, 0, 0, 0, 0, 0, 0, 0, 0, 0, 0, 0, 0, 0, 0, 0, 0, 0, 0, 0, 0, 0, 0, 0, 0, 0, 0, 0, 0, 0, 0, 0, 0, 0
  remuPEInst(8)(7): 0, 0, 0, 0, 0, 0, 0, 0, 0, 0, 0, 0, 0, 0, 0, 0, 0, 0, 0, 0, 0, 0, 0, 0, 0, 0, 0, 0, 0, 0, 0, 0, 0, 0, 0, 0, 0, 0, 0, 0, 0, 0, 0, 0, 0, 0, 0, 0, 0, 0, 0, 0, 0, 0, 0, 0, 0, 0, 0, 0, 0, 0, 0, 0
  remuPEInst(8)(8): 0, 0, 0, 0, 0, 0, 0, 0, 0, 0, 0, 0, 0, 0, 0, 0, 0, 0, 0, 0, 0, 0, 0, 0, 0, 0, 0, 0, 0, 0, 0, 0, 0, 0, 0, 0, 0, 0, 0, 0, 0, 0, 0, 0, 0, 0, 0, 0, 0, 0, 0, 0, 0, 0, 0, 0, 0, 0, 0, 0, 0, 0, 0, 0
  remuPEInst(8)(9): 0, 0, 0, 0, 0, 0, 0, 0, 0, 0, 0, 0, 0, 0, 0, 0, 0, 0, 0, 0, 0, 0, 0, 0, 0, 0, 0, 0, 0, 0, 0, 0, 0, 0, 0, 0, 0, 0, 0, 0, 0, 0, 0, 0, 0, 0, 0, 0, 0, 0, 0, 0, 0, 0, 0, 0, 0, 0, 0, 0, 0, 0, 0, 0
  remuPEInst(8)(10): 0, 0, 0, 0, 0, 0, 0, 0, 0, 0, 0, 0, 0, 0, 0, 0, 0, 0, 0, 0, 0, 0, 0, 0, 0, 0, 0, 0, 0, 0, 0, 0, 0, 0, 0, 0, 0, 0, 0, 0, 0, 0, 0, 0, 0, 0, 0, 0, 0, 0, 0, 0, 0, 0, 0, 0, 0, 0, 0, 0, 0, 0, 0, 0
  remuPEInst(8)(11): 0, 0, 0, 0, 0, 0, 0, 0, 0, 0, 0, 0, 0, 0, 0, 0, 0, 0, 0, 0, 0, 0, 0, 0, 0, 0, 0, 0, 0, 0, 0, 0, 0, 0, 0, 0, 0, 0, 0, 0, 0, 0, 0, 0, 0, 0, 0, 0, 0, 0, 0, 0, 0, 0, 0, 0, 0, 0, 0, 0, 0, 0, 0, 0
  remuPEInst(8)(12): 0, 0, 0, 0, 0, 0, 0, 0, 0, 0, 0, 0, 0, 0, 0, 0, 0, 0, 0, 0, 0, 0, 0, 0, 0, 0, 0, 0, 0, 0, 0, 0, 0, 0, 0, 0, 0, 0, 0, 0, 0, 0, 0, 0, 0, 0, 0, 0, 0, 0, 0, 0, 0, 0, 0, 0, 0, 0, 0, 0, 0, 0, 0, 0
  remuPEInst(8)(13): 0, 0, 0, 0, 0, 0, 0, 0, 0, 0, 0, 0, 0, 0, 0, 0, 0, 0, 0, 0, 0, 0, 0, 0, 0, 0, 0, 0, 0, 0, 0, 0, 0, 0, 0, 0, 0, 0, 0, 0, 0, 0, 0, 0, 0, 0, 0, 0, 0, 0, 0, 0, 0, 0, 0, 0, 0, 0, 0, 0, 0, 0, 0, 0
  remuPEInst(8)(14): 0, 0, 0, 0, 0, 0, 0, 0, 0, 0, 0, 0, 0, 0, 0, 0, 0, 0, 0, 0, 0, 0, 0, 0, 0, 0, 0, 0, 0, 0, 0, 0, 0, 0, 0, 0, 0, 0, 0, 0, 0, 0, 0, 0, 0, 0, 0, 0, 0, 0, 0, 0, 0, 0, 0, 0, 0, 0, 0, 0, 0, 0, 0, 0
  remuPEInst(8)(15): 0, 0, 0, 0, 0, 0, 0, 0, 0, 0, 0, 0, 0, 0, 0, 0, 0, 0, 0, 0, 0, 0, 0, 0, 0, 0, 0, 0, 0, 0, 0, 0, 0, 0, 0, 0, 0, 0, 0, 0, 0, 0, 0, 0, 0, 0, 0, 0, 0, 0, 0, 0, 0, 0, 0, 0, 0, 0, 0, 0, 0, 0, 0, 0

remuPEInst(9) Instructions:
  remuPEInst(9)(0): 1, 1, 0, 1, 1, 0, 1, 0, 0, 0, 0, 0, 0, 0, 0, 0, 1, 0, 1, 0, 0, 0, 0, 0, 0, 1, 1, 1, 1, 1, 1, 1, 0, 0, 0, 0, 0, 0, 0, 0, 0, 0, 0, 0, 0, 0, 0, 0, 0, 0, 0, 0, 0, 0, 0, 0, 0, 0, 0, 0, 0, 0, 0, 0
  remuPEInst(9)(1): 0, 0, 0, 0, 0, 0, 0, 0, 0, 0, 0, 0, 0, 0, 0, 0, 0, 0, 0, 0, 0, 0, 0, 0, 0, 0, 0, 0, 0, 0, 0, 0, 0, 0, 0, 0, 0, 0, 0, 0, 0, 0, 0, 0, 0, 0, 0, 0, 0, 0, 0, 0, 0, 0, 0, 0, 0, 0, 0, 0, 0, 0, 0, 0
  remuPEInst(9)(2): 0, 0, 0, 0, 0, 0, 0, 0, 0, 0, 0, 0, 0, 0, 0, 0, 0, 0, 0, 0, 0, 0, 0, 0, 0, 0, 0, 0, 0, 0, 0, 0, 0, 0, 0, 0, 0, 0, 0, 0, 0, 0, 0, 0, 0, 0, 0, 0, 0, 0, 0, 0, 0, 0, 0, 0, 0, 0, 0, 0, 0, 0, 0, 0
  remuPEInst(9)(3): 0, 0, 0, 0, 0, 0, 0, 0, 0, 0, 0, 0, 0, 0, 0, 0, 0, 0, 0, 0, 0, 0, 0, 0, 0, 0, 0, 0, 0, 0, 0, 0, 0, 0, 0, 0, 0, 0, 0, 0, 0, 0, 0, 0, 0, 0, 0, 0, 0, 0, 0, 0, 0, 0, 0, 0, 0, 0, 0, 0, 0, 0, 0, 0
  remuPEInst(9)(4): 0, 0, 0, 0, 0, 0, 0, 0, 0, 0, 0, 0, 0, 0, 0, 0, 0, 0, 0, 0, 0, 0, 0, 0, 0, 0, 0, 0, 0, 0, 0, 0, 0, 0, 0, 0, 0, 0, 0, 0, 0, 0, 0, 0, 0, 0, 0, 0, 0, 0, 0, 0, 0, 0, 0, 0, 0, 0, 0, 0, 0, 0, 0, 0
  remuPEInst(9)(5): 0, 0, 0, 0, 0, 0, 0, 0, 0, 0, 0, 0, 0, 0, 0, 0, 0, 0, 0, 0, 0, 0, 0, 0, 0, 0, 0, 0, 0, 0, 0, 0, 0, 0, 0, 0, 0, 0, 0, 0, 0, 0, 0, 0, 0, 0, 0, 0, 0, 0, 0, 0, 0, 0, 0, 0, 0, 0, 0, 0, 0, 0, 0, 0
  remuPEInst(9)(6): 0, 0, 0, 0, 0, 0, 0, 0, 0, 0, 0, 0, 0, 0, 0, 0, 0, 0, 0, 0, 0, 0, 0, 0, 0, 0, 0, 0, 0, 0, 0, 0, 0, 0, 0, 0, 0, 0, 0, 0, 0, 0, 0, 0, 0, 0, 0, 0, 0, 0, 0, 0, 0, 0, 0, 0, 0, 0, 0, 0, 0, 0, 0, 0
  remuPEInst(9)(7): 0, 0, 0, 0, 0, 0, 0, 0, 0, 0, 0, 0, 0, 0, 0, 0, 0, 0, 0, 0, 0, 0, 0, 0, 0, 0, 0, 0, 0, 0, 0, 0, 0, 0, 0, 0, 0, 0, 0, 0, 0, 0, 0, 0, 0, 0, 0, 0, 0, 0, 0, 0, 0, 0, 0, 0, 0, 0, 0, 0, 0, 0, 0, 0
  remuPEInst(9)(8): 0, 0, 0, 0, 0, 0, 0, 0, 0, 0, 0, 0, 0, 0, 0, 0, 0, 0, 0, 0, 0, 0, 0, 0, 0, 0, 0, 0, 0, 0, 0, 0, 0, 0, 0, 0, 0, 0, 0, 0, 0, 0, 0, 0, 0, 0, 0, 0, 0, 0, 0, 0, 0, 0, 0, 0, 0, 0, 0, 0, 0, 0, 0, 0
  remuPEInst(9)(9): 0, 0, 0, 0, 0, 0, 0, 0, 0, 0, 0, 0, 0, 0, 0, 0, 0, 0, 0, 0, 0, 0, 0, 0, 0, 0, 0, 0, 0, 0, 0, 0, 0, 0, 0, 0, 0, 0, 0, 0, 0, 0, 0, 0, 0, 0, 0, 0, 0, 0, 0, 0, 0, 0, 0, 0, 0, 0, 0, 0, 0, 0, 0, 0
  remuPEInst(9)(10): 0, 0, 0, 0, 0, 0, 0, 0, 0, 0, 0, 0, 0, 0, 0, 0, 0, 0, 0, 0, 0, 0, 0, 0, 0, 0, 0, 0, 0, 0, 0, 0, 0, 0, 0, 0, 0, 0, 0, 0, 0, 0, 0, 0, 0, 0, 0, 0, 0, 0, 0, 0, 0, 0, 0, 0, 0, 0, 0, 0, 0, 0, 0, 0
  remuPEInst(9)(11): 0, 0, 0, 0, 0, 0, 0, 0, 0, 0, 0, 0, 0, 0, 0, 0, 0, 0, 0, 0, 0, 0, 0, 0, 0, 0, 0, 0, 0, 0, 0, 0, 0, 0, 0, 0, 0, 0, 0, 0, 0, 0, 0, 0, 0, 0, 0, 0, 0, 0, 0, 0, 0, 0, 0, 0, 0, 0, 0, 0, 0, 0, 0, 0
  remuPEInst(9)(12): 0, 0, 0, 0, 0, 0, 0, 0, 0, 0, 0, 0, 0, 0, 0, 0, 0, 0, 0, 0, 0, 0, 0, 0, 0, 0, 0, 0, 0, 0, 0, 0, 0, 0, 0, 0, 0, 0, 0, 0, 0, 0, 0, 0, 0, 0, 0, 0, 0, 0, 0, 0, 0, 0, 0, 0, 0, 0, 0, 0, 0, 0, 0, 0
  remuPEInst(9)(13): 0, 0, 0, 0, 0, 0, 0, 0, 0, 0, 0, 0, 0, 0, 0, 0, 0, 0, 0, 0, 0, 0, 0, 0, 0, 0, 0, 0, 0, 0, 0, 0, 0, 0, 0, 0, 0, 0, 0, 0, 0, 0, 0, 0, 0, 0, 0, 0, 0, 0, 0, 0, 0, 0, 0, 0, 0, 0, 0, 0, 0, 0, 0, 0
  remuPEInst(9)(14): 0, 0, 0, 0, 0, 0, 0, 0, 0, 0, 0, 0, 0, 0, 0, 0, 0, 0, 0, 0, 0, 0, 0, 0, 0, 0, 0, 0, 0, 0, 0, 0, 0, 0, 0, 0, 0, 0, 0, 0, 0, 0, 0, 0, 0, 0, 0, 0, 0, 0, 0, 0, 0, 0, 0, 0, 0, 0, 0, 0, 0, 0, 0, 0
  remuPEInst(9)(15): 0, 0, 0, 0, 0, 0, 0, 0, 0, 0, 0, 0, 0, 0, 0, 0, 0, 0, 0, 0, 0, 0, 0, 0, 0, 0, 0, 0, 0, 0, 0, 0, 0, 0, 0, 0, 0, 0, 0, 0, 0, 0, 0, 0, 0, 0, 0, 0, 0, 0, 0, 0, 0, 0, 0, 0, 0, 0, 0, 0, 0, 0, 0, 0

remuPEInst(10) Instructions:
  remuPEInst(10)(0): 1, 0, 1, 1, 1, 0, 1, 0, 0, 0, 0, 0, 0, 0, 0, 0, 1, 0, 1, 0, 0, 0, 0, 0, 0, 1, 1, 1, 1, 1, 1, 1, 0, 0, 0, 0, 0, 0, 0, 0, 0, 0, 0, 0, 0, 0, 0, 0, 0, 0, 0, 0, 0, 0, 0, 0, 0, 0, 0, 0, 0, 0, 0, 0
  remuPEInst(10)(1): 0, 0, 0, 0, 0, 0, 0, 0, 0, 0, 0, 0, 0, 0, 0, 0, 0, 0, 0, 0, 0, 0, 0, 0, 0, 0, 0, 0, 0, 0, 0, 0, 0, 0, 0, 0, 0, 0, 0, 0, 0, 0, 0, 0, 0, 0, 0, 0, 0, 0, 0, 0, 0, 0, 0, 0, 0, 0, 0, 0, 0, 0, 0, 0
  remuPEInst(10)(2): 0, 0, 0, 0, 0, 0, 0, 0, 0, 0, 0, 0, 0, 0, 0, 0, 0, 0, 0, 0, 0, 0, 0, 0, 0, 0, 0, 0, 0, 0, 0, 0, 0, 0, 0, 0, 0, 0, 0, 0, 0, 0, 0, 0, 0, 0, 0, 0, 0, 0, 0, 0, 0, 0, 0, 0, 0, 0, 0, 0, 0, 0, 0, 0
  remuPEInst(10)(3): 0, 0, 0, 0, 0, 0, 0, 0, 0, 0, 0, 0, 0, 0, 0, 0, 0, 0, 0, 0, 0, 0, 0, 0, 0, 0, 0, 0, 0, 0, 0, 0, 0, 0, 0, 0, 0, 0, 0, 0, 0, 0, 0, 0, 0, 0, 0, 0, 0, 0, 0, 0, 0, 0, 0, 0, 0, 0, 0, 0, 0, 0, 0, 0
  remuPEInst(10)(4): 0, 0, 0, 0, 0, 0, 0, 0, 0, 0, 0, 0, 0, 0, 0, 0, 0, 0, 0, 0, 0, 0, 0, 0, 0, 0, 0, 0, 0, 0, 0, 0, 0, 0, 0, 0, 0, 0, 0, 0, 0, 0, 0, 0, 0, 0, 0, 0, 0, 0, 0, 0, 0, 0, 0, 0, 0, 0, 0, 0, 0, 0, 0, 0
  remuPEInst(10)(5): 0, 0, 0, 0, 0, 0, 0, 0, 0, 0, 0, 0, 0, 0, 0, 0, 0, 0, 0, 0, 0, 0, 0, 0, 0, 0, 0, 0, 0, 0, 0, 0, 0, 0, 0, 0, 0, 0, 0, 0, 0, 0, 0, 0, 0, 0, 0, 0, 0, 0, 0, 0, 0, 0, 0, 0, 0, 0, 0, 0, 0, 0, 0, 0
  remuPEInst(10)(6): 0, 0, 0, 0, 0, 0, 0, 0, 0, 0, 0, 0, 0, 0, 0, 0, 0, 0, 0, 0, 0, 0, 0, 0, 0, 0, 0, 0, 0, 0, 0, 0, 0, 0, 0, 0, 0, 0, 0, 0, 0, 0, 0, 0, 0, 0, 0, 0, 0, 0, 0, 0, 0, 0, 0, 0, 0, 0, 0, 0, 0, 0, 0, 0
  remuPEInst(10)(7): 0, 0, 0, 0, 0, 0, 0, 0, 0, 0, 0, 0, 0, 0, 0, 0, 0, 0, 0, 0, 0, 0, 0, 0, 0, 0, 0, 0, 0, 0, 0, 0, 0, 0, 0, 0, 0, 0, 0, 0, 0, 0, 0, 0, 0, 0, 0, 0, 0, 0, 0, 0, 0, 0, 0, 0, 0, 0, 0, 0, 0, 0, 0, 0
  remuPEInst(10)(8): 0, 0, 0, 0, 0, 0, 0, 0, 0, 0, 0, 0, 0, 0, 0, 0, 0, 0, 0, 0, 0, 0, 0, 0, 0, 0, 0, 0, 0, 0, 0, 0, 0, 0, 0, 0, 0, 0, 0, 0, 0, 0, 0, 0, 0, 0, 0, 0, 0, 0, 0, 0, 0, 0, 0, 0, 0, 0, 0, 0, 0, 0, 0, 0
  remuPEInst(10)(9): 0, 0, 0, 0, 0, 0, 0, 0, 0, 0, 0, 0, 0, 0, 0, 0, 0, 0, 0, 0, 0, 0, 0, 0, 0, 0, 0, 0, 0, 0, 0, 0, 0, 0, 0, 0, 0, 0, 0, 0, 0, 0, 0, 0, 0, 0, 0, 0, 0, 0, 0, 0, 0, 0, 0, 0, 0, 0, 0, 0, 0, 0, 0, 0
  remuPEInst(10)(10): 0, 0, 0, 0, 0, 0, 0, 0, 0, 0, 0, 0, 0, 0, 0, 0, 0, 0, 0, 0, 0, 0, 0, 0, 0, 0, 0, 0, 0, 0, 0, 0, 0, 0, 0, 0, 0, 0, 0, 0, 0, 0, 0, 0, 0, 0, 0, 0, 0, 0, 0, 0, 0, 0, 0, 0, 0, 0, 0, 0, 0, 0, 0, 0
  remuPEInst(10)(11): 0, 0, 0, 0, 0, 0, 0, 0, 0, 0, 0, 0, 0, 0, 0, 0, 0, 0, 0, 0, 0, 0, 0, 0, 0, 0, 0, 0, 0, 0, 0, 0, 0, 0, 0, 0, 0, 0, 0, 0, 0, 0, 0, 0, 0, 0, 0, 0, 0, 0, 0, 0, 0, 0, 0, 0, 0, 0, 0, 0, 0, 0, 0, 0
  remuPEInst(10)(12): 0, 0, 0, 0, 0, 0, 0, 0, 0, 0, 0, 0, 0, 0, 0, 0, 0, 0, 0, 0, 0, 0, 0, 0, 0, 0, 0, 0, 0, 0, 0, 0, 0, 0, 0, 0, 0, 0, 0, 0, 0, 0, 0, 0, 0, 0, 0, 0, 0, 0, 0, 0, 0, 0, 0, 0, 0, 0, 0, 0, 0, 0, 0, 0
  remuPEInst(10)(13): 0, 0, 0, 0, 0, 0, 0, 0, 0, 0, 0, 0, 0, 0, 0, 0, 0, 0, 0, 0, 0, 0, 0, 0, 0, 0, 0, 0, 0, 0, 0, 0, 0, 0, 0, 0, 0, 0, 0, 0, 0, 0, 0, 0, 0, 0, 0, 0, 0, 0, 0, 0, 0, 0, 0, 0, 0, 0, 0, 0, 0, 0, 0, 0
  remuPEInst(10)(14): 0, 0, 0, 0, 0, 0, 0, 0, 0, 0, 0, 0, 0, 0, 0, 0, 0, 0, 0, 0, 0, 0, 0, 0, 0, 0, 0, 0, 0, 0, 0, 0, 0, 0, 0, 0, 0, 0, 0, 0, 0, 0, 0, 0, 0, 0, 0, 0, 0, 0, 0, 0, 0, 0, 0, 0, 0, 0, 0, 0, 0, 0, 0, 0
  remuPEInst(10)(15): 0, 0, 0, 0, 0, 0, 0, 0, 0, 0, 0, 0, 0, 0, 0, 0, 0, 0, 0, 0, 0, 0, 0, 0, 0, 0, 0, 0, 0, 0, 0, 0, 0, 0, 0, 0, 0, 0, 0, 0, 0, 0, 0, 0, 0, 0, 0, 0, 0, 0, 0, 0, 0, 0, 0, 0, 0, 0, 0, 0, 0, 0, 0, 0

remuPEInst(11) Instructions:
  remuPEInst(11)(0): 0, 0, 0, 0, 0, 0, 0, 0, 0, 0, 0, 0, 0, 0, 0, 0, 0, 0, 0, 0, 0, 0, 0, 0, 0, 0, 0, 0, 0, 0, 0, 0, 0, 0, 0, 0, 0, 0, 0, 0, 0, 0, 0, 0, 0, 0, 0, 0, 0, 0, 0, 0, 0, 0, 0, 0, 0, 0, 0, 0, 0, 0, 0, 0
  remuPEInst(11)(1): 0, 0, 0, 0, 0, 0, 0, 0, 0, 0, 0, 0, 0, 0, 0, 0, 0, 0, 0, 0, 0, 0, 0, 0, 0, 0, 0, 0, 0, 0, 0, 0, 0, 0, 0, 0, 0, 0, 0, 0, 0, 0, 0, 0, 0, 0, 0, 0, 0, 0, 0, 0, 0, 0, 0, 0, 0, 0, 0, 0, 0, 0, 0, 0
  remuPEInst(11)(2): 0, 0, 0, 0, 0, 0, 0, 0, 0, 0, 0, 0, 0, 0, 0, 0, 0, 0, 0, 0, 0, 0, 0, 0, 0, 0, 0, 0, 0, 0, 0, 0, 0, 0, 0, 0, 0, 0, 0, 0, 0, 0, 0, 0, 0, 0, 0, 0, 0, 0, 0, 0, 0, 0, 0, 0, 0, 0, 0, 0, 0, 0, 0, 0
  remuPEInst(11)(3): 0, 0, 0, 0, 0, 0, 0, 0, 0, 0, 0, 0, 0, 0, 0, 0, 0, 0, 0, 0, 0, 0, 0, 0, 0, 0, 0, 0, 0, 0, 0, 0, 0, 0, 0, 0, 0, 0, 0, 0, 0, 0, 0, 0, 0, 0, 0, 0, 0, 0, 0, 0, 0, 0, 0, 0, 0, 0, 0, 0, 0, 0, 0, 0
  remuPEInst(11)(4): 0, 0, 0, 0, 0, 0, 0, 0, 0, 0, 0, 0, 0, 0, 0, 0, 0, 0, 0, 0, 0, 0, 0, 0, 0, 0, 0, 0, 0, 0, 0, 0, 0, 0, 0, 0, 0, 0, 0, 0, 0, 0, 0, 0, 0, 0, 0, 0, 0, 0, 0, 0, 0, 0, 0, 0, 0, 0, 0, 0, 0, 0, 0, 0
  remuPEInst(11)(5): 0, 0, 0, 0, 0, 0, 0, 0, 0, 0, 0, 0, 0, 0, 0, 0, 0, 0, 0, 0, 0, 0, 0, 0, 0, 0, 0, 0, 0, 0, 0, 0, 0, 0, 0, 0, 0, 0, 0, 0, 0, 0, 0, 0, 0, 0, 0, 0, 0, 0, 0, 0, 0, 0, 0, 0, 0, 0, 0, 0, 0, 0, 0, 0
  remuPEInst(11)(6): 0, 0, 0, 0, 0, 0, 0, 0, 0, 0, 0, 0, 0, 0, 0, 0, 0, 0, 0, 0, 0, 0, 0, 0, 0, 0, 0, 0, 0, 0, 0, 0, 0, 0, 0, 0, 0, 0, 0, 0, 0, 0, 0, 0, 0, 0, 0, 0, 0, 0, 0, 0, 0, 0, 0, 0, 0, 0, 0, 0, 0, 0, 0, 0
  remuPEInst(11)(7): 0, 0, 0, 0, 0, 0, 0, 0, 0, 0, 0, 0, 0, 0, 0, 0, 0, 0, 0, 0, 0, 0, 0, 0, 0, 0, 0, 0, 0, 0, 0, 0, 0, 0, 0, 0, 0, 0, 0, 0, 0, 0, 0, 0, 0, 0, 0, 0, 0, 0, 0, 0, 0, 0, 0, 0, 0, 0, 0, 0, 0, 0, 0, 0
  remuPEInst(11)(8): 0, 0, 0, 0, 0, 0, 0, 0, 0, 0, 0, 0, 0, 0, 0, 0, 0, 0, 0, 0, 0, 0, 0, 0, 0, 0, 0, 0, 0, 0, 0, 0, 0, 0, 0, 0, 0, 0, 0, 0, 0, 0, 0, 0, 0, 0, 0, 0, 0, 0, 0, 0, 0, 0, 0, 0, 0, 0, 0, 0, 0, 0, 0, 0
  remuPEInst(11)(9): 0, 0, 0, 0, 0, 0, 0, 0, 0, 0, 0, 0, 0, 0, 0, 0, 0, 0, 0, 0, 0, 0, 0, 0, 0, 0, 0, 0, 0, 0, 0, 0, 0, 0, 0, 0, 0, 0, 0, 0, 0, 0, 0, 0, 0, 0, 0, 0, 0, 0, 0, 0, 0, 0, 0, 0, 0, 0, 0, 0, 0, 0, 0, 0
  remuPEInst(11)(10): 0, 0, 0, 0, 0, 0, 0, 0, 0, 0, 0, 0, 0, 0, 0, 0, 0, 0, 0, 0, 0, 0, 0, 0, 0, 0, 0, 0, 0, 0, 0, 0, 0, 0, 0, 0, 0, 0, 0, 0, 0, 0, 0, 0, 0, 0, 0, 0, 0, 0, 0, 0, 0, 0, 0, 0, 0, 0, 0, 0, 0, 0, 0, 0
  remuPEInst(11)(11): 0, 0, 0, 0, 0, 0, 0, 0, 0, 0, 0, 0, 0, 0, 0, 0, 0, 0, 0, 0, 0, 0, 0, 0, 0, 0, 0, 0, 0, 0, 0, 0, 0, 0, 0, 0, 0, 0, 0, 0, 0, 0, 0, 0, 0, 0, 0, 0, 0, 0, 0, 0, 0, 0, 0, 0, 0, 0, 0, 0, 0, 0, 0, 0
  remuPEInst(11)(12): 0, 0, 0, 0, 0, 0, 0, 0, 0, 0, 0, 0, 0, 0, 0, 0, 0, 0, 0, 0, 0, 0, 0, 0, 0, 0, 0, 0, 0, 0, 0, 0, 0, 0, 0, 0, 0, 0, 0, 0, 0, 0, 0, 0, 0, 0, 0, 0, 0, 0, 0, 0, 0, 0, 0, 0, 0, 0, 0, 0, 0, 0, 0, 0
  remuPEInst(11)(13): 0, 0, 0, 0, 0, 0, 0, 0, 0, 0, 0, 0, 0, 0, 0, 0, 0, 0, 0, 0, 0, 0, 0, 0, 0, 0, 0, 0, 0, 0, 0, 0, 0, 0, 0, 0, 0, 0, 0, 0, 0, 0, 0, 0, 0, 0, 0, 0, 0, 0, 0, 0, 0, 0, 0, 0, 0, 0, 0, 0, 0, 0, 0, 0
  remuPEInst(11)(14): 0, 0, 0, 0, 0, 0, 0, 0, 0, 0, 0, 0, 0, 0, 0, 0, 0, 0, 0, 0, 0, 0, 0, 0, 0, 0, 0, 0, 0, 0, 0, 0, 0, 0, 0, 0, 0, 0, 0, 0, 0, 0, 0, 0, 0, 0, 0, 0, 0, 0, 0, 0, 0, 0, 0, 0, 0, 0, 0, 0, 0, 0, 0, 0
  remuPEInst(11)(15): 0, 0, 0, 0, 0, 0, 0, 0, 0, 0, 0, 0, 0, 0, 0, 0, 0, 0, 0, 0, 0, 0, 0, 0, 0, 0, 0, 0, 0, 0, 0, 0, 0, 0, 0, 0, 0, 0, 0, 0, 0, 0, 0, 0, 0, 0, 0, 0, 0, 0, 0, 0, 0, 0, 0, 0, 0, 0, 0, 0, 0, 0, 0, 0

remuPEInst(12) Instructions:
  remuPEInst(12)(0): 1, 1, 1, 0, 1, 0, 1, 0, 0, 0, 0, 0, 0, 0, 0, 0, 1, 0, 1, 0, 0, 0, 0, 0, 0, 1, 1, 1, 1, 1, 1, 1, 0, 0, 0, 0, 0, 0, 0, 0, 0, 0, 0, 0, 0, 0, 0, 0, 0, 0, 0, 0, 0, 0, 0, 0, 0, 0, 0, 0, 0, 0, 0, 0
  remuPEInst(12)(1): 0, 0, 0, 0, 0, 0, 0, 0, 0, 0, 0, 0, 0, 0, 0, 0, 0, 0, 0, 0, 0, 0, 0, 0, 0, 0, 0, 0, 0, 0, 0, 0, 0, 0, 0, 0, 0, 0, 0, 0, 0, 0, 0, 0, 0, 0, 0, 0, 0, 0, 0, 0, 0, 0, 0, 0, 0, 0, 0, 0, 0, 0, 0, 0
  remuPEInst(12)(2): 0, 0, 0, 0, 0, 0, 0, 0, 0, 0, 0, 0, 0, 0, 0, 0, 0, 0, 0, 0, 0, 0, 0, 0, 0, 0, 0, 0, 0, 0, 0, 0, 0, 0, 0, 0, 0, 0, 0, 0, 0, 0, 0, 0, 0, 0, 0, 0, 0, 0, 0, 0, 0, 0, 0, 0, 0, 0, 0, 0, 0, 0, 0, 0
  remuPEInst(12)(3): 0, 0, 0, 0, 0, 0, 0, 0, 0, 0, 0, 0, 0, 0, 0, 0, 0, 0, 0, 0, 0, 0, 0, 0, 0, 0, 0, 0, 0, 0, 0, 0, 0, 0, 0, 0, 0, 0, 0, 0, 0, 0, 0, 0, 0, 0, 0, 0, 0, 0, 0, 0, 0, 0, 0, 0, 0, 0, 0, 0, 0, 0, 0, 0
  remuPEInst(12)(4): 0, 0, 0, 0, 0, 0, 0, 0, 0, 0, 0, 0, 0, 0, 0, 0, 0, 0, 0, 0, 0, 0, 0, 0, 0, 0, 0, 0, 0, 0, 0, 0, 0, 0, 0, 0, 0, 0, 0, 0, 0, 0, 0, 0, 0, 0, 0, 0, 0, 0, 0, 0, 0, 0, 0, 0, 0, 0, 0, 0, 0, 0, 0, 0
  remuPEInst(12)(5): 0, 0, 0, 0, 0, 0, 0, 0, 0, 0, 0, 0, 0, 0, 0, 0, 0, 0, 0, 0, 0, 0, 0, 0, 0, 0, 0, 0, 0, 0, 0, 0, 0, 0, 0, 0, 0, 0, 0, 0, 0, 0, 0, 0, 0, 0, 0, 0, 0, 0, 0, 0, 0, 0, 0, 0, 0, 0, 0, 0, 0, 0, 0, 0
  remuPEInst(12)(6): 0, 0, 0, 0, 0, 0, 0, 0, 0, 0, 0, 0, 0, 0, 0, 0, 0, 0, 0, 0, 0, 0, 0, 0, 0, 0, 0, 0, 0, 0, 0, 0, 0, 0, 0, 0, 0, 0, 0, 0, 0, 0, 0, 0, 0, 0, 0, 0, 0, 0, 0, 0, 0, 0, 0, 0, 0, 0, 0, 0, 0, 0, 0, 0
  remuPEInst(12)(7): 0, 0, 0, 0, 0, 0, 0, 0, 0, 0, 0, 0, 0, 0, 0, 0, 0, 0, 0, 0, 0, 0, 0, 0, 0, 0, 0, 0, 0, 0, 0, 0, 0, 0, 0, 0, 0, 0, 0, 0, 0, 0, 0, 0, 0, 0, 0, 0, 0, 0, 0, 0, 0, 0, 0, 0, 0, 0, 0, 0, 0, 0, 0, 0
  remuPEInst(12)(8): 0, 0, 0, 0, 0, 0, 0, 0, 0, 0, 0, 0, 0, 0, 0, 0, 0, 0, 0, 0, 0, 0, 0, 0, 0, 0, 0, 0, 0, 0, 0, 0, 0, 0, 0, 0, 0, 0, 0, 0, 0, 0, 0, 0, 0, 0, 0, 0, 0, 0, 0, 0, 0, 0, 0, 0, 0, 0, 0, 0, 0, 0, 0, 0
  remuPEInst(12)(9): 0, 0, 0, 0, 0, 0, 0, 0, 0, 0, 0, 0, 0, 0, 0, 0, 0, 0, 0, 0, 0, 0, 0, 0, 0, 0, 0, 0, 0, 0, 0, 0, 0, 0, 0, 0, 0, 0, 0, 0, 0, 0, 0, 0, 0, 0, 0, 0, 0, 0, 0, 0, 0, 0, 0, 0, 0, 0, 0, 0, 0, 0, 0, 0
  remuPEInst(12)(10): 0, 0, 0, 0, 0, 0, 0, 0, 0, 0, 0, 0, 0, 0, 0, 0, 0, 0, 0, 0, 0, 0, 0, 0, 0, 0, 0, 0, 0, 0, 0, 0, 0, 0, 0, 0, 0, 0, 0, 0, 0, 0, 0, 0, 0, 0, 0, 0, 0, 0, 0, 0, 0, 0, 0, 0, 0, 0, 0, 0, 0, 0, 0, 0
  remuPEInst(12)(11): 0, 0, 0, 0, 0, 0, 0, 0, 0, 0, 0, 0, 0, 0, 0, 0, 0, 0, 0, 0, 0, 0, 0, 0, 0, 0, 0, 0, 0, 0, 0, 0, 0, 0, 0, 0, 0, 0, 0, 0, 0, 0, 0, 0, 0, 0, 0, 0, 0, 0, 0, 0, 0, 0, 0, 0, 0, 0, 0, 0, 0, 0, 0, 0
  remuPEInst(12)(12): 0, 0, 0, 0, 0, 0, 0, 0, 0, 0, 0, 0, 0, 0, 0, 0, 0, 0, 0, 0, 0, 0, 0, 0, 0, 0, 0, 0, 0, 0, 0, 0, 0, 0, 0, 0, 0, 0, 0, 0, 0, 0, 0, 0, 0, 0, 0, 0, 0, 0, 0, 0, 0, 0, 0, 0, 0, 0, 0, 0, 0, 0, 0, 0
  remuPEInst(12)(13): 0, 0, 0, 0, 0, 0, 0, 0, 0, 0, 0, 0, 0, 0, 0, 0, 0, 0, 0, 0, 0, 0, 0, 0, 0, 0, 0, 0, 0, 0, 0, 0, 0, 0, 0, 0, 0, 0, 0, 0, 0, 0, 0, 0, 0, 0, 0, 0, 0, 0, 0, 0, 0, 0, 0, 0, 0, 0, 0, 0, 0, 0, 0, 0
  remuPEInst(12)(14): 0, 0, 0, 0, 0, 0, 0, 0, 0, 0, 0, 0, 0, 0, 0, 0, 0, 0, 0, 0, 0, 0, 0, 0, 0, 0, 0, 0, 0, 0, 0, 0, 0, 0, 0, 0, 0, 0, 0, 0, 0, 0, 0, 0, 0, 0, 0, 0, 0, 0, 0, 0, 0, 0, 0, 0, 0, 0, 0, 0, 0, 0, 0, 0
  remuPEInst(12)(15): 0, 0, 0, 0, 0, 0, 0, 0, 0, 0, 0, 0, 0, 0, 0, 0, 0, 0, 0, 0, 0, 0, 0, 0, 0, 0, 0, 0, 0, 0, 0, 0, 0, 0, 0, 0, 0, 0, 0, 0, 0, 0, 0, 0, 0, 0, 0, 0, 0, 0, 0, 0, 0, 0, 0, 0, 0, 0, 0, 0, 0, 0, 0, 0

remuPEInst(13) Instructions:
  remuPEInst(13)(0): 0, 0, 0, 0, 0, 0, 0, 0, 0, 0, 0, 0, 0, 0, 0, 0, 0, 0, 0, 0, 0, 0, 0, 0, 0, 0, 0, 0, 0, 0, 0, 0, 0, 0, 0, 0, 0, 0, 0, 0, 0, 0, 0, 0, 0, 0, 0, 0, 0, 0, 0, 0, 0, 0, 0, 0, 0, 0, 0, 0, 0, 0, 0, 0
  remuPEInst(13)(1): 0, 0, 0, 0, 0, 0, 0, 0, 0, 0, 0, 0, 0, 0, 0, 0, 0, 0, 0, 0, 0, 0, 0, 0, 0, 0, 0, 0, 0, 0, 0, 0, 0, 0, 0, 0, 0, 0, 0, 0, 0, 0, 0, 0, 0, 0, 0, 0, 0, 0, 0, 0, 0, 0, 0, 0, 0, 0, 0, 0, 0, 0, 0, 0
  remuPEInst(13)(2): 0, 0, 0, 0, 0, 0, 0, 0, 0, 0, 0, 0, 0, 0, 0, 0, 0, 0, 0, 0, 0, 0, 0, 0, 0, 0, 0, 0, 0, 0, 0, 0, 0, 0, 0, 0, 0, 0, 0, 0, 0, 0, 0, 0, 0, 0, 0, 0, 0, 0, 0, 0, 0, 0, 0, 0, 0, 0, 0, 0, 0, 0, 0, 0
  remuPEInst(13)(3): 0, 0, 0, 0, 0, 0, 0, 0, 0, 0, 0, 0, 0, 0, 0, 0, 0, 0, 0, 0, 0, 0, 0, 0, 0, 0, 0, 0, 0, 0, 0, 0, 0, 0, 0, 0, 0, 0, 0, 0, 0, 0, 0, 0, 0, 0, 0, 0, 0, 0, 0, 0, 0, 0, 0, 0, 0, 0, 0, 0, 0, 0, 0, 0
  remuPEInst(13)(4): 0, 0, 0, 0, 0, 0, 0, 0, 0, 0, 0, 0, 0, 0, 0, 0, 0, 0, 0, 0, 0, 0, 0, 0, 0, 0, 0, 0, 0, 0, 0, 0, 0, 0, 0, 0, 0, 0, 0, 0, 0, 0, 0, 0, 0, 0, 0, 0, 0, 0, 0, 0, 0, 0, 0, 0, 0, 0, 0, 0, 0, 0, 0, 0
  remuPEInst(13)(5): 0, 0, 0, 0, 0, 0, 0, 0, 0, 0, 0, 0, 0, 0, 0, 0, 0, 0, 0, 0, 0, 0, 0, 0, 0, 0, 0, 0, 0, 0, 0, 0, 0, 0, 0, 0, 0, 0, 0, 0, 0, 0, 0, 0, 0, 0, 0, 0, 0, 0, 0, 0, 0, 0, 0, 0, 0, 0, 0, 0, 0, 0, 0, 0
  remuPEInst(13)(6): 0, 0, 0, 0, 0, 0, 0, 0, 0, 0, 0, 0, 0, 0, 0, 0, 0, 0, 0, 0, 0, 0, 0, 0, 0, 0, 0, 0, 0, 0, 0, 0, 0, 0, 0, 0, 0, 0, 0, 0, 0, 0, 0, 0, 0, 0, 0, 0, 0, 0, 0, 0, 0, 0, 0, 0, 0, 0, 0, 0, 0, 0, 0, 0
  remuPEInst(13)(7): 0, 0, 0, 0, 0, 0, 0, 0, 0, 0, 0, 0, 0, 0, 0, 0, 0, 0, 0, 0, 0, 0, 0, 0, 0, 0, 0, 0, 0, 0, 0, 0, 0, 0, 0, 0, 0, 0, 0, 0, 0, 0, 0, 0, 0, 0, 0, 0, 0, 0, 0, 0, 0, 0, 0, 0, 0, 0, 0, 0, 0, 0, 0, 0
  remuPEInst(13)(8): 0, 0, 0, 0, 0, 0, 0, 0, 0, 0, 0, 0, 0, 0, 0, 0, 0, 0, 0, 0, 0, 0, 0, 0, 0, 0, 0, 0, 0, 0, 0, 0, 0, 0, 0, 0, 0, 0, 0, 0, 0, 0, 0, 0, 0, 0, 0, 0, 0, 0, 0, 0, 0, 0, 0, 0, 0, 0, 0, 0, 0, 0, 0, 0
  remuPEInst(13)(9): 0, 0, 0, 0, 0, 0, 0, 0, 0, 0, 0, 0, 0, 0, 0, 0, 0, 0, 0, 0, 0, 0, 0, 0, 0, 0, 0, 0, 0, 0, 0, 0, 0, 0, 0, 0, 0, 0, 0, 0, 0, 0, 0, 0, 0, 0, 0, 0, 0, 0, 0, 0, 0, 0, 0, 0, 0, 0, 0, 0, 0, 0, 0, 0
  remuPEInst(13)(10): 0, 0, 0, 0, 0, 0, 0, 0, 0, 0, 0, 0, 0, 0, 0, 0, 0, 0, 0, 0, 0, 0, 0, 0, 0, 0, 0, 0, 0, 0, 0, 0, 0, 0, 0, 0, 0, 0, 0, 0, 0, 0, 0, 0, 0, 0, 0, 0, 0, 0, 0, 0, 0, 0, 0, 0, 0, 0, 0, 0, 0, 0, 0, 0
  remuPEInst(13)(11): 0, 0, 0, 0, 0, 0, 0, 0, 0, 0, 0, 0, 0, 0, 0, 0, 0, 0, 0, 0, 0, 0, 0, 0, 0, 0, 0, 0, 0, 0, 0, 0, 0, 0, 0, 0, 0, 0, 0, 0, 0, 0, 0, 0, 0, 0, 0, 0, 0, 0, 0, 0, 0, 0, 0, 0, 0, 0, 0, 0, 0, 0, 0, 0
  remuPEInst(13)(12): 0, 0, 0, 0, 0, 0, 0, 0, 0, 0, 0, 0, 0, 0, 0, 0, 0, 0, 0, 0, 0, 0, 0, 0, 0, 0, 0, 0, 0, 0, 0, 0, 0, 0, 0, 0, 0, 0, 0, 0, 0, 0, 0, 0, 0, 0, 0, 0, 0, 0, 0, 0, 0, 0, 0, 0, 0, 0, 0, 0, 0, 0, 0, 0
  remuPEInst(13)(13): 0, 0, 0, 0, 0, 0, 0, 0, 0, 0, 0, 0, 0, 0, 0, 0, 0, 0, 0, 0, 0, 0, 0, 0, 0, 0, 0, 0, 0, 0, 0, 0, 0, 0, 0, 0, 0, 0, 0, 0, 0, 0, 0, 0, 0, 0, 0, 0, 0, 0, 0, 0, 0, 0, 0, 0, 0, 0, 0, 0, 0, 0, 0, 0
  remuPEInst(13)(14): 0, 0, 0, 0, 0, 0, 0, 0, 0, 0, 0, 0, 0, 0, 0, 0, 0, 0, 0, 0, 0, 0, 0, 0, 0, 0, 0, 0, 0, 0, 0, 0, 0, 0, 0, 0, 0, 0, 0, 0, 0, 0, 0, 0, 0, 0, 0, 0, 0, 0, 0, 0, 0, 0, 0, 0, 0, 0, 0, 0, 0, 0, 0, 0
  remuPEInst(13)(15): 0, 0, 0, 0, 0, 0, 0, 0, 0, 0, 0, 0, 0, 0, 0, 0, 0, 0, 0, 0, 0, 0, 0, 0, 0, 0, 0, 0, 0, 0, 0, 0, 0, 0, 0, 0, 0, 0, 0, 0, 0, 0, 0, 0, 0, 0, 0, 0, 0, 0, 0, 0, 0, 0, 0, 0, 0, 0, 0, 0, 0, 0, 0, 0

remuPEInst(14) Instructions:
  remuPEInst(14)(0): 1, 0, 1, 1, 0, 0, 0, 0, 0, 0, 0, 0, 0, 0, 0, 0, 0, 1, 0, 0, 0, 0, 0, 0, 0, 0, 1, 1, 1, 1, 1, 1, 0, 0, 0, 0, 0, 0, 0, 0, 0, 0, 0, 0, 0, 0, 0, 0, 0, 0, 0, 0, 0, 0, 0, 0, 0, 0, 0, 0, 0, 0, 0, 0
  remuPEInst(14)(1): 0, 0, 0, 0, 0, 0, 0, 0, 0, 0, 0, 0, 0, 0, 0, 0, 0, 0, 0, 0, 0, 0, 0, 0, 0, 0, 0, 0, 0, 0, 0, 0, 0, 0, 0, 0, 0, 0, 0, 0, 0, 0, 0, 0, 0, 0, 0, 0, 0, 0, 0, 0, 0, 0, 0, 0, 0, 0, 0, 0, 0, 0, 0, 0
  remuPEInst(14)(2): 0, 0, 0, 0, 0, 0, 0, 0, 0, 0, 0, 0, 0, 0, 0, 0, 0, 0, 0, 0, 0, 0, 0, 0, 0, 0, 0, 0, 0, 0, 0, 0, 0, 0, 0, 0, 0, 0, 0, 0, 0, 0, 0, 0, 0, 0, 0, 0, 0, 0, 0, 0, 0, 0, 0, 0, 0, 0, 0, 0, 0, 0, 0, 0
  remuPEInst(14)(3): 0, 0, 0, 0, 0, 0, 0, 0, 0, 0, 0, 0, 0, 0, 0, 0, 0, 0, 0, 0, 0, 0, 0, 0, 0, 0, 0, 0, 0, 0, 0, 0, 0, 0, 0, 0, 0, 0, 0, 0, 0, 0, 0, 0, 0, 0, 0, 0, 0, 0, 0, 0, 0, 0, 0, 0, 0, 0, 0, 0, 0, 0, 0, 0
  remuPEInst(14)(4): 0, 0, 0, 0, 0, 0, 0, 0, 0, 0, 0, 0, 0, 0, 0, 0, 0, 0, 0, 0, 0, 0, 0, 0, 0, 0, 0, 0, 0, 0, 0, 0, 0, 0, 0, 0, 0, 0, 0, 0, 0, 0, 0, 0, 0, 0, 0, 0, 0, 0, 0, 0, 0, 0, 0, 0, 0, 0, 0, 0, 0, 0, 0, 0
  remuPEInst(14)(5): 0, 0, 0, 0, 0, 0, 0, 0, 0, 0, 0, 0, 0, 0, 0, 0, 0, 0, 0, 0, 0, 0, 0, 0, 0, 0, 0, 0, 0, 0, 0, 0, 0, 0, 0, 0, 0, 0, 0, 0, 0, 0, 0, 0, 0, 0, 0, 0, 0, 0, 0, 0, 0, 0, 0, 0, 0, 0, 0, 0, 0, 0, 0, 0
  remuPEInst(14)(6): 0, 0, 0, 0, 0, 0, 0, 0, 0, 0, 0, 0, 0, 0, 0, 0, 0, 0, 0, 0, 0, 0, 0, 0, 0, 0, 0, 0, 0, 0, 0, 0, 0, 0, 0, 0, 0, 0, 0, 0, 0, 0, 0, 0, 0, 0, 0, 0, 0, 0, 0, 0, 0, 0, 0, 0, 0, 0, 0, 0, 0, 0, 0, 0
  remuPEInst(14)(7): 0, 0, 0, 0, 0, 0, 0, 0, 0, 0, 0, 0, 0, 0, 0, 0, 0, 0, 0, 0, 0, 0, 0, 0, 0, 0, 0, 0, 0, 0, 0, 0, 0, 0, 0, 0, 0, 0, 0, 0, 0, 0, 0, 0, 0, 0, 0, 0, 0, 0, 0, 0, 0, 0, 0, 0, 0, 0, 0, 0, 0, 0, 0, 0
  remuPEInst(14)(8): 0, 0, 0, 0, 0, 0, 0, 0, 0, 0, 0, 0, 0, 0, 0, 0, 0, 0, 0, 0, 0, 0, 0, 0, 0, 0, 0, 0, 0, 0, 0, 0, 0, 0, 0, 0, 0, 0, 0, 0, 0, 0, 0, 0, 0, 0, 0, 0, 0, 0, 0, 0, 0, 0, 0, 0, 0, 0, 0, 0, 0, 0, 0, 0
  remuPEInst(14)(9): 0, 0, 0, 0, 0, 0, 0, 0, 0, 0, 0, 0, 0, 0, 0, 0, 0, 0, 0, 0, 0, 0, 0, 0, 0, 0, 0, 0, 0, 0, 0, 0, 0, 0, 0, 0, 0, 0, 0, 0, 0, 0, 0, 0, 0, 0, 0, 0, 0, 0, 0, 0, 0, 0, 0, 0, 0, 0, 0, 0, 0, 0, 0, 0
  remuPEInst(14)(10): 0, 0, 0, 0, 0, 0, 0, 0, 0, 0, 0, 0, 0, 0, 0, 0, 0, 0, 0, 0, 0, 0, 0, 0, 0, 0, 0, 0, 0, 0, 0, 0, 0, 0, 0, 0, 0, 0, 0, 0, 0, 0, 0, 0, 0, 0, 0, 0, 0, 0, 0, 0, 0, 0, 0, 0, 0, 0, 0, 0, 0, 0, 0, 0
  remuPEInst(14)(11): 0, 0, 0, 0, 0, 0, 0, 0, 0, 0, 0, 0, 0, 0, 0, 0, 0, 0, 0, 0, 0, 0, 0, 0, 0, 0, 0, 0, 0, 0, 0, 0, 0, 0, 0, 0, 0, 0, 0, 0, 0, 0, 0, 0, 0, 0, 0, 0, 0, 0, 0, 0, 0, 0, 0, 0, 0, 0, 0, 0, 0, 0, 0, 0
  remuPEInst(14)(12): 0, 0, 0, 0, 0, 0, 0, 0, 0, 0, 0, 0, 0, 0, 0, 0, 0, 0, 0, 0, 0, 0, 0, 0, 0, 0, 0, 0, 0, 0, 0, 0, 0, 0, 0, 0, 0, 0, 0, 0, 0, 0, 0, 0, 0, 0, 0, 0, 0, 0, 0, 0, 0, 0, 0, 0, 0, 0, 0, 0, 0, 0, 0, 0
  remuPEInst(14)(13): 0, 0, 0, 0, 0, 0, 0, 0, 0, 0, 0, 0, 0, 0, 0, 0, 0, 0, 0, 0, 0, 0, 0, 0, 0, 0, 0, 0, 0, 0, 0, 0, 0, 0, 0, 0, 0, 0, 0, 0, 0, 0, 0, 0, 0, 0, 0, 0, 0, 0, 0, 0, 0, 0, 0, 0, 0, 0, 0, 0, 0, 0, 0, 0
  remuPEInst(14)(14): 0, 0, 0, 0, 0, 0, 0, 0, 0, 0, 0, 0, 0, 0, 0, 0, 0, 0, 0, 0, 0, 0, 0, 0, 0, 0, 0, 0, 0, 0, 0, 0, 0, 0, 0, 0, 0, 0, 0, 0, 0, 0, 0, 0, 0, 0, 0, 0, 0, 0, 0, 0, 0, 0, 0, 0, 0, 0, 0, 0, 0, 0, 0, 0
  remuPEInst(14)(15): 0, 0, 0, 0, 0, 0, 0, 0, 0, 0, 0, 0, 0, 0, 0, 0, 0, 0, 0, 0, 0, 0, 0, 0, 0, 0, 0, 0, 0, 0, 0, 0, 0, 0, 0, 0, 0, 0, 0, 0, 0, 0, 0, 0, 0, 0, 0, 0, 0, 0, 0, 0, 0, 0, 0, 0, 0, 0, 0, 0, 0, 0, 0, 0

remuPEInst(15) Instructions:
  remuPEInst(15)(0): 0, 0, 1, 0, 1, 1, 0, 0, 0, 0, 0, 0, 0, 0, 0, 0, 1, 0, 1, 0, 0, 0, 0, 0, 0, 1, 1, 1, 1, 1, 1, 1, 0, 0, 0, 0, 0, 0, 0, 0, 0, 0, 0, 0, 0, 0, 0, 0, 0, 0, 0, 0, 0, 0, 0, 0, 0, 0, 0, 0, 0, 0, 0, 0
  remuPEInst(15)(1): 0, 0, 1, 0, 1, 0, 1, 0, 0, 0, 0, 0, 0, 0, 0, 0, 1, 0, 1, 0, 0, 0, 0, 0, 0, 1, 1, 1, 1, 1, 1, 1, 0, 0, 0, 0, 0, 0, 0, 0, 0, 0, 0, 0, 0, 0, 0, 0, 0, 0, 0, 0, 0, 0, 0, 0, 0, 0, 0, 0, 0, 0, 0, 0
  remuPEInst(15)(2): 0, 0, 0, 0, 0, 0, 0, 0, 0, 0, 0, 0, 0, 0, 0, 0, 0, 0, 0, 0, 0, 0, 0, 0, 0, 0, 0, 0, 0, 0, 0, 0, 0, 0, 0, 0, 0, 0, 0, 0, 0, 0, 0, 0, 0, 0, 0, 0, 0, 0, 0, 0, 0, 0, 0, 0, 0, 0, 0, 0, 0, 0, 0, 0
  remuPEInst(15)(3): 0, 0, 0, 0, 0, 0, 0, 0, 0, 0, 0, 0, 0, 0, 0, 0, 0, 0, 0, 0, 0, 0, 0, 0, 0, 0, 0, 0, 0, 0, 0, 0, 0, 0, 0, 0, 0, 0, 0, 0, 0, 0, 0, 0, 0, 0, 0, 0, 0, 0, 0, 0, 0, 0, 0, 0, 0, 0, 0, 0, 0, 0, 0, 0
  remuPEInst(15)(4): 0, 0, 0, 0, 0, 0, 0, 0, 0, 0, 0, 0, 0, 0, 0, 0, 0, 0, 0, 0, 0, 0, 0, 0, 0, 0, 0, 0, 0, 0, 0, 0, 0, 0, 0, 0, 0, 0, 0, 0, 0, 0, 0, 0, 0, 0, 0, 0, 0, 0, 0, 0, 0, 0, 0, 0, 0, 0, 0, 0, 0, 0, 0, 0
  remuPEInst(15)(5): 0, 0, 0, 0, 0, 0, 0, 0, 0, 0, 0, 0, 0, 0, 0, 0, 0, 0, 0, 0, 0, 0, 0, 0, 0, 0, 0, 0, 0, 0, 0, 0, 0, 0, 0, 0, 0, 0, 0, 0, 0, 0, 0, 0, 0, 0, 0, 0, 0, 0, 0, 0, 0, 0, 0, 0, 0, 0, 0, 0, 0, 0, 0, 0
  remuPEInst(15)(6): 0, 0, 0, 0, 0, 0, 0, 0, 0, 0, 0, 0, 0, 0, 0, 0, 0, 0, 0, 0, 0, 0, 0, 0, 0, 0, 0, 0, 0, 0, 0, 0, 0, 0, 0, 0, 0, 0, 0, 0, 0, 0, 0, 0, 0, 0, 0, 0, 0, 0, 0, 0, 0, 0, 0, 0, 0, 0, 0, 0, 0, 0, 0, 0
  remuPEInst(15)(7): 0, 0, 0, 0, 0, 0, 0, 0, 0, 0, 0, 0, 0, 0, 0, 0, 0, 0, 0, 0, 0, 0, 0, 0, 0, 0, 0, 0, 0, 0, 0, 0, 0, 0, 0, 0, 0, 0, 0, 0, 0, 0, 0, 0, 0, 0, 0, 0, 0, 0, 0, 0, 0, 0, 0, 0, 0, 0, 0, 0, 0, 0, 0, 0
  remuPEInst(15)(8): 0, 0, 0, 0, 0, 0, 0, 0, 0, 0, 0, 0, 0, 0, 0, 0, 0, 0, 0, 0, 0, 0, 0, 0, 0, 0, 0, 0, 0, 0, 0, 0, 0, 0, 0, 0, 0, 0, 0, 0, 0, 0, 0, 0, 0, 0, 0, 0, 0, 0, 0, 0, 0, 0, 0, 0, 0, 0, 0, 0, 0, 0, 0, 0
  remuPEInst(15)(9): 0, 0, 0, 0, 0, 0, 0, 0, 0, 0, 0, 0, 0, 0, 0, 0, 0, 0, 0, 0, 0, 0, 0, 0, 0, 0, 0, 0, 0, 0, 0, 0, 0, 0, 0, 0, 0, 0, 0, 0, 0, 0, 0, 0, 0, 0, 0, 0, 0, 0, 0, 0, 0, 0, 0, 0, 0, 0, 0, 0, 0, 0, 0, 0
  remuPEInst(15)(10): 0, 0, 0, 0, 0, 0, 0, 0, 0, 0, 0, 0, 0, 0, 0, 0, 0, 0, 0, 0, 0, 0, 0, 0, 0, 0, 0, 0, 0, 0, 0, 0, 0, 0, 0, 0, 0, 0, 0, 0, 0, 0, 0, 0, 0, 0, 0, 0, 0, 0, 0, 0, 0, 0, 0, 0, 0, 0, 0, 0, 0, 0, 0, 0
  remuPEInst(15)(11): 0, 0, 0, 0, 0, 0, 0, 0, 0, 0, 0, 0, 0, 0, 0, 0, 0, 0, 0, 0, 0, 0, 0, 0, 0, 0, 0, 0, 0, 0, 0, 0, 0, 0, 0, 0, 0, 0, 0, 0, 0, 0, 0, 0, 0, 0, 0, 0, 0, 0, 0, 0, 0, 0, 0, 0, 0, 0, 0, 0, 0, 0, 0, 0
  remuPEInst(15)(12): 0, 0, 0, 0, 0, 0, 0, 0, 0, 0, 0, 0, 0, 0, 0, 0, 0, 0, 0, 0, 0, 0, 0, 0, 0, 0, 0, 0, 0, 0, 0, 0, 0, 0, 0, 0, 0, 0, 0, 0, 0, 0, 0, 0, 0, 0, 0, 0, 0, 0, 0, 0, 0, 0, 0, 0, 0, 0, 0, 0, 0, 0, 0, 0
  remuPEInst(15)(13): 0, 0, 0, 0, 0, 0, 0, 0, 0, 0, 0, 0, 0, 0, 0, 0, 0, 0, 0, 0, 0, 0, 0, 0, 0, 0, 0, 0, 0, 0, 0, 0, 0, 0, 0, 0, 0, 0, 0, 0, 0, 0, 0, 0, 0, 0, 0, 0, 0, 0, 0, 0, 0, 0, 0, 0, 0, 0, 0, 0, 0, 0, 0, 0
  remuPEInst(15)(14): 0, 0, 0, 0, 0, 0, 0, 0, 0, 0, 0, 0, 0, 0, 0, 0, 0, 0, 0, 0, 0, 0, 0, 0, 0, 0, 0, 0, 0, 0, 0, 0, 0, 0, 0, 0, 0, 0, 0, 0, 0, 0, 0, 0, 0, 0, 0, 0, 0, 0, 0, 0, 0, 0, 0, 0, 0, 0, 0, 0, 0, 0, 0, 0
  remuPEInst(15)(15): 0, 0, 0, 0, 0, 0, 0, 0, 0, 0, 0, 0, 0, 0, 0, 0, 0, 0, 0, 0, 0, 0, 0, 0, 0, 0, 0, 0, 0, 0, 0, 0, 0, 0, 0, 0, 0, 0, 0, 0, 0, 0, 0, 0, 0, 0, 0, 0, 0, 0, 0, 0, 0, 0, 0, 0, 0, 0, 0, 0, 0, 0, 0, 0

remuPEInst(16) Instructions:
  remuPEInst(16)(0): 1, 1, 0, 0, 1, 1, 0, 0, 0, 0, 0, 0, 0, 0, 0, 0, 1, 0, 1, 0, 0, 0, 0, 0, 0, 1, 1, 1, 1, 1, 1, 1, 0, 0, 0, 0, 0, 0, 0, 0, 0, 0, 0, 0, 0, 0, 0, 0, 0, 0, 0, 0, 0, 0, 0, 0, 0, 0, 0, 0, 0, 0, 0, 0
  remuPEInst(16)(1): 0, 0, 0, 0, 0, 0, 0, 0, 0, 0, 0, 0, 0, 0, 0, 0, 0, 0, 0, 0, 0, 0, 0, 0, 0, 0, 0, 0, 0, 0, 0, 0, 0, 0, 0, 0, 0, 0, 0, 0, 0, 0, 0, 0, 0, 0, 0, 0, 0, 0, 0, 0, 0, 0, 0, 0, 0, 0, 0, 0, 0, 0, 0, 0
  remuPEInst(16)(2): 0, 0, 0, 0, 0, 0, 0, 0, 0, 0, 0, 0, 0, 0, 0, 0, 0, 0, 0, 0, 0, 0, 0, 0, 0, 0, 0, 0, 0, 0, 0, 0, 0, 0, 0, 0, 0, 0, 0, 0, 0, 0, 0, 0, 0, 0, 0, 0, 0, 0, 0, 0, 0, 0, 0, 0, 0, 0, 0, 0, 0, 0, 0, 0
  remuPEInst(16)(3): 0, 0, 0, 0, 0, 0, 0, 0, 0, 0, 0, 0, 0, 0, 0, 0, 0, 0, 0, 0, 0, 0, 0, 0, 0, 0, 0, 0, 0, 0, 0, 0, 0, 0, 0, 0, 0, 0, 0, 0, 0, 0, 0, 0, 0, 0, 0, 0, 0, 0, 0, 0, 0, 0, 0, 0, 0, 0, 0, 0, 0, 0, 0, 0
  remuPEInst(16)(4): 0, 0, 0, 0, 0, 0, 0, 0, 0, 0, 0, 0, 0, 0, 0, 0, 0, 0, 0, 0, 0, 0, 0, 0, 0, 0, 0, 0, 0, 0, 0, 0, 0, 0, 0, 0, 0, 0, 0, 0, 0, 0, 0, 0, 0, 0, 0, 0, 0, 0, 0, 0, 0, 0, 0, 0, 0, 0, 0, 0, 0, 0, 0, 0
  remuPEInst(16)(5): 0, 0, 0, 0, 0, 0, 0, 0, 0, 0, 0, 0, 0, 0, 0, 0, 0, 0, 0, 0, 0, 0, 0, 0, 0, 0, 0, 0, 0, 0, 0, 0, 0, 0, 0, 0, 0, 0, 0, 0, 0, 0, 0, 0, 0, 0, 0, 0, 0, 0, 0, 0, 0, 0, 0, 0, 0, 0, 0, 0, 0, 0, 0, 0
  remuPEInst(16)(6): 0, 0, 0, 0, 0, 0, 0, 0, 0, 0, 0, 0, 0, 0, 0, 0, 0, 0, 0, 0, 0, 0, 0, 0, 0, 0, 0, 0, 0, 0, 0, 0, 0, 0, 0, 0, 0, 0, 0, 0, 0, 0, 0, 0, 0, 0, 0, 0, 0, 0, 0, 0, 0, 0, 0, 0, 0, 0, 0, 0, 0, 0, 0, 0
  remuPEInst(16)(7): 0, 0, 0, 0, 0, 0, 0, 0, 0, 0, 0, 0, 0, 0, 0, 0, 0, 0, 0, 0, 0, 0, 0, 0, 0, 0, 0, 0, 0, 0, 0, 0, 0, 0, 0, 0, 0, 0, 0, 0, 0, 0, 0, 0, 0, 0, 0, 0, 0, 0, 0, 0, 0, 0, 0, 0, 0, 0, 0, 0, 0, 0, 0, 0
  remuPEInst(16)(8): 0, 0, 0, 0, 0, 0, 0, 0, 0, 0, 0, 0, 0, 0, 0, 0, 0, 0, 0, 0, 0, 0, 0, 0, 0, 0, 0, 0, 0, 0, 0, 0, 0, 0, 0, 0, 0, 0, 0, 0, 0, 0, 0, 0, 0, 0, 0, 0, 0, 0, 0, 0, 0, 0, 0, 0, 0, 0, 0, 0, 0, 0, 0, 0
  remuPEInst(16)(9): 0, 0, 0, 0, 0, 0, 0, 0, 0, 0, 0, 0, 0, 0, 0, 0, 0, 0, 0, 0, 0, 0, 0, 0, 0, 0, 0, 0, 0, 0, 0, 0, 0, 0, 0, 0, 0, 0, 0, 0, 0, 0, 0, 0, 0, 0, 0, 0, 0, 0, 0, 0, 0, 0, 0, 0, 0, 0, 0, 0, 0, 0, 0, 0
  remuPEInst(16)(10): 0, 0, 0, 0, 0, 0, 0, 0, 0, 0, 0, 0, 0, 0, 0, 0, 0, 0, 0, 0, 0, 0, 0, 0, 0, 0, 0, 0, 0, 0, 0, 0, 0, 0, 0, 0, 0, 0, 0, 0, 0, 0, 0, 0, 0, 0, 0, 0, 0, 0, 0, 0, 0, 0, 0, 0, 0, 0, 0, 0, 0, 0, 0, 0
  remuPEInst(16)(11): 0, 0, 0, 0, 0, 0, 0, 0, 0, 0, 0, 0, 0, 0, 0, 0, 0, 0, 0, 0, 0, 0, 0, 0, 0, 0, 0, 0, 0, 0, 0, 0, 0, 0, 0, 0, 0, 0, 0, 0, 0, 0, 0, 0, 0, 0, 0, 0, 0, 0, 0, 0, 0, 0, 0, 0, 0, 0, 0, 0, 0, 0, 0, 0
  remuPEInst(16)(12): 0, 0, 0, 0, 0, 0, 0, 0, 0, 0, 0, 0, 0, 0, 0, 0, 0, 0, 0, 0, 0, 0, 0, 0, 0, 0, 0, 0, 0, 0, 0, 0, 0, 0, 0, 0, 0, 0, 0, 0, 0, 0, 0, 0, 0, 0, 0, 0, 0, 0, 0, 0, 0, 0, 0, 0, 0, 0, 0, 0, 0, 0, 0, 0
  remuPEInst(16)(13): 0, 0, 0, 0, 0, 0, 0, 0, 0, 0, 0, 0, 0, 0, 0, 0, 0, 0, 0, 0, 0, 0, 0, 0, 0, 0, 0, 0, 0, 0, 0, 0, 0, 0, 0, 0, 0, 0, 0, 0, 0, 0, 0, 0, 0, 0, 0, 0, 0, 0, 0, 0, 0, 0, 0, 0, 0, 0, 0, 0, 0, 0, 0, 0
  remuPEInst(16)(14): 0, 0, 0, 0, 0, 0, 0, 0, 0, 0, 0, 0, 0, 0, 0, 0, 0, 0, 0, 0, 0, 0, 0, 0, 0, 0, 0, 0, 0, 0, 0, 0, 0, 0, 0, 0, 0, 0, 0, 0, 0, 0, 0, 0, 0, 0, 0, 0, 0, 0, 0, 0, 0, 0, 0, 0, 0, 0, 0, 0, 0, 0, 0, 0
  remuPEInst(16)(15): 0, 0, 0, 0, 0, 0, 0, 0, 0, 0, 0, 0, 0, 0, 0, 0, 0, 0, 0, 0, 0, 0, 0, 0, 0, 0, 0, 0, 0, 0, 0, 0, 0, 0, 0, 0, 0, 0, 0, 0, 0, 0, 0, 0, 0, 0, 0, 0, 0, 0, 0, 0, 0, 0, 0, 0, 0, 0, 0, 0, 0, 0, 0, 0

remuPEInst(17) Instructions:
  remuPEInst(17)(0): 0, 0, 0, 0, 0, 0, 0, 0, 0, 0, 0, 0, 0, 0, 0, 0, 0, 0, 0, 0, 0, 0, 0, 0, 0, 0, 0, 0, 0, 0, 0, 0, 0, 0, 0, 0, 0, 0, 0, 0, 0, 0, 0, 0, 0, 0, 0, 0, 0, 0, 0, 0, 0, 0, 0, 0, 0, 0, 0, 0, 0, 0, 0, 0
  remuPEInst(17)(1): 0, 0, 0, 0, 0, 0, 0, 0, 0, 0, 0, 0, 0, 0, 0, 0, 0, 0, 0, 0, 0, 0, 0, 0, 0, 0, 0, 0, 0, 0, 0, 0, 0, 0, 0, 0, 0, 0, 0, 0, 0, 0, 0, 0, 0, 0, 0, 0, 0, 0, 0, 0, 0, 0, 0, 0, 0, 0, 0, 0, 0, 0, 0, 0
  remuPEInst(17)(2): 0, 0, 0, 0, 0, 0, 0, 0, 0, 0, 0, 0, 0, 0, 0, 0, 0, 0, 0, 0, 0, 0, 0, 0, 0, 0, 0, 0, 0, 0, 0, 0, 0, 0, 0, 0, 0, 0, 0, 0, 0, 0, 0, 0, 0, 0, 0, 0, 0, 0, 0, 0, 0, 0, 0, 0, 0, 0, 0, 0, 0, 0, 0, 0
  remuPEInst(17)(3): 0, 0, 0, 0, 0, 0, 0, 0, 0, 0, 0, 0, 0, 0, 0, 0, 0, 0, 0, 0, 0, 0, 0, 0, 0, 0, 0, 0, 0, 0, 0, 0, 0, 0, 0, 0, 0, 0, 0, 0, 0, 0, 0, 0, 0, 0, 0, 0, 0, 0, 0, 0, 0, 0, 0, 0, 0, 0, 0, 0, 0, 0, 0, 0
  remuPEInst(17)(4): 0, 0, 0, 0, 0, 0, 0, 0, 0, 0, 0, 0, 0, 0, 0, 0, 0, 0, 0, 0, 0, 0, 0, 0, 0, 0, 0, 0, 0, 0, 0, 0, 0, 0, 0, 0, 0, 0, 0, 0, 0, 0, 0, 0, 0, 0, 0, 0, 0, 0, 0, 0, 0, 0, 0, 0, 0, 0, 0, 0, 0, 0, 0, 0
  remuPEInst(17)(5): 0, 0, 0, 0, 0, 0, 0, 0, 0, 0, 0, 0, 0, 0, 0, 0, 0, 0, 0, 0, 0, 0, 0, 0, 0, 0, 0, 0, 0, 0, 0, 0, 0, 0, 0, 0, 0, 0, 0, 0, 0, 0, 0, 0, 0, 0, 0, 0, 0, 0, 0, 0, 0, 0, 0, 0, 0, 0, 0, 0, 0, 0, 0, 0
  remuPEInst(17)(6): 0, 0, 0, 0, 0, 0, 0, 0, 0, 0, 0, 0, 0, 0, 0, 0, 0, 0, 0, 0, 0, 0, 0, 0, 0, 0, 0, 0, 0, 0, 0, 0, 0, 0, 0, 0, 0, 0, 0, 0, 0, 0, 0, 0, 0, 0, 0, 0, 0, 0, 0, 0, 0, 0, 0, 0, 0, 0, 0, 0, 0, 0, 0, 0
  remuPEInst(17)(7): 0, 0, 0, 0, 0, 0, 0, 0, 0, 0, 0, 0, 0, 0, 0, 0, 0, 0, 0, 0, 0, 0, 0, 0, 0, 0, 0, 0, 0, 0, 0, 0, 0, 0, 0, 0, 0, 0, 0, 0, 0, 0, 0, 0, 0, 0, 0, 0, 0, 0, 0, 0, 0, 0, 0, 0, 0, 0, 0, 0, 0, 0, 0, 0
  remuPEInst(17)(8): 0, 0, 0, 0, 0, 0, 0, 0, 0, 0, 0, 0, 0, 0, 0, 0, 0, 0, 0, 0, 0, 0, 0, 0, 0, 0, 0, 0, 0, 0, 0, 0, 0, 0, 0, 0, 0, 0, 0, 0, 0, 0, 0, 0, 0, 0, 0, 0, 0, 0, 0, 0, 0, 0, 0, 0, 0, 0, 0, 0, 0, 0, 0, 0
  remuPEInst(17)(9): 0, 0, 0, 0, 0, 0, 0, 0, 0, 0, 0, 0, 0, 0, 0, 0, 0, 0, 0, 0, 0, 0, 0, 0, 0, 0, 0, 0, 0, 0, 0, 0, 0, 0, 0, 0, 0, 0, 0, 0, 0, 0, 0, 0, 0, 0, 0, 0, 0, 0, 0, 0, 0, 0, 0, 0, 0, 0, 0, 0, 0, 0, 0, 0
  remuPEInst(17)(10): 0, 0, 0, 0, 0, 0, 0, 0, 0, 0, 0, 0, 0, 0, 0, 0, 0, 0, 0, 0, 0, 0, 0, 0, 0, 0, 0, 0, 0, 0, 0, 0, 0, 0, 0, 0, 0, 0, 0, 0, 0, 0, 0, 0, 0, 0, 0, 0, 0, 0, 0, 0, 0, 0, 0, 0, 0, 0, 0, 0, 0, 0, 0, 0
  remuPEInst(17)(11): 0, 0, 0, 0, 0, 0, 0, 0, 0, 0, 0, 0, 0, 0, 0, 0, 0, 0, 0, 0, 0, 0, 0, 0, 0, 0, 0, 0, 0, 0, 0, 0, 0, 0, 0, 0, 0, 0, 0, 0, 0, 0, 0, 0, 0, 0, 0, 0, 0, 0, 0, 0, 0, 0, 0, 0, 0, 0, 0, 0, 0, 0, 0, 0
  remuPEInst(17)(12): 0, 0, 0, 0, 0, 0, 0, 0, 0, 0, 0, 0, 0, 0, 0, 0, 0, 0, 0, 0, 0, 0, 0, 0, 0, 0, 0, 0, 0, 0, 0, 0, 0, 0, 0, 0, 0, 0, 0, 0, 0, 0, 0, 0, 0, 0, 0, 0, 0, 0, 0, 0, 0, 0, 0, 0, 0, 0, 0, 0, 0, 0, 0, 0
  remuPEInst(17)(13): 0, 0, 0, 0, 0, 0, 0, 0, 0, 0, 0, 0, 0, 0, 0, 0, 0, 0, 0, 0, 0, 0, 0, 0, 0, 0, 0, 0, 0, 0, 0, 0, 0, 0, 0, 0, 0, 0, 0, 0, 0, 0, 0, 0, 0, 0, 0, 0, 0, 0, 0, 0, 0, 0, 0, 0, 0, 0, 0, 0, 0, 0, 0, 0
  remuPEInst(17)(14): 0, 0, 0, 0, 0, 0, 0, 0, 0, 0, 0, 0, 0, 0, 0, 0, 0, 0, 0, 0, 0, 0, 0, 0, 0, 0, 0, 0, 0, 0, 0, 0, 0, 0, 0, 0, 0, 0, 0, 0, 0, 0, 0, 0, 0, 0, 0, 0, 0, 0, 0, 0, 0, 0, 0, 0, 0, 0, 0, 0, 0, 0, 0, 0
  remuPEInst(17)(15): 0, 0, 0, 0, 0, 0, 0, 0, 0, 0, 0, 0, 0, 0, 0, 0, 0, 0, 0, 0, 0, 0, 0, 0, 0, 0, 0, 0, 0, 0, 0, 0, 0, 0, 0, 0, 0, 0, 0, 0, 0, 0, 0, 0, 0, 0, 0, 0, 0, 0, 0, 0, 0, 0, 0, 0, 0, 0, 0, 0, 0, 0, 0, 0

remuPEInst(18) Instructions:
  remuPEInst(18)(0): 0, 0, 0, 1, 1, 0, 1, 0, 0, 0, 0, 0, 0, 0, 0, 0, 1, 0, 1, 0, 0, 0, 0, 0, 0, 1, 1, 1, 1, 1, 1, 1, 0, 0, 0, 0, 0, 0, 0, 0, 0, 0, 0, 0, 0, 0, 0, 0, 0, 0, 0, 0, 0, 0, 0, 0, 0, 0, 0, 0, 0, 0, 0, 0
  remuPEInst(18)(1): 0, 0, 0, 0, 0, 0, 0, 0, 0, 0, 0, 0, 0, 0, 0, 0, 0, 0, 0, 0, 0, 0, 0, 0, 0, 0, 0, 0, 0, 0, 0, 0, 0, 0, 0, 0, 0, 0, 0, 0, 0, 0, 0, 0, 0, 0, 0, 0, 0, 0, 0, 0, 0, 0, 0, 0, 0, 0, 0, 0, 0, 0, 0, 0
  remuPEInst(18)(2): 0, 0, 0, 0, 0, 0, 0, 0, 0, 0, 0, 0, 0, 0, 0, 0, 0, 0, 0, 0, 0, 0, 0, 0, 0, 0, 0, 0, 0, 0, 0, 0, 0, 0, 0, 0, 0, 0, 0, 0, 0, 0, 0, 0, 0, 0, 0, 0, 0, 0, 0, 0, 0, 0, 0, 0, 0, 0, 0, 0, 0, 0, 0, 0
  remuPEInst(18)(3): 0, 0, 0, 0, 0, 0, 0, 0, 0, 0, 0, 0, 0, 0, 0, 0, 0, 0, 0, 0, 0, 0, 0, 0, 0, 0, 0, 0, 0, 0, 0, 0, 0, 0, 0, 0, 0, 0, 0, 0, 0, 0, 0, 0, 0, 0, 0, 0, 0, 0, 0, 0, 0, 0, 0, 0, 0, 0, 0, 0, 0, 0, 0, 0
  remuPEInst(18)(4): 0, 0, 0, 0, 0, 0, 0, 0, 0, 0, 0, 0, 0, 0, 0, 0, 0, 0, 0, 0, 0, 0, 0, 0, 0, 0, 0, 0, 0, 0, 0, 0, 0, 0, 0, 0, 0, 0, 0, 0, 0, 0, 0, 0, 0, 0, 0, 0, 0, 0, 0, 0, 0, 0, 0, 0, 0, 0, 0, 0, 0, 0, 0, 0
  remuPEInst(18)(5): 0, 0, 0, 0, 0, 0, 0, 0, 0, 0, 0, 0, 0, 0, 0, 0, 0, 0, 0, 0, 0, 0, 0, 0, 0, 0, 0, 0, 0, 0, 0, 0, 0, 0, 0, 0, 0, 0, 0, 0, 0, 0, 0, 0, 0, 0, 0, 0, 0, 0, 0, 0, 0, 0, 0, 0, 0, 0, 0, 0, 0, 0, 0, 0
  remuPEInst(18)(6): 0, 0, 0, 0, 0, 0, 0, 0, 0, 0, 0, 0, 0, 0, 0, 0, 0, 0, 0, 0, 0, 0, 0, 0, 0, 0, 0, 0, 0, 0, 0, 0, 0, 0, 0, 0, 0, 0, 0, 0, 0, 0, 0, 0, 0, 0, 0, 0, 0, 0, 0, 0, 0, 0, 0, 0, 0, 0, 0, 0, 0, 0, 0, 0
  remuPEInst(18)(7): 0, 0, 0, 0, 0, 0, 0, 0, 0, 0, 0, 0, 0, 0, 0, 0, 0, 0, 0, 0, 0, 0, 0, 0, 0, 0, 0, 0, 0, 0, 0, 0, 0, 0, 0, 0, 0, 0, 0, 0, 0, 0, 0, 0, 0, 0, 0, 0, 0, 0, 0, 0, 0, 0, 0, 0, 0, 0, 0, 0, 0, 0, 0, 0
  remuPEInst(18)(8): 0, 0, 0, 0, 0, 0, 0, 0, 0, 0, 0, 0, 0, 0, 0, 0, 0, 0, 0, 0, 0, 0, 0, 0, 0, 0, 0, 0, 0, 0, 0, 0, 0, 0, 0, 0, 0, 0, 0, 0, 0, 0, 0, 0, 0, 0, 0, 0, 0, 0, 0, 0, 0, 0, 0, 0, 0, 0, 0, 0, 0, 0, 0, 0
  remuPEInst(18)(9): 0, 0, 0, 0, 0, 0, 0, 0, 0, 0, 0, 0, 0, 0, 0, 0, 0, 0, 0, 0, 0, 0, 0, 0, 0, 0, 0, 0, 0, 0, 0, 0, 0, 0, 0, 0, 0, 0, 0, 0, 0, 0, 0, 0, 0, 0, 0, 0, 0, 0, 0, 0, 0, 0, 0, 0, 0, 0, 0, 0, 0, 0, 0, 0
  remuPEInst(18)(10): 0, 0, 0, 0, 0, 0, 0, 0, 0, 0, 0, 0, 0, 0, 0, 0, 0, 0, 0, 0, 0, 0, 0, 0, 0, 0, 0, 0, 0, 0, 0, 0, 0, 0, 0, 0, 0, 0, 0, 0, 0, 0, 0, 0, 0, 0, 0, 0, 0, 0, 0, 0, 0, 0, 0, 0, 0, 0, 0, 0, 0, 0, 0, 0
  remuPEInst(18)(11): 0, 0, 0, 0, 0, 0, 0, 0, 0, 0, 0, 0, 0, 0, 0, 0, 0, 0, 0, 0, 0, 0, 0, 0, 0, 0, 0, 0, 0, 0, 0, 0, 0, 0, 0, 0, 0, 0, 0, 0, 0, 0, 0, 0, 0, 0, 0, 0, 0, 0, 0, 0, 0, 0, 0, 0, 0, 0, 0, 0, 0, 0, 0, 0
  remuPEInst(18)(12): 0, 0, 0, 0, 0, 0, 0, 0, 0, 0, 0, 0, 0, 0, 0, 0, 0, 0, 0, 0, 0, 0, 0, 0, 0, 0, 0, 0, 0, 0, 0, 0, 0, 0, 0, 0, 0, 0, 0, 0, 0, 0, 0, 0, 0, 0, 0, 0, 0, 0, 0, 0, 0, 0, 0, 0, 0, 0, 0, 0, 0, 0, 0, 0
  remuPEInst(18)(13): 0, 0, 0, 0, 0, 0, 0, 0, 0, 0, 0, 0, 0, 0, 0, 0, 0, 0, 0, 0, 0, 0, 0, 0, 0, 0, 0, 0, 0, 0, 0, 0, 0, 0, 0, 0, 0, 0, 0, 0, 0, 0, 0, 0, 0, 0, 0, 0, 0, 0, 0, 0, 0, 0, 0, 0, 0, 0, 0, 0, 0, 0, 0, 0
  remuPEInst(18)(14): 0, 0, 0, 0, 0, 0, 0, 0, 0, 0, 0, 0, 0, 0, 0, 0, 0, 0, 0, 0, 0, 0, 0, 0, 0, 0, 0, 0, 0, 0, 0, 0, 0, 0, 0, 0, 0, 0, 0, 0, 0, 0, 0, 0, 0, 0, 0, 0, 0, 0, 0, 0, 0, 0, 0, 0, 0, 0, 0, 0, 0, 0, 0, 0
  remuPEInst(18)(15): 0, 0, 0, 0, 0, 0, 0, 0, 0, 0, 0, 0, 0, 0, 0, 0, 0, 0, 0, 0, 0, 0, 0, 0, 0, 0, 0, 0, 0, 0, 0, 0, 0, 0, 0, 0, 0, 0, 0, 0, 0, 0, 0, 0, 0, 0, 0, 0, 0, 0, 0, 0, 0, 0, 0, 0, 0, 0, 0, 0, 0, 0, 0, 0

remuPEInst(19) Instructions:
  remuPEInst(19)(0): 0, 1, 0, 1, 0, 1, 0, 0, 0, 0, 0, 0, 0, 0, 0, 0, 1, 1, 0, 1, 0, 1, 0, 0, 0, 1, 1, 1, 1, 1, 1, 1, 0, 0, 0, 0, 0, 0, 0, 0, 0, 0, 0, 0, 0, 0, 0, 0, 0, 0, 0, 0, 0, 0, 0, 0, 0, 0, 0, 0, 0, 0, 0, 0
  remuPEInst(19)(1): 1, 0, 1, 0, 1, 0, 1, 0, 0, 0, 0, 0, 0, 0, 0, 0, 1, 0, 1, 0, 0, 0, 0, 0, 0, 1, 1, 1, 1, 1, 1, 1, 0, 0, 0, 0, 0, 0, 0, 0, 0, 0, 0, 0, 0, 0, 0, 0, 0, 0, 0, 0, 0, 0, 0, 0, 0, 0, 0, 0, 0, 0, 0, 0
  remuPEInst(19)(2): 0, 1, 0, 1, 1, 0, 1, 0, 0, 0, 0, 0, 0, 0, 0, 0, 1, 0, 1, 0, 0, 0, 0, 0, 0, 1, 1, 1, 1, 1, 1, 1, 0, 0, 0, 0, 0, 0, 0, 0, 0, 0, 0, 0, 0, 0, 0, 0, 0, 0, 0, 0, 0, 0, 0, 0, 0, 0, 0, 0, 0, 0, 0, 0
  remuPEInst(19)(3): 0, 0, 0, 0, 0, 0, 0, 0, 0, 0, 0, 0, 0, 0, 0, 0, 0, 0, 0, 0, 0, 0, 0, 0, 0, 0, 0, 0, 0, 0, 0, 0, 0, 0, 0, 0, 0, 0, 0, 0, 0, 0, 0, 0, 0, 0, 0, 0, 0, 0, 0, 0, 0, 0, 0, 0, 0, 0, 0, 0, 0, 0, 0, 0
  remuPEInst(19)(4): 0, 0, 0, 0, 0, 0, 0, 0, 0, 0, 0, 0, 0, 0, 0, 0, 0, 0, 0, 0, 0, 0, 0, 0, 0, 0, 0, 0, 0, 0, 0, 0, 0, 0, 0, 0, 0, 0, 0, 0, 0, 0, 0, 0, 0, 0, 0, 0, 0, 0, 0, 0, 0, 0, 0, 0, 0, 0, 0, 0, 0, 0, 0, 0
  remuPEInst(19)(5): 0, 0, 0, 0, 0, 0, 0, 0, 0, 0, 0, 0, 0, 0, 0, 0, 0, 0, 0, 0, 0, 0, 0, 0, 0, 0, 0, 0, 0, 0, 0, 0, 0, 0, 0, 0, 0, 0, 0, 0, 0, 0, 0, 0, 0, 0, 0, 0, 0, 0, 0, 0, 0, 0, 0, 0, 0, 0, 0, 0, 0, 0, 0, 0
  remuPEInst(19)(6): 0, 0, 0, 0, 0, 0, 0, 0, 0, 0, 0, 0, 0, 0, 0, 0, 0, 0, 0, 0, 0, 0, 0, 0, 0, 0, 0, 0, 0, 0, 0, 0, 0, 0, 0, 0, 0, 0, 0, 0, 0, 0, 0, 0, 0, 0, 0, 0, 0, 0, 0, 0, 0, 0, 0, 0, 0, 0, 0, 0, 0, 0, 0, 0
  remuPEInst(19)(7): 0, 0, 0, 0, 0, 0, 0, 0, 0, 0, 0, 0, 0, 0, 0, 0, 0, 0, 0, 0, 0, 0, 0, 0, 0, 0, 0, 0, 0, 0, 0, 0, 0, 0, 0, 0, 0, 0, 0, 0, 0, 0, 0, 0, 0, 0, 0, 0, 0, 0, 0, 0, 0, 0, 0, 0, 0, 0, 0, 0, 0, 0, 0, 0
  remuPEInst(19)(8): 0, 0, 0, 0, 0, 0, 0, 0, 0, 0, 0, 0, 0, 0, 0, 0, 0, 0, 0, 0, 0, 0, 0, 0, 0, 0, 0, 0, 0, 0, 0, 0, 0, 0, 0, 0, 0, 0, 0, 0, 0, 0, 0, 0, 0, 0, 0, 0, 0, 0, 0, 0, 0, 0, 0, 0, 0, 0, 0, 0, 0, 0, 0, 0
  remuPEInst(19)(9): 0, 0, 0, 0, 0, 0, 0, 0, 0, 0, 0, 0, 0, 0, 0, 0, 0, 0, 0, 0, 0, 0, 0, 0, 0, 0, 0, 0, 0, 0, 0, 0, 0, 0, 0, 0, 0, 0, 0, 0, 0, 0, 0, 0, 0, 0, 0, 0, 0, 0, 0, 0, 0, 0, 0, 0, 0, 0, 0, 0, 0, 0, 0, 0
  remuPEInst(19)(10): 0, 0, 0, 0, 0, 0, 0, 0, 0, 0, 0, 0, 0, 0, 0, 0, 0, 0, 0, 0, 0, 0, 0, 0, 0, 0, 0, 0, 0, 0, 0, 0, 0, 0, 0, 0, 0, 0, 0, 0, 0, 0, 0, 0, 0, 0, 0, 0, 0, 0, 0, 0, 0, 0, 0, 0, 0, 0, 0, 0, 0, 0, 0, 0
  remuPEInst(19)(11): 0, 0, 0, 0, 0, 0, 0, 0, 0, 0, 0, 0, 0, 0, 0, 0, 0, 0, 0, 0, 0, 0, 0, 0, 0, 0, 0, 0, 0, 0, 0, 0, 0, 0, 0, 0, 0, 0, 0, 0, 0, 0, 0, 0, 0, 0, 0, 0, 0, 0, 0, 0, 0, 0, 0, 0, 0, 0, 0, 0, 0, 0, 0, 0
  remuPEInst(19)(12): 0, 0, 0, 0, 0, 0, 0, 0, 0, 0, 0, 0, 0, 0, 0, 0, 0, 0, 0, 0, 0, 0, 0, 0, 0, 0, 0, 0, 0, 0, 0, 0, 0, 0, 0, 0, 0, 0, 0, 0, 0, 0, 0, 0, 0, 0, 0, 0, 0, 0, 0, 0, 0, 0, 0, 0, 0, 0, 0, 0, 0, 0, 0, 0
  remuPEInst(19)(13): 0, 0, 0, 0, 0, 0, 0, 0, 0, 0, 0, 0, 0, 0, 0, 0, 0, 0, 0, 0, 0, 0, 0, 0, 0, 0, 0, 0, 0, 0, 0, 0, 0, 0, 0, 0, 0, 0, 0, 0, 0, 0, 0, 0, 0, 0, 0, 0, 0, 0, 0, 0, 0, 0, 0, 0, 0, 0, 0, 0, 0, 0, 0, 0
  remuPEInst(19)(14): 0, 0, 0, 0, 0, 0, 0, 0, 0, 0, 0, 0, 0, 0, 0, 0, 0, 0, 0, 0, 0, 0, 0, 0, 0, 0, 0, 0, 0, 0, 0, 0, 0, 0, 0, 0, 0, 0, 0, 0, 0, 0, 0, 0, 0, 0, 0, 0, 0, 0, 0, 0, 0, 0, 0, 0, 0, 0, 0, 0, 0, 0, 0, 0
  remuPEInst(19)(15): 0, 0, 0, 0, 0, 0, 0, 0, 0, 0, 0, 0, 0, 0, 0, 0, 0, 0, 0, 0, 0, 0, 0, 0, 0, 0, 0, 0, 0, 0, 0, 0, 0, 0, 0, 0, 0, 0, 0, 0, 0, 0, 0, 0, 0, 0, 0, 0, 0, 0, 0, 0, 0, 0, 0, 0, 0, 0, 0, 0, 0, 0, 0, 0

remuPEInst(20) Instructions:
  remuPEInst(20)(0): 0, 0, 1, 0, 0, 1, 0, 0, 0, 0, 0, 0, 0, 0, 0, 0, 1, 1, 0, 1, 0, 1, 0, 0, 0, 1, 1, 1, 1, 1, 1, 1, 0, 0, 0, 0, 0, 0, 0, 0, 0, 0, 0, 0, 0, 0, 0, 0, 0, 0, 0, 0, 0, 0, 0, 0, 0, 0, 0, 0, 0, 0, 0, 0
  remuPEInst(20)(1): 1, 1, 0, 1, 0, 1, 0, 0, 0, 0, 0, 0, 0, 0, 0, 0, 0, 1, 0, 1, 0, 1, 0, 0, 0, 1, 1, 1, 1, 1, 1, 1, 0, 0, 0, 0, 0, 0, 0, 0, 0, 0, 0, 0, 0, 0, 0, 0, 0, 0, 0, 0, 0, 0, 0, 0, 0, 0, 0, 0, 0, 0, 0, 0
  remuPEInst(20)(2): 0, 0, 0, 0, 0, 0, 0, 0, 0, 0, 0, 0, 0, 0, 0, 0, 0, 0, 0, 0, 0, 0, 0, 0, 0, 0, 0, 0, 0, 0, 0, 0, 0, 0, 0, 0, 0, 0, 0, 0, 0, 0, 0, 0, 0, 0, 0, 0, 0, 0, 0, 0, 0, 0, 0, 0, 0, 0, 0, 0, 0, 0, 0, 0
  remuPEInst(20)(3): 0, 0, 0, 0, 0, 0, 0, 0, 0, 0, 0, 0, 0, 0, 0, 0, 0, 0, 0, 0, 0, 0, 0, 0, 0, 0, 0, 0, 0, 0, 0, 0, 0, 0, 0, 0, 0, 0, 0, 0, 0, 0, 0, 0, 0, 0, 0, 0, 0, 0, 0, 0, 0, 0, 0, 0, 0, 0, 0, 0, 0, 0, 0, 0
  remuPEInst(20)(4): 0, 0, 0, 0, 0, 0, 0, 0, 0, 0, 0, 0, 0, 0, 0, 0, 0, 0, 0, 0, 0, 0, 0, 0, 0, 0, 0, 0, 0, 0, 0, 0, 0, 0, 0, 0, 0, 0, 0, 0, 0, 0, 0, 0, 0, 0, 0, 0, 0, 0, 0, 0, 0, 0, 0, 0, 0, 0, 0, 0, 0, 0, 0, 0
  remuPEInst(20)(5): 0, 0, 0, 0, 0, 0, 0, 0, 0, 0, 0, 0, 0, 0, 0, 0, 0, 0, 0, 0, 0, 0, 0, 0, 0, 0, 0, 0, 0, 0, 0, 0, 0, 0, 0, 0, 0, 0, 0, 0, 0, 0, 0, 0, 0, 0, 0, 0, 0, 0, 0, 0, 0, 0, 0, 0, 0, 0, 0, 0, 0, 0, 0, 0
  remuPEInst(20)(6): 0, 0, 0, 0, 0, 0, 0, 0, 0, 0, 0, 0, 0, 0, 0, 0, 0, 0, 0, 0, 0, 0, 0, 0, 0, 0, 0, 0, 0, 0, 0, 0, 0, 0, 0, 0, 0, 0, 0, 0, 0, 0, 0, 0, 0, 0, 0, 0, 0, 0, 0, 0, 0, 0, 0, 0, 0, 0, 0, 0, 0, 0, 0, 0
  remuPEInst(20)(7): 0, 0, 0, 0, 0, 0, 0, 0, 0, 0, 0, 0, 0, 0, 0, 0, 0, 0, 0, 0, 0, 0, 0, 0, 0, 0, 0, 0, 0, 0, 0, 0, 0, 0, 0, 0, 0, 0, 0, 0, 0, 0, 0, 0, 0, 0, 0, 0, 0, 0, 0, 0, 0, 0, 0, 0, 0, 0, 0, 0, 0, 0, 0, 0
  remuPEInst(20)(8): 0, 0, 0, 0, 0, 0, 0, 0, 0, 0, 0, 0, 0, 0, 0, 0, 0, 0, 0, 0, 0, 0, 0, 0, 0, 0, 0, 0, 0, 0, 0, 0, 0, 0, 0, 0, 0, 0, 0, 0, 0, 0, 0, 0, 0, 0, 0, 0, 0, 0, 0, 0, 0, 0, 0, 0, 0, 0, 0, 0, 0, 0, 0, 0
  remuPEInst(20)(9): 0, 0, 0, 0, 0, 0, 0, 0, 0, 0, 0, 0, 0, 0, 0, 0, 0, 0, 0, 0, 0, 0, 0, 0, 0, 0, 0, 0, 0, 0, 0, 0, 0, 0, 0, 0, 0, 0, 0, 0, 0, 0, 0, 0, 0, 0, 0, 0, 0, 0, 0, 0, 0, 0, 0, 0, 0, 0, 0, 0, 0, 0, 0, 0
  remuPEInst(20)(10): 0, 0, 0, 0, 0, 0, 0, 0, 0, 0, 0, 0, 0, 0, 0, 0, 0, 0, 0, 0, 0, 0, 0, 0, 0, 0, 0, 0, 0, 0, 0, 0, 0, 0, 0, 0, 0, 0, 0, 0, 0, 0, 0, 0, 0, 0, 0, 0, 0, 0, 0, 0, 0, 0, 0, 0, 0, 0, 0, 0, 0, 0, 0, 0
  remuPEInst(20)(11): 0, 0, 0, 0, 0, 0, 0, 0, 0, 0, 0, 0, 0, 0, 0, 0, 0, 0, 0, 0, 0, 0, 0, 0, 0, 0, 0, 0, 0, 0, 0, 0, 0, 0, 0, 0, 0, 0, 0, 0, 0, 0, 0, 0, 0, 0, 0, 0, 0, 0, 0, 0, 0, 0, 0, 0, 0, 0, 0, 0, 0, 0, 0, 0
  remuPEInst(20)(12): 0, 0, 0, 0, 0, 0, 0, 0, 0, 0, 0, 0, 0, 0, 0, 0, 0, 0, 0, 0, 0, 0, 0, 0, 0, 0, 0, 0, 0, 0, 0, 0, 0, 0, 0, 0, 0, 0, 0, 0, 0, 0, 0, 0, 0, 0, 0, 0, 0, 0, 0, 0, 0, 0, 0, 0, 0, 0, 0, 0, 0, 0, 0, 0
  remuPEInst(20)(13): 0, 0, 0, 0, 0, 0, 0, 0, 0, 0, 0, 0, 0, 0, 0, 0, 0, 0, 0, 0, 0, 0, 0, 0, 0, 0, 0, 0, 0, 0, 0, 0, 0, 0, 0, 0, 0, 0, 0, 0, 0, 0, 0, 0, 0, 0, 0, 0, 0, 0, 0, 0, 0, 0, 0, 0, 0, 0, 0, 0, 0, 0, 0, 0
  remuPEInst(20)(14): 0, 0, 0, 0, 0, 0, 0, 0, 0, 0, 0, 0, 0, 0, 0, 0, 0, 0, 0, 0, 0, 0, 0, 0, 0, 0, 0, 0, 0, 0, 0, 0, 0, 0, 0, 0, 0, 0, 0, 0, 0, 0, 0, 0, 0, 0, 0, 0, 0, 0, 0, 0, 0, 0, 0, 0, 0, 0, 0, 0, 0, 0, 0, 0
  remuPEInst(20)(15): 0, 0, 0, 0, 0, 0, 0, 0, 0, 0, 0, 0, 0, 0, 0, 0, 0, 0, 0, 0, 0, 0, 0, 0, 0, 0, 0, 0, 0, 0, 0, 0, 0, 0, 0, 0, 0, 0, 0, 0, 0, 0, 0, 0, 0, 0, 0, 0, 0, 0, 0, 0, 0, 0, 0, 0, 0, 0, 0, 0, 0, 0, 0, 0

remuPEInst(21) Instructions:
  remuPEInst(21)(0): 1, 1, 1, 1, 0, 0, 0, 0, 0, 0, 0, 0, 0, 0, 0, 0, 0, 1, 0, 0, 0, 0, 0, 0, 0, 0, 1, 1, 1, 1, 1, 1, 0, 0, 0, 0, 0, 0, 0, 0, 0, 0, 0, 0, 0, 0, 0, 0, 0, 0, 0, 0, 0, 0, 0, 0, 0, 0, 0, 0, 0, 0, 0, 0
  remuPEInst(21)(1): 1, 0, 1, 0, 0, 1, 0, 0, 0, 0, 0, 0, 0, 0, 0, 0, 0, 1, 0, 1, 0, 1, 0, 0, 0, 1, 1, 1, 1, 1, 1, 1, 0, 0, 0, 0, 0, 0, 0, 0, 0, 0, 0, 0, 0, 0, 0, 0, 0, 0, 0, 0, 0, 0, 0, 0, 0, 0, 0, 0, 0, 0, 0, 0
  remuPEInst(21)(2): 1, 1, 1, 0, 0, 1, 0, 0, 0, 0, 0, 0, 0, 0, 0, 0, 1, 1, 0, 1, 0, 1, 0, 0, 0, 1, 1, 1, 1, 1, 1, 1, 0, 0, 0, 0, 0, 0, 0, 0, 0, 0, 0, 0, 0, 0, 0, 0, 0, 0, 0, 0, 0, 0, 0, 0, 0, 0, 0, 0, 0, 0, 0, 0
  remuPEInst(21)(3): 0, 0, 0, 0, 0, 0, 0, 0, 0, 0, 0, 0, 0, 0, 0, 0, 0, 0, 0, 0, 0, 0, 0, 0, 0, 0, 0, 0, 0, 0, 0, 0, 0, 0, 0, 0, 0, 0, 0, 0, 0, 0, 0, 0, 0, 0, 0, 0, 0, 0, 0, 0, 0, 0, 0, 0, 0, 0, 0, 0, 0, 0, 0, 0
  remuPEInst(21)(4): 0, 0, 0, 0, 0, 0, 0, 0, 0, 0, 0, 0, 0, 0, 0, 0, 0, 0, 0, 0, 0, 0, 0, 0, 0, 0, 0, 0, 0, 0, 0, 0, 0, 0, 0, 0, 0, 0, 0, 0, 0, 0, 0, 0, 0, 0, 0, 0, 0, 0, 0, 0, 0, 0, 0, 0, 0, 0, 0, 0, 0, 0, 0, 0
  remuPEInst(21)(5): 0, 0, 0, 0, 0, 0, 0, 0, 0, 0, 0, 0, 0, 0, 0, 0, 0, 0, 0, 0, 0, 0, 0, 0, 0, 0, 0, 0, 0, 0, 0, 0, 0, 0, 0, 0, 0, 0, 0, 0, 0, 0, 0, 0, 0, 0, 0, 0, 0, 0, 0, 0, 0, 0, 0, 0, 0, 0, 0, 0, 0, 0, 0, 0
  remuPEInst(21)(6): 0, 0, 0, 0, 0, 0, 0, 0, 0, 0, 0, 0, 0, 0, 0, 0, 0, 0, 0, 0, 0, 0, 0, 0, 0, 0, 0, 0, 0, 0, 0, 0, 0, 0, 0, 0, 0, 0, 0, 0, 0, 0, 0, 0, 0, 0, 0, 0, 0, 0, 0, 0, 0, 0, 0, 0, 0, 0, 0, 0, 0, 0, 0, 0
  remuPEInst(21)(7): 0, 0, 0, 0, 0, 0, 0, 0, 0, 0, 0, 0, 0, 0, 0, 0, 0, 0, 0, 0, 0, 0, 0, 0, 0, 0, 0, 0, 0, 0, 0, 0, 0, 0, 0, 0, 0, 0, 0, 0, 0, 0, 0, 0, 0, 0, 0, 0, 0, 0, 0, 0, 0, 0, 0, 0, 0, 0, 0, 0, 0, 0, 0, 0
  remuPEInst(21)(8): 0, 0, 0, 0, 0, 0, 0, 0, 0, 0, 0, 0, 0, 0, 0, 0, 0, 0, 0, 0, 0, 0, 0, 0, 0, 0, 0, 0, 0, 0, 0, 0, 0, 0, 0, 0, 0, 0, 0, 0, 0, 0, 0, 0, 0, 0, 0, 0, 0, 0, 0, 0, 0, 0, 0, 0, 0, 0, 0, 0, 0, 0, 0, 0
  remuPEInst(21)(9): 0, 0, 0, 0, 0, 0, 0, 0, 0, 0, 0, 0, 0, 0, 0, 0, 0, 0, 0, 0, 0, 0, 0, 0, 0, 0, 0, 0, 0, 0, 0, 0, 0, 0, 0, 0, 0, 0, 0, 0, 0, 0, 0, 0, 0, 0, 0, 0, 0, 0, 0, 0, 0, 0, 0, 0, 0, 0, 0, 0, 0, 0, 0, 0
  remuPEInst(21)(10): 0, 0, 0, 0, 0, 0, 0, 0, 0, 0, 0, 0, 0, 0, 0, 0, 0, 0, 0, 0, 0, 0, 0, 0, 0, 0, 0, 0, 0, 0, 0, 0, 0, 0, 0, 0, 0, 0, 0, 0, 0, 0, 0, 0, 0, 0, 0, 0, 0, 0, 0, 0, 0, 0, 0, 0, 0, 0, 0, 0, 0, 0, 0, 0
  remuPEInst(21)(11): 0, 0, 0, 0, 0, 0, 0, 0, 0, 0, 0, 0, 0, 0, 0, 0, 0, 0, 0, 0, 0, 0, 0, 0, 0, 0, 0, 0, 0, 0, 0, 0, 0, 0, 0, 0, 0, 0, 0, 0, 0, 0, 0, 0, 0, 0, 0, 0, 0, 0, 0, 0, 0, 0, 0, 0, 0, 0, 0, 0, 0, 0, 0, 0
  remuPEInst(21)(12): 0, 0, 0, 0, 0, 0, 0, 0, 0, 0, 0, 0, 0, 0, 0, 0, 0, 0, 0, 0, 0, 0, 0, 0, 0, 0, 0, 0, 0, 0, 0, 0, 0, 0, 0, 0, 0, 0, 0, 0, 0, 0, 0, 0, 0, 0, 0, 0, 0, 0, 0, 0, 0, 0, 0, 0, 0, 0, 0, 0, 0, 0, 0, 0
  remuPEInst(21)(13): 0, 0, 0, 0, 0, 0, 0, 0, 0, 0, 0, 0, 0, 0, 0, 0, 0, 0, 0, 0, 0, 0, 0, 0, 0, 0, 0, 0, 0, 0, 0, 0, 0, 0, 0, 0, 0, 0, 0, 0, 0, 0, 0, 0, 0, 0, 0, 0, 0, 0, 0, 0, 0, 0, 0, 0, 0, 0, 0, 0, 0, 0, 0, 0
  remuPEInst(21)(14): 0, 0, 0, 0, 0, 0, 0, 0, 0, 0, 0, 0, 0, 0, 0, 0, 0, 0, 0, 0, 0, 0, 0, 0, 0, 0, 0, 0, 0, 0, 0, 0, 0, 0, 0, 0, 0, 0, 0, 0, 0, 0, 0, 0, 0, 0, 0, 0, 0, 0, 0, 0, 0, 0, 0, 0, 0, 0, 0, 0, 0, 0, 0, 0
  remuPEInst(21)(15): 0, 0, 0, 0, 0, 0, 0, 0, 0, 0, 0, 0, 0, 0, 0, 0, 0, 0, 0, 0, 0, 0, 0, 0, 0, 0, 0, 0, 0, 0, 0, 0, 0, 0, 0, 0, 0, 0, 0, 0, 0, 0, 0, 0, 0, 0, 0, 0, 0, 0, 0, 0, 0, 0, 0, 0, 0, 0, 0, 0, 0, 0, 0, 0

remuPEInst(22) Instructions:
  remuPEInst(22)(0): 0, 0, 0, 0, 1, 0, 0, 0, 0, 0, 0, 0, 0, 0, 0, 0, 0, 1, 0, 0, 0, 0, 0, 0, 0, 0, 1, 1, 1, 1, 1, 1, 0, 0, 0, 0, 0, 0, 0, 0, 0, 0, 0, 0, 0, 0, 0, 0, 0, 0, 0, 0, 0, 0, 0, 0, 0, 0, 0, 0, 0, 0, 0, 0
  remuPEInst(22)(1): 0, 0, 0, 0, 1, 1, 0, 0, 0, 0, 0, 0, 0, 0, 0, 0, 1, 0, 1, 0, 0, 0, 0, 0, 0, 0, 1, 1, 1, 1, 1, 1, 0, 0, 0, 0, 0, 0, 0, 0, 0, 0, 0, 0, 0, 0, 0, 0, 0, 0, 0, 0, 0, 0, 0, 0, 0, 0, 0, 0, 0, 0, 0, 0
  remuPEInst(22)(2): 1, 0, 1, 0, 1, 1, 0, 0, 0, 0, 0, 0, 0, 0, 0, 0, 1, 0, 1, 0, 0, 0, 0, 0, 0, 1, 1, 1, 1, 1, 1, 1, 0, 0, 0, 0, 0, 0, 0, 0, 0, 0, 0, 0, 0, 0, 0, 0, 0, 0, 0, 0, 0, 0, 0, 0, 0, 0, 0, 0, 0, 0, 0, 0
  remuPEInst(22)(3): 0, 0, 0, 0, 0, 0, 0, 0, 0, 0, 0, 0, 0, 0, 0, 0, 0, 0, 0, 0, 0, 0, 0, 0, 0, 0, 0, 0, 0, 0, 0, 0, 0, 0, 0, 0, 0, 0, 0, 0, 0, 0, 0, 0, 0, 0, 0, 0, 0, 0, 0, 0, 0, 0, 0, 0, 0, 0, 0, 0, 0, 0, 0, 0
  remuPEInst(22)(4): 0, 0, 0, 0, 0, 0, 0, 0, 0, 0, 0, 0, 0, 0, 0, 0, 0, 0, 0, 0, 0, 0, 0, 0, 0, 0, 0, 0, 0, 0, 0, 0, 0, 0, 0, 0, 0, 0, 0, 0, 0, 0, 0, 0, 0, 0, 0, 0, 0, 0, 0, 0, 0, 0, 0, 0, 0, 0, 0, 0, 0, 0, 0, 0
  remuPEInst(22)(5): 0, 0, 0, 0, 0, 0, 0, 0, 0, 0, 0, 0, 0, 0, 0, 0, 0, 0, 0, 0, 0, 0, 0, 0, 0, 0, 0, 0, 0, 0, 0, 0, 0, 0, 0, 0, 0, 0, 0, 0, 0, 0, 0, 0, 0, 0, 0, 0, 0, 0, 0, 0, 0, 0, 0, 0, 0, 0, 0, 0, 0, 0, 0, 0
  remuPEInst(22)(6): 0, 0, 0, 0, 0, 0, 0, 0, 0, 0, 0, 0, 0, 0, 0, 0, 0, 0, 0, 0, 0, 0, 0, 0, 0, 0, 0, 0, 0, 0, 0, 0, 0, 0, 0, 0, 0, 0, 0, 0, 0, 0, 0, 0, 0, 0, 0, 0, 0, 0, 0, 0, 0, 0, 0, 0, 0, 0, 0, 0, 0, 0, 0, 0
  remuPEInst(22)(7): 0, 0, 0, 0, 0, 0, 0, 0, 0, 0, 0, 0, 0, 0, 0, 0, 0, 0, 0, 0, 0, 0, 0, 0, 0, 0, 0, 0, 0, 0, 0, 0, 0, 0, 0, 0, 0, 0, 0, 0, 0, 0, 0, 0, 0, 0, 0, 0, 0, 0, 0, 0, 0, 0, 0, 0, 0, 0, 0, 0, 0, 0, 0, 0
  remuPEInst(22)(8): 0, 0, 0, 0, 0, 0, 0, 0, 0, 0, 0, 0, 0, 0, 0, 0, 0, 0, 0, 0, 0, 0, 0, 0, 0, 0, 0, 0, 0, 0, 0, 0, 0, 0, 0, 0, 0, 0, 0, 0, 0, 0, 0, 0, 0, 0, 0, 0, 0, 0, 0, 0, 0, 0, 0, 0, 0, 0, 0, 0, 0, 0, 0, 0
  remuPEInst(22)(9): 0, 0, 0, 0, 0, 0, 0, 0, 0, 0, 0, 0, 0, 0, 0, 0, 0, 0, 0, 0, 0, 0, 0, 0, 0, 0, 0, 0, 0, 0, 0, 0, 0, 0, 0, 0, 0, 0, 0, 0, 0, 0, 0, 0, 0, 0, 0, 0, 0, 0, 0, 0, 0, 0, 0, 0, 0, 0, 0, 0, 0, 0, 0, 0
  remuPEInst(22)(10): 0, 0, 0, 0, 0, 0, 0, 0, 0, 0, 0, 0, 0, 0, 0, 0, 0, 0, 0, 0, 0, 0, 0, 0, 0, 0, 0, 0, 0, 0, 0, 0, 0, 0, 0, 0, 0, 0, 0, 0, 0, 0, 0, 0, 0, 0, 0, 0, 0, 0, 0, 0, 0, 0, 0, 0, 0, 0, 0, 0, 0, 0, 0, 0
  remuPEInst(22)(11): 0, 0, 0, 0, 0, 0, 0, 0, 0, 0, 0, 0, 0, 0, 0, 0, 0, 0, 0, 0, 0, 0, 0, 0, 0, 0, 0, 0, 0, 0, 0, 0, 0, 0, 0, 0, 0, 0, 0, 0, 0, 0, 0, 0, 0, 0, 0, 0, 0, 0, 0, 0, 0, 0, 0, 0, 0, 0, 0, 0, 0, 0, 0, 0
  remuPEInst(22)(12): 0, 0, 0, 0, 0, 0, 0, 0, 0, 0, 0, 0, 0, 0, 0, 0, 0, 0, 0, 0, 0, 0, 0, 0, 0, 0, 0, 0, 0, 0, 0, 0, 0, 0, 0, 0, 0, 0, 0, 0, 0, 0, 0, 0, 0, 0, 0, 0, 0, 0, 0, 0, 0, 0, 0, 0, 0, 0, 0, 0, 0, 0, 0, 0
  remuPEInst(22)(13): 0, 0, 0, 0, 0, 0, 0, 0, 0, 0, 0, 0, 0, 0, 0, 0, 0, 0, 0, 0, 0, 0, 0, 0, 0, 0, 0, 0, 0, 0, 0, 0, 0, 0, 0, 0, 0, 0, 0, 0, 0, 0, 0, 0, 0, 0, 0, 0, 0, 0, 0, 0, 0, 0, 0, 0, 0, 0, 0, 0, 0, 0, 0, 0
  remuPEInst(22)(14): 0, 0, 0, 0, 0, 0, 0, 0, 0, 0, 0, 0, 0, 0, 0, 0, 0, 0, 0, 0, 0, 0, 0, 0, 0, 0, 0, 0, 0, 0, 0, 0, 0, 0, 0, 0, 0, 0, 0, 0, 0, 0, 0, 0, 0, 0, 0, 0, 0, 0, 0, 0, 0, 0, 0, 0, 0, 0, 0, 0, 0, 0, 0, 0
  remuPEInst(22)(15): 0, 0, 0, 0, 0, 0, 0, 0, 0, 0, 0, 0, 0, 0, 0, 0, 0, 0, 0, 0, 0, 0, 0, 0, 0, 0, 0, 0, 0, 0, 0, 0, 0, 0, 0, 0, 0, 0, 0, 0, 0, 0, 0, 0, 0, 0, 0, 0, 0, 0, 0, 0, 0, 0, 0, 0, 0, 0, 0, 0, 0, 0, 0, 0

remuPEInst(23) Instructions:
  remuPEInst(23)(0): 1, 0, 0, 0, 1, 0, 1, 0, 0, 0, 0, 0, 0, 0, 0, 0, 1, 0, 1, 0, 0, 0, 0, 0, 0, 1, 1, 1, 1, 1, 1, 1, 0, 0, 0, 0, 0, 0, 0, 0, 0, 0, 0, 0, 0, 0, 0, 0, 0, 0, 0, 0, 0, 0, 0, 0, 0, 0, 0, 0, 0, 0, 0, 0
  remuPEInst(23)(1): 1, 0, 0, 1, 1, 0, 1, 0, 0, 0, 0, 0, 0, 0, 0, 0, 1, 0, 1, 0, 0, 0, 0, 0, 0, 1, 1, 1, 1, 1, 1, 1, 0, 0, 0, 0, 0, 0, 0, 0, 0, 0, 0, 0, 0, 0, 0, 0, 0, 0, 0, 0, 0, 0, 0, 0, 0, 0, 0, 0, 0, 0, 0, 0
  remuPEInst(23)(2): 0, 0, 0, 0, 0, 0, 0, 0, 0, 0, 0, 0, 0, 0, 0, 0, 0, 0, 0, 0, 0, 0, 0, 0, 0, 0, 0, 0, 0, 0, 0, 0, 0, 0, 0, 0, 0, 0, 0, 0, 0, 0, 0, 0, 0, 0, 0, 0, 0, 0, 0, 0, 0, 0, 0, 0, 0, 0, 0, 0, 0, 0, 0, 0
  remuPEInst(23)(3): 0, 0, 0, 0, 0, 0, 0, 0, 0, 0, 0, 0, 0, 0, 0, 0, 0, 0, 0, 0, 0, 0, 0, 0, 0, 0, 0, 0, 0, 0, 0, 0, 0, 0, 0, 0, 0, 0, 0, 0, 0, 0, 0, 0, 0, 0, 0, 0, 0, 0, 0, 0, 0, 0, 0, 0, 0, 0, 0, 0, 0, 0, 0, 0
  remuPEInst(23)(4): 0, 0, 0, 0, 0, 0, 0, 0, 0, 0, 0, 0, 0, 0, 0, 0, 0, 0, 0, 0, 0, 0, 0, 0, 0, 0, 0, 0, 0, 0, 0, 0, 0, 0, 0, 0, 0, 0, 0, 0, 0, 0, 0, 0, 0, 0, 0, 0, 0, 0, 0, 0, 0, 0, 0, 0, 0, 0, 0, 0, 0, 0, 0, 0
  remuPEInst(23)(5): 0, 0, 0, 0, 0, 0, 0, 0, 0, 0, 0, 0, 0, 0, 0, 0, 0, 0, 0, 0, 0, 0, 0, 0, 0, 0, 0, 0, 0, 0, 0, 0, 0, 0, 0, 0, 0, 0, 0, 0, 0, 0, 0, 0, 0, 0, 0, 0, 0, 0, 0, 0, 0, 0, 0, 0, 0, 0, 0, 0, 0, 0, 0, 0
  remuPEInst(23)(6): 0, 0, 0, 0, 0, 0, 0, 0, 0, 0, 0, 0, 0, 0, 0, 0, 0, 0, 0, 0, 0, 0, 0, 0, 0, 0, 0, 0, 0, 0, 0, 0, 0, 0, 0, 0, 0, 0, 0, 0, 0, 0, 0, 0, 0, 0, 0, 0, 0, 0, 0, 0, 0, 0, 0, 0, 0, 0, 0, 0, 0, 0, 0, 0
  remuPEInst(23)(7): 0, 0, 0, 0, 0, 0, 0, 0, 0, 0, 0, 0, 0, 0, 0, 0, 0, 0, 0, 0, 0, 0, 0, 0, 0, 0, 0, 0, 0, 0, 0, 0, 0, 0, 0, 0, 0, 0, 0, 0, 0, 0, 0, 0, 0, 0, 0, 0, 0, 0, 0, 0, 0, 0, 0, 0, 0, 0, 0, 0, 0, 0, 0, 0
  remuPEInst(23)(8): 0, 0, 0, 0, 0, 0, 0, 0, 0, 0, 0, 0, 0, 0, 0, 0, 0, 0, 0, 0, 0, 0, 0, 0, 0, 0, 0, 0, 0, 0, 0, 0, 0, 0, 0, 0, 0, 0, 0, 0, 0, 0, 0, 0, 0, 0, 0, 0, 0, 0, 0, 0, 0, 0, 0, 0, 0, 0, 0, 0, 0, 0, 0, 0
  remuPEInst(23)(9): 0, 0, 0, 0, 0, 0, 0, 0, 0, 0, 0, 0, 0, 0, 0, 0, 0, 0, 0, 0, 0, 0, 0, 0, 0, 0, 0, 0, 0, 0, 0, 0, 0, 0, 0, 0, 0, 0, 0, 0, 0, 0, 0, 0, 0, 0, 0, 0, 0, 0, 0, 0, 0, 0, 0, 0, 0, 0, 0, 0, 0, 0, 0, 0
  remuPEInst(23)(10): 0, 0, 0, 0, 0, 0, 0, 0, 0, 0, 0, 0, 0, 0, 0, 0, 0, 0, 0, 0, 0, 0, 0, 0, 0, 0, 0, 0, 0, 0, 0, 0, 0, 0, 0, 0, 0, 0, 0, 0, 0, 0, 0, 0, 0, 0, 0, 0, 0, 0, 0, 0, 0, 0, 0, 0, 0, 0, 0, 0, 0, 0, 0, 0
  remuPEInst(23)(11): 0, 0, 0, 0, 0, 0, 0, 0, 0, 0, 0, 0, 0, 0, 0, 0, 0, 0, 0, 0, 0, 0, 0, 0, 0, 0, 0, 0, 0, 0, 0, 0, 0, 0, 0, 0, 0, 0, 0, 0, 0, 0, 0, 0, 0, 0, 0, 0, 0, 0, 0, 0, 0, 0, 0, 0, 0, 0, 0, 0, 0, 0, 0, 0
  remuPEInst(23)(12): 0, 0, 0, 0, 0, 0, 0, 0, 0, 0, 0, 0, 0, 0, 0, 0, 0, 0, 0, 0, 0, 0, 0, 0, 0, 0, 0, 0, 0, 0, 0, 0, 0, 0, 0, 0, 0, 0, 0, 0, 0, 0, 0, 0, 0, 0, 0, 0, 0, 0, 0, 0, 0, 0, 0, 0, 0, 0, 0, 0, 0, 0, 0, 0
  remuPEInst(23)(13): 0, 0, 0, 0, 0, 0, 0, 0, 0, 0, 0, 0, 0, 0, 0, 0, 0, 0, 0, 0, 0, 0, 0, 0, 0, 0, 0, 0, 0, 0, 0, 0, 0, 0, 0, 0, 0, 0, 0, 0, 0, 0, 0, 0, 0, 0, 0, 0, 0, 0, 0, 0, 0, 0, 0, 0, 0, 0, 0, 0, 0, 0, 0, 0
  remuPEInst(23)(14): 0, 0, 0, 0, 0, 0, 0, 0, 0, 0, 0, 0, 0, 0, 0, 0, 0, 0, 0, 0, 0, 0, 0, 0, 0, 0, 0, 0, 0, 0, 0, 0, 0, 0, 0, 0, 0, 0, 0, 0, 0, 0, 0, 0, 0, 0, 0, 0, 0, 0, 0, 0, 0, 0, 0, 0, 0, 0, 0, 0, 0, 0, 0, 0
  remuPEInst(23)(15): 0, 0, 0, 0, 0, 0, 0, 0, 0, 0, 0, 0, 0, 0, 0, 0, 0, 0, 0, 0, 0, 0, 0, 0, 0, 0, 0, 0, 0, 0, 0, 0, 0, 0, 0, 0, 0, 0, 0, 0, 0, 0, 0, 0, 0, 0, 0, 0, 0, 0, 0, 0, 0, 0, 0, 0, 0, 0, 0, 0, 0, 0, 0, 0

remuPEInst(24) Instructions:
  remuPEInst(24)(0): 1, 0, 0, 0, 1, 1, 0, 0, 0, 0, 0, 0, 0, 0, 0, 0, 1, 0, 0, 0, 0, 1, 0, 0, 0, 0, 1, 1, 1, 1, 1, 1, 0, 0, 0, 0, 0, 0, 0, 0, 0, 0, 0, 0, 0, 0, 0, 0, 0, 0, 0, 0, 0, 0, 0, 0, 0, 0, 0, 0, 0, 0, 0, 0
  remuPEInst(24)(1): 0, 0, 0, 0, 1, 0, 1, 0, 0, 0, 0, 0, 0, 0, 0, 0, 1, 0, 1, 0, 0, 0, 0, 0, 0, 1, 1, 1, 1, 1, 1, 1, 0, 0, 0, 0, 0, 0, 0, 0, 0, 0, 0, 0, 0, 0, 0, 0, 0, 0, 0, 0, 0, 0, 0, 0, 0, 0, 0, 0, 0, 0, 0, 0
  remuPEInst(24)(2): 0, 0, 0, 0, 0, 0, 0, 0, 0, 0, 0, 0, 0, 0, 0, 0, 0, 0, 0, 0, 0, 0, 0, 0, 0, 0, 0, 0, 0, 0, 0, 0, 0, 0, 0, 0, 0, 0, 0, 0, 0, 0, 0, 0, 0, 0, 0, 0, 0, 0, 0, 0, 0, 0, 0, 0, 0, 0, 0, 0, 0, 0, 0, 0
  remuPEInst(24)(3): 0, 0, 0, 0, 0, 0, 0, 0, 0, 0, 0, 0, 0, 0, 0, 0, 0, 0, 0, 0, 0, 0, 0, 0, 0, 0, 0, 0, 0, 0, 0, 0, 0, 0, 0, 0, 0, 0, 0, 0, 0, 0, 0, 0, 0, 0, 0, 0, 0, 0, 0, 0, 0, 0, 0, 0, 0, 0, 0, 0, 0, 0, 0, 0
  remuPEInst(24)(4): 0, 0, 0, 0, 0, 0, 0, 0, 0, 0, 0, 0, 0, 0, 0, 0, 0, 0, 0, 0, 0, 0, 0, 0, 0, 0, 0, 0, 0, 0, 0, 0, 0, 0, 0, 0, 0, 0, 0, 0, 0, 0, 0, 0, 0, 0, 0, 0, 0, 0, 0, 0, 0, 0, 0, 0, 0, 0, 0, 0, 0, 0, 0, 0
  remuPEInst(24)(5): 0, 0, 0, 0, 0, 0, 0, 0, 0, 0, 0, 0, 0, 0, 0, 0, 0, 0, 0, 0, 0, 0, 0, 0, 0, 0, 0, 0, 0, 0, 0, 0, 0, 0, 0, 0, 0, 0, 0, 0, 0, 0, 0, 0, 0, 0, 0, 0, 0, 0, 0, 0, 0, 0, 0, 0, 0, 0, 0, 0, 0, 0, 0, 0
  remuPEInst(24)(6): 0, 0, 0, 0, 0, 0, 0, 0, 0, 0, 0, 0, 0, 0, 0, 0, 0, 0, 0, 0, 0, 0, 0, 0, 0, 0, 0, 0, 0, 0, 0, 0, 0, 0, 0, 0, 0, 0, 0, 0, 0, 0, 0, 0, 0, 0, 0, 0, 0, 0, 0, 0, 0, 0, 0, 0, 0, 0, 0, 0, 0, 0, 0, 0
  remuPEInst(24)(7): 0, 0, 0, 0, 0, 0, 0, 0, 0, 0, 0, 0, 0, 0, 0, 0, 0, 0, 0, 0, 0, 0, 0, 0, 0, 0, 0, 0, 0, 0, 0, 0, 0, 0, 0, 0, 0, 0, 0, 0, 0, 0, 0, 0, 0, 0, 0, 0, 0, 0, 0, 0, 0, 0, 0, 0, 0, 0, 0, 0, 0, 0, 0, 0
  remuPEInst(24)(8): 0, 0, 0, 0, 0, 0, 0, 0, 0, 0, 0, 0, 0, 0, 0, 0, 0, 0, 0, 0, 0, 0, 0, 0, 0, 0, 0, 0, 0, 0, 0, 0, 0, 0, 0, 0, 0, 0, 0, 0, 0, 0, 0, 0, 0, 0, 0, 0, 0, 0, 0, 0, 0, 0, 0, 0, 0, 0, 0, 0, 0, 0, 0, 0
  remuPEInst(24)(9): 0, 0, 0, 0, 0, 0, 0, 0, 0, 0, 0, 0, 0, 0, 0, 0, 0, 0, 0, 0, 0, 0, 0, 0, 0, 0, 0, 0, 0, 0, 0, 0, 0, 0, 0, 0, 0, 0, 0, 0, 0, 0, 0, 0, 0, 0, 0, 0, 0, 0, 0, 0, 0, 0, 0, 0, 0, 0, 0, 0, 0, 0, 0, 0
  remuPEInst(24)(10): 0, 0, 0, 0, 0, 0, 0, 0, 0, 0, 0, 0, 0, 0, 0, 0, 0, 0, 0, 0, 0, 0, 0, 0, 0, 0, 0, 0, 0, 0, 0, 0, 0, 0, 0, 0, 0, 0, 0, 0, 0, 0, 0, 0, 0, 0, 0, 0, 0, 0, 0, 0, 0, 0, 0, 0, 0, 0, 0, 0, 0, 0, 0, 0
  remuPEInst(24)(11): 0, 0, 0, 0, 0, 0, 0, 0, 0, 0, 0, 0, 0, 0, 0, 0, 0, 0, 0, 0, 0, 0, 0, 0, 0, 0, 0, 0, 0, 0, 0, 0, 0, 0, 0, 0, 0, 0, 0, 0, 0, 0, 0, 0, 0, 0, 0, 0, 0, 0, 0, 0, 0, 0, 0, 0, 0, 0, 0, 0, 0, 0, 0, 0
  remuPEInst(24)(12): 0, 0, 0, 0, 0, 0, 0, 0, 0, 0, 0, 0, 0, 0, 0, 0, 0, 0, 0, 0, 0, 0, 0, 0, 0, 0, 0, 0, 0, 0, 0, 0, 0, 0, 0, 0, 0, 0, 0, 0, 0, 0, 0, 0, 0, 0, 0, 0, 0, 0, 0, 0, 0, 0, 0, 0, 0, 0, 0, 0, 0, 0, 0, 0
  remuPEInst(24)(13): 0, 0, 0, 0, 0, 0, 0, 0, 0, 0, 0, 0, 0, 0, 0, 0, 0, 0, 0, 0, 0, 0, 0, 0, 0, 0, 0, 0, 0, 0, 0, 0, 0, 0, 0, 0, 0, 0, 0, 0, 0, 0, 0, 0, 0, 0, 0, 0, 0, 0, 0, 0, 0, 0, 0, 0, 0, 0, 0, 0, 0, 0, 0, 0
  remuPEInst(24)(14): 0, 0, 0, 0, 0, 0, 0, 0, 0, 0, 0, 0, 0, 0, 0, 0, 0, 0, 0, 0, 0, 0, 0, 0, 0, 0, 0, 0, 0, 0, 0, 0, 0, 0, 0, 0, 0, 0, 0, 0, 0, 0, 0, 0, 0, 0, 0, 0, 0, 0, 0, 0, 0, 0, 0, 0, 0, 0, 0, 0, 0, 0, 0, 0
  remuPEInst(24)(15): 0, 0, 0, 0, 0, 0, 0, 0, 0, 0, 0, 0, 0, 0, 0, 0, 0, 0, 0, 0, 0, 0, 0, 0, 0, 0, 0, 0, 0, 0, 0, 0, 0, 0, 0, 0, 0, 0, 0, 0, 0, 0, 0, 0, 0, 0, 0, 0, 0, 0, 0, 0, 0, 0, 0, 0, 0, 0, 0, 0, 0, 0, 0, 0

remuPEInst(25) Instructions:
  remuPEInst(25)(0): 1, 0, 0, 1, 0, 1, 0, 0, 0, 0, 0, 0, 0, 0, 0, 0, 0, 0, 1, 1, 0, 1, 0, 0, 0, 0, 1, 1, 1, 1, 1, 1, 1, 0, 0, 0, 0, 0, 0, 0, 0, 0, 0, 0, 0, 0, 0, 0, 0, 0, 0, 0, 0, 0, 0, 0, 0, 0, 0, 0, 0, 0, 0, 0
  remuPEInst(25)(1): 1, 0, 1, 1, 0, 1, 0, 0, 0, 0, 0, 0, 0, 0, 0, 0, 1, 1, 0, 0, 0, 0, 0, 0, 0, 0, 1, 1, 1, 1, 1, 1, 0, 0, 0, 0, 0, 0, 0, 0, 0, 0, 0, 0, 0, 0, 0, 0, 0, 0, 0, 0, 0, 0, 0, 0, 0, 0, 0, 0, 0, 0, 0, 0
  remuPEInst(25)(2): 0, 0, 0, 0, 0, 0, 0, 0, 0, 0, 0, 0, 0, 0, 0, 0, 0, 0, 0, 0, 0, 0, 0, 0, 0, 0, 0, 0, 0, 0, 0, 0, 0, 0, 0, 0, 0, 0, 0, 0, 0, 0, 0, 0, 0, 0, 0, 0, 0, 0, 0, 0, 0, 0, 0, 0, 0, 0, 0, 0, 0, 0, 0, 0
  remuPEInst(25)(3): 0, 0, 0, 0, 0, 0, 0, 0, 0, 0, 0, 0, 0, 0, 0, 0, 0, 0, 0, 0, 0, 0, 0, 0, 0, 0, 0, 0, 0, 0, 0, 0, 0, 0, 0, 0, 0, 0, 0, 0, 0, 0, 0, 0, 0, 0, 0, 0, 0, 0, 0, 0, 0, 0, 0, 0, 0, 0, 0, 0, 0, 0, 0, 0
  remuPEInst(25)(4): 0, 0, 0, 0, 0, 0, 0, 0, 0, 0, 0, 0, 0, 0, 0, 0, 0, 0, 0, 0, 0, 0, 0, 0, 0, 0, 0, 0, 0, 0, 0, 0, 0, 0, 0, 0, 0, 0, 0, 0, 0, 0, 0, 0, 0, 0, 0, 0, 0, 0, 0, 0, 0, 0, 0, 0, 0, 0, 0, 0, 0, 0, 0, 0
  remuPEInst(25)(5): 0, 0, 0, 0, 0, 0, 0, 0, 0, 0, 0, 0, 0, 0, 0, 0, 0, 0, 0, 0, 0, 0, 0, 0, 0, 0, 0, 0, 0, 0, 0, 0, 0, 0, 0, 0, 0, 0, 0, 0, 0, 0, 0, 0, 0, 0, 0, 0, 0, 0, 0, 0, 0, 0, 0, 0, 0, 0, 0, 0, 0, 0, 0, 0
  remuPEInst(25)(6): 0, 0, 0, 0, 0, 0, 0, 0, 0, 0, 0, 0, 0, 0, 0, 0, 0, 0, 0, 0, 0, 0, 0, 0, 0, 0, 0, 0, 0, 0, 0, 0, 0, 0, 0, 0, 0, 0, 0, 0, 0, 0, 0, 0, 0, 0, 0, 0, 0, 0, 0, 0, 0, 0, 0, 0, 0, 0, 0, 0, 0, 0, 0, 0
  remuPEInst(25)(7): 0, 0, 0, 0, 0, 0, 0, 0, 0, 0, 0, 0, 0, 0, 0, 0, 0, 0, 0, 0, 0, 0, 0, 0, 0, 0, 0, 0, 0, 0, 0, 0, 0, 0, 0, 0, 0, 0, 0, 0, 0, 0, 0, 0, 0, 0, 0, 0, 0, 0, 0, 0, 0, 0, 0, 0, 0, 0, 0, 0, 0, 0, 0, 0
  remuPEInst(25)(8): 0, 0, 0, 0, 0, 0, 0, 0, 0, 0, 0, 0, 0, 0, 0, 0, 0, 0, 0, 0, 0, 0, 0, 0, 0, 0, 0, 0, 0, 0, 0, 0, 0, 0, 0, 0, 0, 0, 0, 0, 0, 0, 0, 0, 0, 0, 0, 0, 0, 0, 0, 0, 0, 0, 0, 0, 0, 0, 0, 0, 0, 0, 0, 0
  remuPEInst(25)(9): 0, 0, 0, 0, 0, 0, 0, 0, 0, 0, 0, 0, 0, 0, 0, 0, 0, 0, 0, 0, 0, 0, 0, 0, 0, 0, 0, 0, 0, 0, 0, 0, 0, 0, 0, 0, 0, 0, 0, 0, 0, 0, 0, 0, 0, 0, 0, 0, 0, 0, 0, 0, 0, 0, 0, 0, 0, 0, 0, 0, 0, 0, 0, 0
  remuPEInst(25)(10): 0, 0, 0, 0, 0, 0, 0, 0, 0, 0, 0, 0, 0, 0, 0, 0, 0, 0, 0, 0, 0, 0, 0, 0, 0, 0, 0, 0, 0, 0, 0, 0, 0, 0, 0, 0, 0, 0, 0, 0, 0, 0, 0, 0, 0, 0, 0, 0, 0, 0, 0, 0, 0, 0, 0, 0, 0, 0, 0, 0, 0, 0, 0, 0
  remuPEInst(25)(11): 0, 0, 0, 0, 0, 0, 0, 0, 0, 0, 0, 0, 0, 0, 0, 0, 0, 0, 0, 0, 0, 0, 0, 0, 0, 0, 0, 0, 0, 0, 0, 0, 0, 0, 0, 0, 0, 0, 0, 0, 0, 0, 0, 0, 0, 0, 0, 0, 0, 0, 0, 0, 0, 0, 0, 0, 0, 0, 0, 0, 0, 0, 0, 0
  remuPEInst(25)(12): 0, 0, 0, 0, 0, 0, 0, 0, 0, 0, 0, 0, 0, 0, 0, 0, 0, 0, 0, 0, 0, 0, 0, 0, 0, 0, 0, 0, 0, 0, 0, 0, 0, 0, 0, 0, 0, 0, 0, 0, 0, 0, 0, 0, 0, 0, 0, 0, 0, 0, 0, 0, 0, 0, 0, 0, 0, 0, 0, 0, 0, 0, 0, 0
  remuPEInst(25)(13): 0, 0, 0, 0, 0, 0, 0, 0, 0, 0, 0, 0, 0, 0, 0, 0, 0, 0, 0, 0, 0, 0, 0, 0, 0, 0, 0, 0, 0, 0, 0, 0, 0, 0, 0, 0, 0, 0, 0, 0, 0, 0, 0, 0, 0, 0, 0, 0, 0, 0, 0, 0, 0, 0, 0, 0, 0, 0, 0, 0, 0, 0, 0, 0
  remuPEInst(25)(14): 0, 0, 0, 0, 0, 0, 0, 0, 0, 0, 0, 0, 0, 0, 0, 0, 0, 0, 0, 0, 0, 0, 0, 0, 0, 0, 0, 0, 0, 0, 0, 0, 0, 0, 0, 0, 0, 0, 0, 0, 0, 0, 0, 0, 0, 0, 0, 0, 0, 0, 0, 0, 0, 0, 0, 0, 0, 0, 0, 0, 0, 0, 0, 0
  remuPEInst(25)(15): 0, 0, 0, 0, 0, 0, 0, 0, 0, 0, 0, 0, 0, 0, 0, 0, 0, 0, 0, 0, 0, 0, 0, 0, 0, 0, 0, 0, 0, 0, 0, 0, 0, 0, 0, 0, 0, 0, 0, 0, 0, 0, 0, 0, 0, 0, 0, 0, 0, 0, 0, 0, 0, 0, 0, 0, 0, 0, 0, 0, 0, 0, 0, 0

remuPEInst(26) Instructions:
  remuPEInst(26)(0): 1, 1, 0, 1, 1, 0, 0, 0, 0, 0, 0, 0, 0, 0, 0, 0, 1, 0, 1, 0, 0, 0, 0, 0, 0, 1, 1, 1, 1, 1, 1, 1, 0, 0, 0, 0, 0, 0, 0, 0, 0, 0, 0, 0, 0, 0, 0, 0, 0, 0, 0, 0, 0, 0, 0, 0, 0, 0, 0, 0, 0, 0, 0, 0
  remuPEInst(26)(1): 0, 1, 1, 0, 0, 1, 0, 0, 0, 0, 0, 0, 0, 0, 0, 0, 0, 0, 1, 1, 0, 1, 0, 0, 0, 0, 1, 1, 1, 1, 1, 1, 1, 0, 0, 0, 0, 0, 0, 0, 0, 0, 0, 0, 0, 0, 0, 0, 0, 0, 0, 0, 0, 0, 0, 0, 0, 0, 0, 0, 0, 0, 0, 0
  remuPEInst(26)(2): 0, 1, 1, 1, 0, 1, 0, 0, 0, 0, 0, 0, 0, 0, 0, 0, 1, 1, 0, 0, 0, 0, 0, 0, 0, 0, 1, 1, 1, 1, 1, 1, 0, 0, 0, 0, 0, 0, 0, 0, 0, 0, 0, 0, 0, 0, 0, 0, 0, 0, 0, 0, 0, 0, 0, 0, 0, 0, 0, 0, 0, 0, 0, 0
  remuPEInst(26)(3): 0, 0, 1, 1, 1, 1, 0, 0, 0, 0, 0, 0, 0, 0, 0, 0, 0, 1, 0, 0, 0, 0, 0, 0, 0, 0, 1, 1, 1, 1, 1, 1, 0, 0, 0, 0, 0, 0, 0, 0, 0, 0, 0, 0, 0, 0, 0, 0, 0, 0, 0, 0, 0, 0, 0, 0, 0, 0, 0, 0, 0, 0, 0, 0
  remuPEInst(26)(4): 0, 1, 1, 1, 1, 1, 0, 0, 0, 0, 0, 0, 0, 0, 0, 0, 0, 1, 0, 0, 0, 0, 0, 0, 0, 0, 1, 1, 1, 1, 1, 1, 0, 0, 0, 0, 0, 0, 0, 0, 0, 0, 0, 0, 0, 0, 0, 0, 0, 0, 0, 0, 0, 0, 0, 0, 0, 0, 0, 0, 0, 0, 0, 0
  remuPEInst(26)(5): 0, 0, 0, 0, 0, 0, 0, 0, 0, 0, 0, 0, 0, 0, 0, 0, 0, 0, 0, 0, 0, 0, 0, 0, 0, 0, 0, 0, 0, 0, 0, 0, 0, 0, 0, 0, 0, 0, 0, 0, 0, 0, 0, 0, 0, 0, 0, 0, 0, 0, 0, 0, 0, 0, 0, 0, 0, 0, 0, 0, 0, 0, 0, 0
  remuPEInst(26)(6): 0, 0, 0, 0, 0, 0, 0, 0, 0, 0, 0, 0, 0, 0, 0, 0, 0, 0, 0, 0, 0, 0, 0, 0, 0, 0, 0, 0, 0, 0, 0, 0, 0, 0, 0, 0, 0, 0, 0, 0, 0, 0, 0, 0, 0, 0, 0, 0, 0, 0, 0, 0, 0, 0, 0, 0, 0, 0, 0, 0, 0, 0, 0, 0
  remuPEInst(26)(7): 0, 0, 0, 0, 0, 0, 0, 0, 0, 0, 0, 0, 0, 0, 0, 0, 0, 0, 0, 0, 0, 0, 0, 0, 0, 0, 0, 0, 0, 0, 0, 0, 0, 0, 0, 0, 0, 0, 0, 0, 0, 0, 0, 0, 0, 0, 0, 0, 0, 0, 0, 0, 0, 0, 0, 0, 0, 0, 0, 0, 0, 0, 0, 0
  remuPEInst(26)(8): 0, 0, 0, 0, 0, 0, 0, 0, 0, 0, 0, 0, 0, 0, 0, 0, 0, 0, 0, 0, 0, 0, 0, 0, 0, 0, 0, 0, 0, 0, 0, 0, 0, 0, 0, 0, 0, 0, 0, 0, 0, 0, 0, 0, 0, 0, 0, 0, 0, 0, 0, 0, 0, 0, 0, 0, 0, 0, 0, 0, 0, 0, 0, 0
  remuPEInst(26)(9): 0, 0, 0, 0, 0, 0, 0, 0, 0, 0, 0, 0, 0, 0, 0, 0, 0, 0, 0, 0, 0, 0, 0, 0, 0, 0, 0, 0, 0, 0, 0, 0, 0, 0, 0, 0, 0, 0, 0, 0, 0, 0, 0, 0, 0, 0, 0, 0, 0, 0, 0, 0, 0, 0, 0, 0, 0, 0, 0, 0, 0, 0, 0, 0
  remuPEInst(26)(10): 0, 0, 0, 0, 0, 0, 0, 0, 0, 0, 0, 0, 0, 0, 0, 0, 0, 0, 0, 0, 0, 0, 0, 0, 0, 0, 0, 0, 0, 0, 0, 0, 0, 0, 0, 0, 0, 0, 0, 0, 0, 0, 0, 0, 0, 0, 0, 0, 0, 0, 0, 0, 0, 0, 0, 0, 0, 0, 0, 0, 0, 0, 0, 0
  remuPEInst(26)(11): 0, 0, 0, 0, 0, 0, 0, 0, 0, 0, 0, 0, 0, 0, 0, 0, 0, 0, 0, 0, 0, 0, 0, 0, 0, 0, 0, 0, 0, 0, 0, 0, 0, 0, 0, 0, 0, 0, 0, 0, 0, 0, 0, 0, 0, 0, 0, 0, 0, 0, 0, 0, 0, 0, 0, 0, 0, 0, 0, 0, 0, 0, 0, 0
  remuPEInst(26)(12): 0, 0, 0, 0, 0, 0, 0, 0, 0, 0, 0, 0, 0, 0, 0, 0, 0, 0, 0, 0, 0, 0, 0, 0, 0, 0, 0, 0, 0, 0, 0, 0, 0, 0, 0, 0, 0, 0, 0, 0, 0, 0, 0, 0, 0, 0, 0, 0, 0, 0, 0, 0, 0, 0, 0, 0, 0, 0, 0, 0, 0, 0, 0, 0
  remuPEInst(26)(13): 0, 0, 0, 0, 0, 0, 0, 0, 0, 0, 0, 0, 0, 0, 0, 0, 0, 0, 0, 0, 0, 0, 0, 0, 0, 0, 0, 0, 0, 0, 0, 0, 0, 0, 0, 0, 0, 0, 0, 0, 0, 0, 0, 0, 0, 0, 0, 0, 0, 0, 0, 0, 0, 0, 0, 0, 0, 0, 0, 0, 0, 0, 0, 0
  remuPEInst(26)(14): 0, 0, 0, 0, 0, 0, 0, 0, 0, 0, 0, 0, 0, 0, 0, 0, 0, 0, 0, 0, 0, 0, 0, 0, 0, 0, 0, 0, 0, 0, 0, 0, 0, 0, 0, 0, 0, 0, 0, 0, 0, 0, 0, 0, 0, 0, 0, 0, 0, 0, 0, 0, 0, 0, 0, 0, 0, 0, 0, 0, 0, 0, 0, 0
  remuPEInst(26)(15): 0, 0, 0, 0, 0, 0, 0, 0, 0, 0, 0, 0, 0, 0, 0, 0, 0, 0, 0, 0, 0, 0, 0, 0, 0, 0, 0, 0, 0, 0, 0, 0, 0, 0, 0, 0, 0, 0, 0, 0, 0, 0, 0, 0, 0, 0, 0, 0, 0, 0, 0, 0, 0, 0, 0, 0, 0, 0, 0, 0, 0, 0, 0, 0

remuPEInst(27) Instructions:
  remuPEInst(27)(0): 0, 1, 0, 1, 1, 0, 0, 0, 0, 0, 0, 0, 0, 0, 0, 0, 1, 0, 1, 0, 0, 0, 0, 0, 0, 1, 1, 1, 1, 1, 1, 1, 0, 0, 0, 0, 0, 0, 0, 0, 0, 0, 0, 0, 0, 0, 0, 0, 0, 0, 0, 0, 0, 0, 0, 0, 0, 0, 0, 0, 0, 0, 0, 0
  remuPEInst(27)(1): 1, 1, 0, 0, 0, 1, 0, 0, 0, 0, 0, 0, 0, 0, 0, 0, 0, 0, 1, 1, 0, 1, 0, 0, 0, 0, 1, 1, 1, 1, 1, 1, 1, 0, 0, 0, 0, 0, 0, 0, 0, 0, 0, 0, 0, 0, 0, 0, 0, 0, 0, 0, 0, 0, 0, 0, 0, 0, 0, 0, 0, 0, 0, 0
  remuPEInst(27)(2): 1, 1, 1, 1, 0, 1, 0, 0, 0, 0, 0, 0, 0, 0, 0, 0, 1, 1, 0, 0, 0, 0, 0, 0, 0, 0, 1, 1, 1, 1, 1, 1, 0, 0, 0, 0, 0, 0, 0, 0, 0, 0, 0, 0, 0, 0, 0, 0, 0, 0, 0, 0, 0, 0, 0, 0, 0, 0, 0, 0, 0, 0, 0, 0
  remuPEInst(27)(3): 0, 1, 1, 0, 1, 1, 0, 0, 0, 0, 0, 0, 0, 0, 0, 0, 0, 1, 0, 0, 0, 0, 0, 0, 0, 0, 1, 1, 1, 1, 1, 1, 0, 0, 0, 0, 0, 0, 0, 0, 0, 0, 0, 0, 0, 0, 0, 0, 0, 0, 0, 0, 0, 0, 0, 0, 0, 0, 0, 0, 0, 0, 0, 0
  remuPEInst(27)(4): 0, 0, 0, 0, 0, 0, 1, 0, 0, 0, 0, 0, 0, 0, 0, 0, 1, 1, 1, 1, 1, 0, 0, 0, 0, 0, 1, 1, 1, 1, 1, 1, 0, 0, 0, 0, 0, 0, 0, 0, 0, 0, 0, 0, 0, 0, 0, 0, 0, 0, 0, 0, 0, 0, 0, 0, 0, 0, 0, 0, 0, 0, 0, 0
  remuPEInst(27)(5): 1, 1, 0, 0, 0, 0, 1, 0, 0, 0, 0, 0, 0, 0, 0, 0, 1, 0, 1, 0, 0, 0, 0, 0, 0, 0, 1, 1, 1, 1, 1, 1, 0, 0, 0, 0, 0, 0, 0, 0, 0, 0, 0, 0, 0, 0, 0, 0, 0, 0, 0, 0, 0, 0, 0, 0, 0, 0, 0, 0, 0, 0, 0, 0
  remuPEInst(27)(6): 0, 1, 0, 1, 0, 0, 1, 0, 0, 0, 0, 0, 0, 0, 0, 0, 1, 0, 1, 0, 0, 0, 0, 0, 0, 1, 1, 1, 1, 1, 1, 1, 0, 0, 0, 0, 0, 0, 0, 0, 0, 0, 0, 0, 0, 0, 0, 0, 0, 0, 0, 0, 0, 0, 0, 0, 0, 0, 0, 0, 0, 0, 0, 0
  remuPEInst(27)(7): 0, 1, 1, 1, 0, 0, 1, 0, 0, 0, 0, 0, 0, 0, 0, 0, 0, 0, 0, 0, 0, 0, 0, 0, 0, 0, 1, 1, 1, 1, 1, 1, 0, 0, 0, 0, 0, 0, 0, 0, 0, 0, 0, 0, 0, 0, 0, 0, 0, 0, 0, 0, 0, 0, 0, 0, 0, 0, 0, 0, 0, 0, 0, 0
  remuPEInst(27)(8): 0, 0, 0, 0, 0, 0, 0, 0, 0, 0, 0, 0, 0, 0, 0, 0, 0, 0, 0, 0, 0, 0, 0, 0, 0, 0, 0, 0, 0, 0, 0, 0, 0, 0, 0, 0, 0, 0, 0, 0, 0, 0, 0, 0, 0, 0, 0, 0, 0, 0, 0, 0, 0, 0, 0, 0, 0, 0, 0, 0, 0, 0, 0, 0
  remuPEInst(27)(9): 0, 0, 0, 0, 0, 0, 0, 0, 0, 0, 0, 0, 0, 0, 0, 0, 0, 0, 0, 0, 0, 0, 0, 0, 0, 0, 0, 0, 0, 0, 0, 0, 0, 0, 0, 0, 0, 0, 0, 0, 0, 0, 0, 0, 0, 0, 0, 0, 0, 0, 0, 0, 0, 0, 0, 0, 0, 0, 0, 0, 0, 0, 0, 0
  remuPEInst(27)(10): 0, 0, 0, 0, 0, 0, 0, 0, 0, 0, 0, 0, 0, 0, 0, 0, 0, 0, 0, 0, 0, 0, 0, 0, 0, 0, 0, 0, 0, 0, 0, 0, 0, 0, 0, 0, 0, 0, 0, 0, 0, 0, 0, 0, 0, 0, 0, 0, 0, 0, 0, 0, 0, 0, 0, 0, 0, 0, 0, 0, 0, 0, 0, 0
  remuPEInst(27)(11): 0, 0, 0, 0, 0, 0, 0, 0, 0, 0, 0, 0, 0, 0, 0, 0, 0, 0, 0, 0, 0, 0, 0, 0, 0, 0, 0, 0, 0, 0, 0, 0, 0, 0, 0, 0, 0, 0, 0, 0, 0, 0, 0, 0, 0, 0, 0, 0, 0, 0, 0, 0, 0, 0, 0, 0, 0, 0, 0, 0, 0, 0, 0, 0
  remuPEInst(27)(12): 0, 0, 0, 0, 0, 0, 0, 0, 0, 0, 0, 0, 0, 0, 0, 0, 0, 0, 0, 0, 0, 0, 0, 0, 0, 0, 0, 0, 0, 0, 0, 0, 0, 0, 0, 0, 0, 0, 0, 0, 0, 0, 0, 0, 0, 0, 0, 0, 0, 0, 0, 0, 0, 0, 0, 0, 0, 0, 0, 0, 0, 0, 0, 0
  remuPEInst(27)(13): 0, 0, 0, 0, 0, 0, 0, 0, 0, 0, 0, 0, 0, 0, 0, 0, 0, 0, 0, 0, 0, 0, 0, 0, 0, 0, 0, 0, 0, 0, 0, 0, 0, 0, 0, 0, 0, 0, 0, 0, 0, 0, 0, 0, 0, 0, 0, 0, 0, 0, 0, 0, 0, 0, 0, 0, 0, 0, 0, 0, 0, 0, 0, 0
  remuPEInst(27)(14): 0, 0, 0, 0, 0, 0, 0, 0, 0, 0, 0, 0, 0, 0, 0, 0, 0, 0, 0, 0, 0, 0, 0, 0, 0, 0, 0, 0, 0, 0, 0, 0, 0, 0, 0, 0, 0, 0, 0, 0, 0, 0, 0, 0, 0, 0, 0, 0, 0, 0, 0, 0, 0, 0, 0, 0, 0, 0, 0, 0, 0, 0, 0, 0
  remuPEInst(27)(15): 0, 0, 0, 0, 0, 0, 0, 0, 0, 0, 0, 0, 0, 0, 0, 0, 0, 0, 0, 0, 0, 0, 0, 0, 0, 0, 0, 0, 0, 0, 0, 0, 0, 0, 0, 0, 0, 0, 0, 0, 0, 0, 0, 0, 0, 0, 0, 0, 0, 0, 0, 0, 0, 0, 0, 0, 0, 0, 0, 0, 0, 0, 0, 0

remuPEInst(28) Instructions:
  remuPEInst(28)(0): 0, 1, 1, 0, 0, 0, 0, 0, 0, 0, 0, 0, 0, 0, 0, 0, 1, 0, 0, 0, 0, 0, 0, 0, 1, 0, 1, 1, 1, 1, 1, 1, 0, 0, 0, 0, 0, 0, 0, 0, 0, 0, 0, 0, 0, 0, 0, 0, 0, 0, 0, 0, 0, 0, 0, 0, 0, 0, 0, 0, 0, 0, 0, 0
  remuPEInst(28)(1): 0, 1, 0, 0, 1, 0, 0, 0, 0, 0, 0, 0, 0, 0, 0, 0, 0, 1, 0, 0, 0, 0, 0, 0, 0, 0, 1, 1, 1, 1, 1, 1, 0, 0, 0, 0, 0, 0, 0, 0, 0, 0, 0, 0, 0, 0, 0, 0, 0, 0, 0, 0, 0, 0, 0, 0, 0, 0, 0, 0, 0, 0, 0, 0
  remuPEInst(28)(2): 1, 0, 1, 1, 1, 0, 0, 0, 0, 0, 0, 0, 0, 0, 0, 0, 1, 0, 0, 0, 0, 0, 0, 0, 1, 0, 1, 1, 1, 1, 1, 1, 0, 0, 0, 0, 0, 0, 0, 0, 0, 0, 0, 0, 0, 0, 0, 0, 0, 0, 0, 0, 0, 0, 0, 0, 0, 0, 0, 0, 0, 0, 0, 0
  remuPEInst(28)(3): 0, 1, 1, 0, 0, 0, 1, 0, 0, 0, 0, 0, 0, 0, 0, 0, 1, 0, 1, 0, 0, 0, 0, 0, 0, 0, 1, 1, 1, 1, 1, 1, 0, 0, 0, 0, 0, 0, 0, 0, 0, 0, 0, 0, 0, 0, 0, 0, 0, 0, 0, 0, 0, 0, 0, 0, 0, 0, 0, 0, 0, 0, 0, 0
  remuPEInst(28)(4): 0, 0, 0, 0, 0, 0, 0, 0, 0, 0, 0, 0, 0, 0, 0, 0, 0, 0, 0, 0, 0, 0, 0, 0, 0, 0, 0, 0, 0, 0, 0, 0, 0, 0, 0, 0, 0, 0, 0, 0, 0, 0, 0, 0, 0, 0, 0, 0, 0, 0, 0, 0, 0, 0, 0, 0, 0, 0, 0, 0, 0, 0, 0, 0
  remuPEInst(28)(5): 0, 0, 0, 0, 0, 0, 0, 0, 0, 0, 0, 0, 0, 0, 0, 0, 0, 0, 0, 0, 0, 0, 0, 0, 0, 0, 0, 0, 0, 0, 0, 0, 0, 0, 0, 0, 0, 0, 0, 0, 0, 0, 0, 0, 0, 0, 0, 0, 0, 0, 0, 0, 0, 0, 0, 0, 0, 0, 0, 0, 0, 0, 0, 0
  remuPEInst(28)(6): 0, 0, 0, 0, 0, 0, 0, 0, 0, 0, 0, 0, 0, 0, 0, 0, 0, 0, 0, 0, 0, 0, 0, 0, 0, 0, 0, 0, 0, 0, 0, 0, 0, 0, 0, 0, 0, 0, 0, 0, 0, 0, 0, 0, 0, 0, 0, 0, 0, 0, 0, 0, 0, 0, 0, 0, 0, 0, 0, 0, 0, 0, 0, 0
  remuPEInst(28)(7): 0, 0, 0, 0, 0, 0, 0, 0, 0, 0, 0, 0, 0, 0, 0, 0, 0, 0, 0, 0, 0, 0, 0, 0, 0, 0, 0, 0, 0, 0, 0, 0, 0, 0, 0, 0, 0, 0, 0, 0, 0, 0, 0, 0, 0, 0, 0, 0, 0, 0, 0, 0, 0, 0, 0, 0, 0, 0, 0, 0, 0, 0, 0, 0
  remuPEInst(28)(8): 0, 0, 0, 0, 0, 0, 0, 0, 0, 0, 0, 0, 0, 0, 0, 0, 0, 0, 0, 0, 0, 0, 0, 0, 0, 0, 0, 0, 0, 0, 0, 0, 0, 0, 0, 0, 0, 0, 0, 0, 0, 0, 0, 0, 0, 0, 0, 0, 0, 0, 0, 0, 0, 0, 0, 0, 0, 0, 0, 0, 0, 0, 0, 0
  remuPEInst(28)(9): 0, 0, 0, 0, 0, 0, 0, 0, 0, 0, 0, 0, 0, 0, 0, 0, 0, 0, 0, 0, 0, 0, 0, 0, 0, 0, 0, 0, 0, 0, 0, 0, 0, 0, 0, 0, 0, 0, 0, 0, 0, 0, 0, 0, 0, 0, 0, 0, 0, 0, 0, 0, 0, 0, 0, 0, 0, 0, 0, 0, 0, 0, 0, 0
  remuPEInst(28)(10): 0, 0, 0, 0, 0, 0, 0, 0, 0, 0, 0, 0, 0, 0, 0, 0, 0, 0, 0, 0, 0, 0, 0, 0, 0, 0, 0, 0, 0, 0, 0, 0, 0, 0, 0, 0, 0, 0, 0, 0, 0, 0, 0, 0, 0, 0, 0, 0, 0, 0, 0, 0, 0, 0, 0, 0, 0, 0, 0, 0, 0, 0, 0, 0
  remuPEInst(28)(11): 0, 0, 0, 0, 0, 0, 0, 0, 0, 0, 0, 0, 0, 0, 0, 0, 0, 0, 0, 0, 0, 0, 0, 0, 0, 0, 0, 0, 0, 0, 0, 0, 0, 0, 0, 0, 0, 0, 0, 0, 0, 0, 0, 0, 0, 0, 0, 0, 0, 0, 0, 0, 0, 0, 0, 0, 0, 0, 0, 0, 0, 0, 0, 0
  remuPEInst(28)(12): 0, 0, 0, 0, 0, 0, 0, 0, 0, 0, 0, 0, 0, 0, 0, 0, 0, 0, 0, 0, 0, 0, 0, 0, 0, 0, 0, 0, 0, 0, 0, 0, 0, 0, 0, 0, 0, 0, 0, 0, 0, 0, 0, 0, 0, 0, 0, 0, 0, 0, 0, 0, 0, 0, 0, 0, 0, 0, 0, 0, 0, 0, 0, 0
  remuPEInst(28)(13): 0, 0, 0, 0, 0, 0, 0, 0, 0, 0, 0, 0, 0, 0, 0, 0, 0, 0, 0, 0, 0, 0, 0, 0, 0, 0, 0, 0, 0, 0, 0, 0, 0, 0, 0, 0, 0, 0, 0, 0, 0, 0, 0, 0, 0, 0, 0, 0, 0, 0, 0, 0, 0, 0, 0, 0, 0, 0, 0, 0, 0, 0, 0, 0
  remuPEInst(28)(14): 0, 0, 0, 0, 0, 0, 0, 0, 0, 0, 0, 0, 0, 0, 0, 0, 0, 0, 0, 0, 0, 0, 0, 0, 0, 0, 0, 0, 0, 0, 0, 0, 0, 0, 0, 0, 0, 0, 0, 0, 0, 0, 0, 0, 0, 0, 0, 0, 0, 0, 0, 0, 0, 0, 0, 0, 0, 0, 0, 0, 0, 0, 0, 0
  remuPEInst(28)(15): 0, 0, 0, 0, 0, 0, 0, 0, 0, 0, 0, 0, 0, 0, 0, 0, 0, 0, 0, 0, 0, 0, 0, 0, 0, 0, 0, 0, 0, 0, 0, 0, 0, 0, 0, 0, 0, 0, 0, 0, 0, 0, 0, 0, 0, 0, 0, 0, 0, 0, 0, 0, 0, 0, 0, 0, 0, 0, 0, 0, 0, 0, 0, 0

remuPEInst(29) Instructions:
  remuPEInst(29)(0): 0, 0, 1, 0, 0, 0, 0, 0, 0, 0, 0, 0, 0, 0, 0, 0, 1, 1, 1, 1, 1, 0, 0, 0, 1, 0, 1, 1, 1, 1, 1, 1, 0, 1, 0, 0, 0, 0, 0, 0, 0, 0, 0, 0, 0, 0, 0, 0, 0, 0, 0, 0, 0, 0, 0, 0, 0, 0, 0, 0, 0, 0, 0, 0
  remuPEInst(29)(1): 1, 0, 0, 0, 1, 0, 0, 0, 0, 0, 0, 0, 0, 0, 0, 0, 0, 1, 0, 0, 0, 0, 0, 0, 0, 0, 1, 1, 1, 1, 1, 1, 0, 0, 0, 0, 0, 0, 0, 0, 0, 0, 0, 0, 0, 0, 0, 0, 0, 0, 0, 0, 0, 0, 0, 0, 0, 0, 0, 0, 0, 0, 0, 0
  remuPEInst(29)(2): 0, 1, 0, 0, 0, 1, 0, 0, 0, 0, 0, 0, 0, 0, 0, 0, 0, 1, 0, 1, 0, 1, 0, 0, 0, 1, 1, 1, 1, 1, 1, 1, 0, 0, 0, 0, 0, 0, 0, 0, 0, 0, 0, 0, 0, 0, 0, 0, 0, 0, 0, 0, 0, 0, 0, 0, 0, 0, 0, 0, 0, 0, 0, 0
  remuPEInst(29)(3): 1, 1, 1, 0, 1, 1, 0, 0, 0, 0, 0, 0, 0, 0, 0, 0, 0, 1, 0, 0, 0, 0, 0, 0, 0, 0, 1, 1, 1, 1, 1, 1, 0, 0, 0, 0, 0, 0, 0, 0, 0, 0, 0, 0, 0, 0, 0, 0, 0, 0, 0, 0, 0, 0, 0, 0, 0, 0, 0, 0, 0, 0, 0, 0
  remuPEInst(29)(4): 0, 1, 0, 1, 1, 1, 0, 0, 0, 0, 0, 0, 0, 0, 0, 0, 0, 1, 0, 0, 0, 0, 0, 0, 0, 0, 1, 1, 1, 1, 1, 1, 0, 0, 0, 0, 0, 0, 0, 0, 0, 0, 0, 0, 0, 0, 0, 0, 0, 0, 0, 0, 0, 0, 0, 0, 0, 0, 0, 0, 0, 0, 0, 0
  remuPEInst(29)(5): 0, 0, 0, 0, 0, 0, 0, 0, 0, 0, 0, 0, 0, 0, 0, 0, 0, 0, 0, 0, 0, 0, 0, 0, 0, 0, 0, 0, 0, 0, 0, 0, 0, 0, 0, 0, 0, 0, 0, 0, 0, 0, 0, 0, 0, 0, 0, 0, 0, 0, 0, 0, 0, 0, 0, 0, 0, 0, 0, 0, 0, 0, 0, 0
  remuPEInst(29)(6): 0, 0, 0, 0, 0, 0, 0, 0, 0, 0, 0, 0, 0, 0, 0, 0, 0, 0, 0, 0, 0, 0, 0, 0, 0, 0, 0, 0, 0, 0, 0, 0, 0, 0, 0, 0, 0, 0, 0, 0, 0, 0, 0, 0, 0, 0, 0, 0, 0, 0, 0, 0, 0, 0, 0, 0, 0, 0, 0, 0, 0, 0, 0, 0
  remuPEInst(29)(7): 0, 0, 0, 0, 0, 0, 0, 0, 0, 0, 0, 0, 0, 0, 0, 0, 0, 0, 0, 0, 0, 0, 0, 0, 0, 0, 0, 0, 0, 0, 0, 0, 0, 0, 0, 0, 0, 0, 0, 0, 0, 0, 0, 0, 0, 0, 0, 0, 0, 0, 0, 0, 0, 0, 0, 0, 0, 0, 0, 0, 0, 0, 0, 0
  remuPEInst(29)(8): 0, 0, 0, 0, 0, 0, 0, 0, 0, 0, 0, 0, 0, 0, 0, 0, 0, 0, 0, 0, 0, 0, 0, 0, 0, 0, 0, 0, 0, 0, 0, 0, 0, 0, 0, 0, 0, 0, 0, 0, 0, 0, 0, 0, 0, 0, 0, 0, 0, 0, 0, 0, 0, 0, 0, 0, 0, 0, 0, 0, 0, 0, 0, 0
  remuPEInst(29)(9): 0, 0, 0, 0, 0, 0, 0, 0, 0, 0, 0, 0, 0, 0, 0, 0, 0, 0, 0, 0, 0, 0, 0, 0, 0, 0, 0, 0, 0, 0, 0, 0, 0, 0, 0, 0, 0, 0, 0, 0, 0, 0, 0, 0, 0, 0, 0, 0, 0, 0, 0, 0, 0, 0, 0, 0, 0, 0, 0, 0, 0, 0, 0, 0
  remuPEInst(29)(10): 0, 0, 0, 0, 0, 0, 0, 0, 0, 0, 0, 0, 0, 0, 0, 0, 0, 0, 0, 0, 0, 0, 0, 0, 0, 0, 0, 0, 0, 0, 0, 0, 0, 0, 0, 0, 0, 0, 0, 0, 0, 0, 0, 0, 0, 0, 0, 0, 0, 0, 0, 0, 0, 0, 0, 0, 0, 0, 0, 0, 0, 0, 0, 0
  remuPEInst(29)(11): 0, 0, 0, 0, 0, 0, 0, 0, 0, 0, 0, 0, 0, 0, 0, 0, 0, 0, 0, 0, 0, 0, 0, 0, 0, 0, 0, 0, 0, 0, 0, 0, 0, 0, 0, 0, 0, 0, 0, 0, 0, 0, 0, 0, 0, 0, 0, 0, 0, 0, 0, 0, 0, 0, 0, 0, 0, 0, 0, 0, 0, 0, 0, 0
  remuPEInst(29)(12): 0, 0, 0, 0, 0, 0, 0, 0, 0, 0, 0, 0, 0, 0, 0, 0, 0, 0, 0, 0, 0, 0, 0, 0, 0, 0, 0, 0, 0, 0, 0, 0, 0, 0, 0, 0, 0, 0, 0, 0, 0, 0, 0, 0, 0, 0, 0, 0, 0, 0, 0, 0, 0, 0, 0, 0, 0, 0, 0, 0, 0, 0, 0, 0
  remuPEInst(29)(13): 0, 0, 0, 0, 0, 0, 0, 0, 0, 0, 0, 0, 0, 0, 0, 0, 0, 0, 0, 0, 0, 0, 0, 0, 0, 0, 0, 0, 0, 0, 0, 0, 0, 0, 0, 0, 0, 0, 0, 0, 0, 0, 0, 0, 0, 0, 0, 0, 0, 0, 0, 0, 0, 0, 0, 0, 0, 0, 0, 0, 0, 0, 0, 0
  remuPEInst(29)(14): 0, 0, 0, 0, 0, 0, 0, 0, 0, 0, 0, 0, 0, 0, 0, 0, 0, 0, 0, 0, 0, 0, 0, 0, 0, 0, 0, 0, 0, 0, 0, 0, 0, 0, 0, 0, 0, 0, 0, 0, 0, 0, 0, 0, 0, 0, 0, 0, 0, 0, 0, 0, 0, 0, 0, 0, 0, 0, 0, 0, 0, 0, 0, 0
  remuPEInst(29)(15): 0, 0, 0, 0, 0, 0, 0, 0, 0, 0, 0, 0, 0, 0, 0, 0, 0, 0, 0, 0, 0, 0, 0, 0, 0, 0, 0, 0, 0, 0, 0, 0, 0, 0, 0, 0, 0, 0, 0, 0, 0, 0, 0, 0, 0, 0, 0, 0, 0, 0, 0, 0, 0, 0, 0, 0, 0, 0, 0, 0, 0, 0, 0, 0

remuPEInst(30) Instructions:
  remuPEInst(30)(0): 1, 0, 1, 0, 0, 0, 0, 0, 0, 0, 0, 0, 0, 0, 0, 0, 1, 1, 1, 1, 1, 0, 0, 0, 1, 0, 1, 1, 1, 1, 1, 1, 1, 0, 0, 0, 0, 0, 0, 0, 0, 0, 0, 0, 0, 0, 0, 0, 0, 0, 0, 0, 0, 0, 0, 0, 0, 0, 0, 0, 0, 0, 0, 0
  remuPEInst(30)(1): 1, 1, 1, 0, 0, 0, 0, 0, 0, 0, 0, 0, 0, 0, 0, 0, 0, 1, 0, 0, 0, 0, 0, 0, 0, 0, 1, 1, 1, 1, 1, 1, 0, 0, 0, 0, 0, 0, 0, 0, 0, 0, 0, 0, 0, 0, 0, 0, 0, 0, 0, 0, 0, 0, 0, 0, 0, 0, 0, 0, 0, 0, 0, 0
  remuPEInst(30)(2): 1, 0, 1, 0, 1, 0, 0, 0, 0, 0, 0, 0, 0, 0, 0, 0, 1, 0, 1, 0, 0, 0, 0, 0, 0, 1, 1, 1, 1, 1, 1, 1, 1, 0, 0, 0, 0, 0, 0, 0, 0, 0, 0, 0, 0, 0, 0, 0, 0, 0, 0, 0, 0, 0, 0, 0, 0, 0, 0, 0, 0, 0, 0, 0
  remuPEInst(30)(3): 1, 1, 1, 0, 1, 0, 0, 0, 0, 0, 0, 0, 0, 0, 0, 0, 1, 1, 1, 1, 1, 0, 0, 0, 0, 0, 1, 1, 1, 1, 1, 1, 0, 0, 0, 0, 0, 0, 0, 0, 0, 0, 0, 0, 0, 0, 0, 0, 0, 0, 0, 0, 0, 0, 0, 0, 0, 0, 0, 0, 0, 0, 0, 0
  remuPEInst(30)(4): 1, 1, 1, 1, 1, 0, 0, 0, 0, 0, 0, 0, 0, 0, 0, 0, 0, 1, 0, 1, 0, 1, 0, 0, 0, 1, 1, 1, 1, 1, 1, 1, 0, 0, 0, 0, 0, 0, 0, 0, 0, 0, 0, 0, 0, 0, 0, 0, 0, 0, 0, 0, 0, 0, 0, 0, 0, 0, 0, 0, 0, 0, 0, 0
  remuPEInst(30)(5): 0, 0, 0, 0, 0, 0, 0, 0, 0, 0, 0, 0, 0, 0, 0, 0, 0, 0, 0, 0, 0, 0, 0, 0, 0, 0, 0, 0, 0, 0, 0, 0, 0, 0, 0, 0, 0, 0, 0, 0, 0, 0, 0, 0, 0, 0, 0, 0, 0, 0, 0, 0, 0, 0, 0, 0, 0, 0, 0, 0, 0, 0, 0, 0
  remuPEInst(30)(6): 0, 0, 0, 0, 0, 0, 0, 0, 0, 0, 0, 0, 0, 0, 0, 0, 0, 0, 0, 0, 0, 0, 0, 0, 0, 0, 0, 0, 0, 0, 0, 0, 0, 0, 0, 0, 0, 0, 0, 0, 0, 0, 0, 0, 0, 0, 0, 0, 0, 0, 0, 0, 0, 0, 0, 0, 0, 0, 0, 0, 0, 0, 0, 0
  remuPEInst(30)(7): 0, 0, 0, 0, 0, 0, 0, 0, 0, 0, 0, 0, 0, 0, 0, 0, 0, 0, 0, 0, 0, 0, 0, 0, 0, 0, 0, 0, 0, 0, 0, 0, 0, 0, 0, 0, 0, 0, 0, 0, 0, 0, 0, 0, 0, 0, 0, 0, 0, 0, 0, 0, 0, 0, 0, 0, 0, 0, 0, 0, 0, 0, 0, 0
  remuPEInst(30)(8): 0, 0, 0, 0, 0, 0, 0, 0, 0, 0, 0, 0, 0, 0, 0, 0, 0, 0, 0, 0, 0, 0, 0, 0, 0, 0, 0, 0, 0, 0, 0, 0, 0, 0, 0, 0, 0, 0, 0, 0, 0, 0, 0, 0, 0, 0, 0, 0, 0, 0, 0, 0, 0, 0, 0, 0, 0, 0, 0, 0, 0, 0, 0, 0
  remuPEInst(30)(9): 0, 0, 0, 0, 0, 0, 0, 0, 0, 0, 0, 0, 0, 0, 0, 0, 0, 0, 0, 0, 0, 0, 0, 0, 0, 0, 0, 0, 0, 0, 0, 0, 0, 0, 0, 0, 0, 0, 0, 0, 0, 0, 0, 0, 0, 0, 0, 0, 0, 0, 0, 0, 0, 0, 0, 0, 0, 0, 0, 0, 0, 0, 0, 0
  remuPEInst(30)(10): 0, 0, 0, 0, 0, 0, 0, 0, 0, 0, 0, 0, 0, 0, 0, 0, 0, 0, 0, 0, 0, 0, 0, 0, 0, 0, 0, 0, 0, 0, 0, 0, 0, 0, 0, 0, 0, 0, 0, 0, 0, 0, 0, 0, 0, 0, 0, 0, 0, 0, 0, 0, 0, 0, 0, 0, 0, 0, 0, 0, 0, 0, 0, 0
  remuPEInst(30)(11): 0, 0, 0, 0, 0, 0, 0, 0, 0, 0, 0, 0, 0, 0, 0, 0, 0, 0, 0, 0, 0, 0, 0, 0, 0, 0, 0, 0, 0, 0, 0, 0, 0, 0, 0, 0, 0, 0, 0, 0, 0, 0, 0, 0, 0, 0, 0, 0, 0, 0, 0, 0, 0, 0, 0, 0, 0, 0, 0, 0, 0, 0, 0, 0
  remuPEInst(30)(12): 0, 0, 0, 0, 0, 0, 0, 0, 0, 0, 0, 0, 0, 0, 0, 0, 0, 0, 0, 0, 0, 0, 0, 0, 0, 0, 0, 0, 0, 0, 0, 0, 0, 0, 0, 0, 0, 0, 0, 0, 0, 0, 0, 0, 0, 0, 0, 0, 0, 0, 0, 0, 0, 0, 0, 0, 0, 0, 0, 0, 0, 0, 0, 0
  remuPEInst(30)(13): 0, 0, 0, 0, 0, 0, 0, 0, 0, 0, 0, 0, 0, 0, 0, 0, 0, 0, 0, 0, 0, 0, 0, 0, 0, 0, 0, 0, 0, 0, 0, 0, 0, 0, 0, 0, 0, 0, 0, 0, 0, 0, 0, 0, 0, 0, 0, 0, 0, 0, 0, 0, 0, 0, 0, 0, 0, 0, 0, 0, 0, 0, 0, 0
  remuPEInst(30)(14): 0, 0, 0, 0, 0, 0, 0, 0, 0, 0, 0, 0, 0, 0, 0, 0, 0, 0, 0, 0, 0, 0, 0, 0, 0, 0, 0, 0, 0, 0, 0, 0, 0, 0, 0, 0, 0, 0, 0, 0, 0, 0, 0, 0, 0, 0, 0, 0, 0, 0, 0, 0, 0, 0, 0, 0, 0, 0, 0, 0, 0, 0, 0, 0
  remuPEInst(30)(15): 0, 0, 0, 0, 0, 0, 0, 0, 0, 0, 0, 0, 0, 0, 0, 0, 0, 0, 0, 0, 0, 0, 0, 0, 0, 0, 0, 0, 0, 0, 0, 0, 0, 0, 0, 0, 0, 0, 0, 0, 0, 0, 0, 0, 0, 0, 0, 0, 0, 0, 0, 0, 0, 0, 0, 0, 0, 0, 0, 0, 0, 0, 0, 0

remuPEInst(31) Instructions:
  remuPEInst(31)(0): 1, 0, 0, 0, 0, 0, 0, 0, 0, 0, 0, 0, 0, 0, 0, 0, 1, 1, 1, 1, 1, 0, 0, 0, 1, 0, 1, 1, 1, 1, 1, 1, 1, 0, 1, 0, 0, 0, 0, 0, 0, 0, 0, 0, 0, 0, 0, 0, 0, 0, 0, 0, 0, 0, 0, 0, 0, 0, 0, 0, 0, 0, 0, 0
  remuPEInst(31)(1): 0, 1, 0, 0, 0, 0, 0, 0, 0, 0, 0, 0, 0, 0, 0, 0, 1, 1, 1, 1, 1, 0, 0, 0, 1, 0, 1, 1, 1, 1, 1, 1, 0, 0, 1, 0, 0, 0, 0, 0, 0, 0, 0, 0, 0, 0, 0, 0, 0, 0, 0, 0, 0, 0, 0, 0, 0, 0, 0, 0, 0, 0, 0, 0
  remuPEInst(31)(2): 1, 1, 0, 0, 0, 0, 0, 0, 0, 0, 0, 0, 0, 0, 0, 0, 1, 1, 1, 1, 1, 0, 0, 0, 1, 0, 1, 1, 1, 1, 1, 1, 1, 1, 0, 0, 0, 0, 0, 0, 0, 0, 0, 0, 0, 0, 0, 0, 0, 0, 0, 0, 0, 0, 0, 0, 0, 0, 0, 0, 0, 0, 0, 0
  remuPEInst(31)(3): 0, 1, 1, 1, 0, 0, 0, 0, 0, 0, 0, 0, 0, 0, 0, 0, 0, 1, 0, 0, 0, 0, 0, 0, 0, 0, 1, 1, 1, 1, 1, 1, 0, 0, 0, 0, 0, 0, 0, 0, 0, 0, 0, 0, 0, 0, 0, 0, 0, 0, 0, 0, 0, 0, 0, 0, 0, 0, 0, 0, 0, 0, 0, 0
  remuPEInst(31)(4): 0, 0, 0, 0, 0, 0, 0, 0, 0, 0, 0, 0, 0, 0, 0, 0, 0, 0, 0, 0, 0, 0, 0, 0, 0, 0, 0, 0, 0, 0, 0, 0, 0, 0, 0, 0, 0, 0, 0, 0, 0, 0, 0, 0, 0, 0, 0, 0, 0, 0, 0, 0, 0, 0, 0, 0, 0, 0, 0, 0, 0, 0, 0, 0
  remuPEInst(31)(5): 0, 0, 0, 0, 0, 0, 0, 0, 0, 0, 0, 0, 0, 0, 0, 0, 0, 0, 0, 0, 0, 0, 0, 0, 0, 0, 0, 0, 0, 0, 0, 0, 0, 0, 0, 0, 0, 0, 0, 0, 0, 0, 0, 0, 0, 0, 0, 0, 0, 0, 0, 0, 0, 0, 0, 0, 0, 0, 0, 0, 0, 0, 0, 0
  remuPEInst(31)(6): 0, 0, 0, 0, 0, 0, 0, 0, 0, 0, 0, 0, 0, 0, 0, 0, 0, 0, 0, 0, 0, 0, 0, 0, 0, 0, 0, 0, 0, 0, 0, 0, 0, 0, 0, 0, 0, 0, 0, 0, 0, 0, 0, 0, 0, 0, 0, 0, 0, 0, 0, 0, 0, 0, 0, 0, 0, 0, 0, 0, 0, 0, 0, 0
  remuPEInst(31)(7): 0, 0, 0, 0, 0, 0, 0, 0, 0, 0, 0, 0, 0, 0, 0, 0, 0, 0, 0, 0, 0, 0, 0, 0, 0, 0, 0, 0, 0, 0, 0, 0, 0, 0, 0, 0, 0, 0, 0, 0, 0, 0, 0, 0, 0, 0, 0, 0, 0, 0, 0, 0, 0, 0, 0, 0, 0, 0, 0, 0, 0, 0, 0, 0
  remuPEInst(31)(8): 0, 0, 0, 0, 0, 0, 0, 0, 0, 0, 0, 0, 0, 0, 0, 0, 0, 0, 0, 0, 0, 0, 0, 0, 0, 0, 0, 0, 0, 0, 0, 0, 0, 0, 0, 0, 0, 0, 0, 0, 0, 0, 0, 0, 0, 0, 0, 0, 0, 0, 0, 0, 0, 0, 0, 0, 0, 0, 0, 0, 0, 0, 0, 0
  remuPEInst(31)(9): 0, 0, 0, 0, 0, 0, 0, 0, 0, 0, 0, 0, 0, 0, 0, 0, 0, 0, 0, 0, 0, 0, 0, 0, 0, 0, 0, 0, 0, 0, 0, 0, 0, 0, 0, 0, 0, 0, 0, 0, 0, 0, 0, 0, 0, 0, 0, 0, 0, 0, 0, 0, 0, 0, 0, 0, 0, 0, 0, 0, 0, 0, 0, 0
  remuPEInst(31)(10): 0, 0, 0, 0, 0, 0, 0, 0, 0, 0, 0, 0, 0, 0, 0, 0, 0, 0, 0, 0, 0, 0, 0, 0, 0, 0, 0, 0, 0, 0, 0, 0, 0, 0, 0, 0, 0, 0, 0, 0, 0, 0, 0, 0, 0, 0, 0, 0, 0, 0, 0, 0, 0, 0, 0, 0, 0, 0, 0, 0, 0, 0, 0, 0
  remuPEInst(31)(11): 0, 0, 0, 0, 0, 0, 0, 0, 0, 0, 0, 0, 0, 0, 0, 0, 0, 0, 0, 0, 0, 0, 0, 0, 0, 0, 0, 0, 0, 0, 0, 0, 0, 0, 0, 0, 0, 0, 0, 0, 0, 0, 0, 0, 0, 0, 0, 0, 0, 0, 0, 0, 0, 0, 0, 0, 0, 0, 0, 0, 0, 0, 0, 0
  remuPEInst(31)(12): 0, 0, 0, 0, 0, 0, 0, 0, 0, 0, 0, 0, 0, 0, 0, 0, 0, 0, 0, 0, 0, 0, 0, 0, 0, 0, 0, 0, 0, 0, 0, 0, 0, 0, 0, 0, 0, 0, 0, 0, 0, 0, 0, 0, 0, 0, 0, 0, 0, 0, 0, 0, 0, 0, 0, 0, 0, 0, 0, 0, 0, 0, 0, 0
  remuPEInst(31)(13): 0, 0, 0, 0, 0, 0, 0, 0, 0, 0, 0, 0, 0, 0, 0, 0, 0, 0, 0, 0, 0, 0, 0, 0, 0, 0, 0, 0, 0, 0, 0, 0, 0, 0, 0, 0, 0, 0, 0, 0, 0, 0, 0, 0, 0, 0, 0, 0, 0, 0, 0, 0, 0, 0, 0, 0, 0, 0, 0, 0, 0, 0, 0, 0
  remuPEInst(31)(14): 0, 0, 0, 0, 0, 0, 0, 0, 0, 0, 0, 0, 0, 0, 0, 0, 0, 0, 0, 0, 0, 0, 0, 0, 0, 0, 0, 0, 0, 0, 0, 0, 0, 0, 0, 0, 0, 0, 0, 0, 0, 0, 0, 0, 0, 0, 0, 0, 0, 0, 0, 0, 0, 0, 0, 0, 0, 0, 0, 0, 0, 0, 0, 0
  remuPEInst(31)(15): 0, 0, 0, 0, 0, 0, 0, 0, 0, 0, 0, 0, 0, 0, 0, 0, 0, 0, 0, 0, 0, 0, 0, 0, 0, 0, 0, 0, 0, 0, 0, 0, 0, 0, 0, 0, 0, 0, 0, 0, 0, 0, 0, 0, 0, 0, 0, 0, 0, 0, 0, 0, 0, 0, 0, 0, 0, 0, 0, 0, 0, 0, 0, 0

remuPEInst(32) Instructions:
  remuPEInst(32)(0): 0, 1, 0, 1, 0, 0, 0, 0, 0, 0, 0, 0, 0, 0, 0, 0, 0, 1, 0, 0, 0, 0, 0, 0, 0, 0, 1, 1, 1, 1, 1, 1, 0, 0, 0, 0, 0, 0, 0, 0, 0, 0, 0, 0, 0, 0, 0, 0, 0, 0, 0, 0, 0, 0, 0, 0, 0, 0, 0, 0, 0, 0, 0, 0
  remuPEInst(32)(1): 1, 1, 0, 1, 0, 0, 0, 0, 0, 0, 0, 0, 0, 0, 0, 0, 0, 1, 0, 0, 0, 0, 0, 0, 0, 0, 1, 1, 1, 1, 1, 1, 0, 0, 0, 0, 0, 0, 0, 0, 0, 0, 0, 0, 0, 0, 0, 0, 0, 0, 0, 0, 0, 0, 0, 0, 0, 0, 0, 0, 0, 0, 0, 0
  remuPEInst(32)(2): 0, 0, 1, 1, 1, 0, 0, 0, 0, 0, 0, 0, 0, 0, 0, 0, 1, 0, 1, 0, 0, 0, 0, 0, 0, 1, 1, 1, 1, 1, 1, 1, 0, 0, 0, 0, 0, 0, 0, 0, 0, 0, 0, 0, 0, 0, 0, 0, 0, 0, 0, 0, 0, 0, 0, 0, 0, 0, 0, 0, 0, 0, 0, 0
  remuPEInst(32)(3): 1, 1, 0, 1, 0, 0, 1, 0, 0, 0, 0, 0, 0, 0, 0, 0, 1, 0, 1, 0, 0, 0, 0, 0, 0, 1, 1, 1, 1, 1, 1, 1, 0, 0, 0, 0, 0, 0, 0, 0, 0, 0, 0, 0, 0, 0, 0, 0, 0, 0, 0, 0, 0, 0, 0, 0, 0, 0, 0, 0, 0, 0, 0, 0
  remuPEInst(32)(4): 1, 0, 1, 1, 0, 0, 1, 0, 0, 0, 0, 0, 0, 0, 0, 0, 0, 0, 0, 0, 0, 0, 0, 0, 0, 0, 1, 1, 1, 1, 1, 1, 0, 0, 0, 0, 0, 0, 0, 0, 0, 0, 0, 0, 0, 0, 0, 0, 0, 0, 0, 0, 0, 0, 0, 0, 0, 0, 0, 0, 0, 0, 0, 0
  remuPEInst(32)(5): 1, 1, 1, 1, 0, 0, 1, 0, 0, 0, 0, 0, 0, 0, 0, 0, 0, 0, 0, 0, 0, 0, 0, 0, 0, 0, 1, 1, 1, 1, 1, 1, 0, 0, 0, 0, 0, 0, 0, 0, 0, 0, 0, 0, 0, 0, 0, 0, 0, 0, 0, 0, 0, 0, 0, 0, 0, 0, 0, 0, 0, 0, 0, 0
  remuPEInst(32)(6): 0, 0, 0, 0, 0, 0, 0, 0, 0, 0, 0, 0, 0, 0, 0, 0, 0, 0, 0, 0, 0, 0, 0, 0, 0, 0, 0, 0, 0, 0, 0, 0, 0, 0, 0, 0, 0, 0, 0, 0, 0, 0, 0, 0, 0, 0, 0, 0, 0, 0, 0, 0, 0, 0, 0, 0, 0, 0, 0, 0, 0, 0, 0, 0
  remuPEInst(32)(7): 0, 0, 0, 0, 0, 0, 0, 0, 0, 0, 0, 0, 0, 0, 0, 0, 0, 0, 0, 0, 0, 0, 0, 0, 0, 0, 0, 0, 0, 0, 0, 0, 0, 0, 0, 0, 0, 0, 0, 0, 0, 0, 0, 0, 0, 0, 0, 0, 0, 0, 0, 0, 0, 0, 0, 0, 0, 0, 0, 0, 0, 0, 0, 0
  remuPEInst(32)(8): 0, 0, 0, 0, 0, 0, 0, 0, 0, 0, 0, 0, 0, 0, 0, 0, 0, 0, 0, 0, 0, 0, 0, 0, 0, 0, 0, 0, 0, 0, 0, 0, 0, 0, 0, 0, 0, 0, 0, 0, 0, 0, 0, 0, 0, 0, 0, 0, 0, 0, 0, 0, 0, 0, 0, 0, 0, 0, 0, 0, 0, 0, 0, 0
  remuPEInst(32)(9): 0, 0, 0, 0, 0, 0, 0, 0, 0, 0, 0, 0, 0, 0, 0, 0, 0, 0, 0, 0, 0, 0, 0, 0, 0, 0, 0, 0, 0, 0, 0, 0, 0, 0, 0, 0, 0, 0, 0, 0, 0, 0, 0, 0, 0, 0, 0, 0, 0, 0, 0, 0, 0, 0, 0, 0, 0, 0, 0, 0, 0, 0, 0, 0
  remuPEInst(32)(10): 0, 0, 0, 0, 0, 0, 0, 0, 0, 0, 0, 0, 0, 0, 0, 0, 0, 0, 0, 0, 0, 0, 0, 0, 0, 0, 0, 0, 0, 0, 0, 0, 0, 0, 0, 0, 0, 0, 0, 0, 0, 0, 0, 0, 0, 0, 0, 0, 0, 0, 0, 0, 0, 0, 0, 0, 0, 0, 0, 0, 0, 0, 0, 0
  remuPEInst(32)(11): 0, 0, 0, 0, 0, 0, 0, 0, 0, 0, 0, 0, 0, 0, 0, 0, 0, 0, 0, 0, 0, 0, 0, 0, 0, 0, 0, 0, 0, 0, 0, 0, 0, 0, 0, 0, 0, 0, 0, 0, 0, 0, 0, 0, 0, 0, 0, 0, 0, 0, 0, 0, 0, 0, 0, 0, 0, 0, 0, 0, 0, 0, 0, 0
  remuPEInst(32)(12): 0, 0, 0, 0, 0, 0, 0, 0, 0, 0, 0, 0, 0, 0, 0, 0, 0, 0, 0, 0, 0, 0, 0, 0, 0, 0, 0, 0, 0, 0, 0, 0, 0, 0, 0, 0, 0, 0, 0, 0, 0, 0, 0, 0, 0, 0, 0, 0, 0, 0, 0, 0, 0, 0, 0, 0, 0, 0, 0, 0, 0, 0, 0, 0
  remuPEInst(32)(13): 0, 0, 0, 0, 0, 0, 0, 0, 0, 0, 0, 0, 0, 0, 0, 0, 0, 0, 0, 0, 0, 0, 0, 0, 0, 0, 0, 0, 0, 0, 0, 0, 0, 0, 0, 0, 0, 0, 0, 0, 0, 0, 0, 0, 0, 0, 0, 0, 0, 0, 0, 0, 0, 0, 0, 0, 0, 0, 0, 0, 0, 0, 0, 0
  remuPEInst(32)(14): 0, 0, 0, 0, 0, 0, 0, 0, 0, 0, 0, 0, 0, 0, 0, 0, 0, 0, 0, 0, 0, 0, 0, 0, 0, 0, 0, 0, 0, 0, 0, 0, 0, 0, 0, 0, 0, 0, 0, 0, 0, 0, 0, 0, 0, 0, 0, 0, 0, 0, 0, 0, 0, 0, 0, 0, 0, 0, 0, 0, 0, 0, 0, 0
  remuPEInst(32)(15): 0, 0, 0, 0, 0, 0, 0, 0, 0, 0, 0, 0, 0, 0, 0, 0, 0, 0, 0, 0, 0, 0, 0, 0, 0, 0, 0, 0, 0, 0, 0, 0, 0, 0, 0, 0, 0, 0, 0, 0, 0, 0, 0, 0, 0, 0, 0, 0, 0, 0, 0, 0, 0, 0, 0, 0, 0, 0, 0, 0, 0, 0, 0, 0

remuPEInst(33) Instructions:
  remuPEInst(33)(0): 0, 0, 0, 1, 0, 1, 0, 0, 0, 0, 0, 0, 0, 0, 0, 0, 0, 1, 0, 1, 0, 1, 0, 0, 0, 1, 1, 1, 1, 1, 1, 1, 0, 0, 0, 0, 0, 0, 0, 0, 0, 0, 0, 0, 0, 0, 0, 0, 0, 0, 0, 0, 0, 0, 0, 0, 0, 0, 0, 0, 0, 0, 0, 0
  remuPEInst(33)(1): 1, 1, 0, 1, 1, 1, 0, 0, 0, 0, 0, 0, 0, 0, 0, 0, 0, 1, 0, 0, 0, 0, 0, 0, 0, 0, 1, 1, 1, 1, 1, 1, 0, 0, 0, 0, 0, 0, 0, 0, 0, 0, 0, 0, 0, 0, 0, 0, 0, 0, 0, 0, 0, 0, 0, 0, 0, 0, 0, 0, 0, 0, 0, 0
  remuPEInst(33)(2): 0, 0, 1, 0, 0, 0, 1, 0, 0, 0, 0, 0, 0, 0, 0, 0, 1, 1, 1, 1, 1, 0, 0, 0, 0, 0, 1, 1, 1, 1, 1, 1, 0, 0, 0, 0, 0, 0, 0, 0, 0, 0, 0, 0, 0, 0, 0, 0, 0, 0, 0, 0, 0, 0, 0, 0, 0, 0, 0, 0, 0, 0, 0, 0
  remuPEInst(33)(3): 1, 0, 1, 0, 0, 0, 1, 0, 0, 0, 0, 0, 0, 0, 0, 0, 1, 1, 1, 0, 0, 1, 0, 0, 0, 0, 1, 1, 1, 1, 1, 1, 0, 0, 0, 0, 0, 0, 0, 0, 0, 0, 0, 0, 0, 0, 0, 0, 0, 0, 0, 0, 0, 0, 0, 0, 0, 0, 0, 0, 0, 0, 0, 0
  remuPEInst(33)(4): 0, 0, 1, 1, 0, 0, 1, 0, 0, 0, 0, 0, 0, 0, 0, 0, 0, 0, 0, 0, 0, 0, 0, 0, 0, 0, 1, 1, 1, 1, 1, 1, 0, 0, 0, 0, 0, 0, 0, 0, 0, 0, 0, 0, 0, 0, 0, 0, 0, 0, 0, 0, 0, 0, 0, 0, 0, 0, 0, 0, 0, 0, 0, 0
  remuPEInst(33)(5): 0, 0, 0, 0, 0, 0, 0, 0, 0, 0, 0, 0, 0, 0, 0, 0, 0, 0, 0, 0, 0, 0, 0, 0, 0, 0, 0, 0, 0, 0, 0, 0, 0, 0, 0, 0, 0, 0, 0, 0, 0, 0, 0, 0, 0, 0, 0, 0, 0, 0, 0, 0, 0, 0, 0, 0, 0, 0, 0, 0, 0, 0, 0, 0
  remuPEInst(33)(6): 0, 0, 0, 0, 0, 0, 0, 0, 0, 0, 0, 0, 0, 0, 0, 0, 0, 0, 0, 0, 0, 0, 0, 0, 0, 0, 0, 0, 0, 0, 0, 0, 0, 0, 0, 0, 0, 0, 0, 0, 0, 0, 0, 0, 0, 0, 0, 0, 0, 0, 0, 0, 0, 0, 0, 0, 0, 0, 0, 0, 0, 0, 0, 0
  remuPEInst(33)(7): 0, 0, 0, 0, 0, 0, 0, 0, 0, 0, 0, 0, 0, 0, 0, 0, 0, 0, 0, 0, 0, 0, 0, 0, 0, 0, 0, 0, 0, 0, 0, 0, 0, 0, 0, 0, 0, 0, 0, 0, 0, 0, 0, 0, 0, 0, 0, 0, 0, 0, 0, 0, 0, 0, 0, 0, 0, 0, 0, 0, 0, 0, 0, 0
  remuPEInst(33)(8): 0, 0, 0, 0, 0, 0, 0, 0, 0, 0, 0, 0, 0, 0, 0, 0, 0, 0, 0, 0, 0, 0, 0, 0, 0, 0, 0, 0, 0, 0, 0, 0, 0, 0, 0, 0, 0, 0, 0, 0, 0, 0, 0, 0, 0, 0, 0, 0, 0, 0, 0, 0, 0, 0, 0, 0, 0, 0, 0, 0, 0, 0, 0, 0
  remuPEInst(33)(9): 0, 0, 0, 0, 0, 0, 0, 0, 0, 0, 0, 0, 0, 0, 0, 0, 0, 0, 0, 0, 0, 0, 0, 0, 0, 0, 0, 0, 0, 0, 0, 0, 0, 0, 0, 0, 0, 0, 0, 0, 0, 0, 0, 0, 0, 0, 0, 0, 0, 0, 0, 0, 0, 0, 0, 0, 0, 0, 0, 0, 0, 0, 0, 0
  remuPEInst(33)(10): 0, 0, 0, 0, 0, 0, 0, 0, 0, 0, 0, 0, 0, 0, 0, 0, 0, 0, 0, 0, 0, 0, 0, 0, 0, 0, 0, 0, 0, 0, 0, 0, 0, 0, 0, 0, 0, 0, 0, 0, 0, 0, 0, 0, 0, 0, 0, 0, 0, 0, 0, 0, 0, 0, 0, 0, 0, 0, 0, 0, 0, 0, 0, 0
  remuPEInst(33)(11): 0, 0, 0, 0, 0, 0, 0, 0, 0, 0, 0, 0, 0, 0, 0, 0, 0, 0, 0, 0, 0, 0, 0, 0, 0, 0, 0, 0, 0, 0, 0, 0, 0, 0, 0, 0, 0, 0, 0, 0, 0, 0, 0, 0, 0, 0, 0, 0, 0, 0, 0, 0, 0, 0, 0, 0, 0, 0, 0, 0, 0, 0, 0, 0
  remuPEInst(33)(12): 0, 0, 0, 0, 0, 0, 0, 0, 0, 0, 0, 0, 0, 0, 0, 0, 0, 0, 0, 0, 0, 0, 0, 0, 0, 0, 0, 0, 0, 0, 0, 0, 0, 0, 0, 0, 0, 0, 0, 0, 0, 0, 0, 0, 0, 0, 0, 0, 0, 0, 0, 0, 0, 0, 0, 0, 0, 0, 0, 0, 0, 0, 0, 0
  remuPEInst(33)(13): 0, 0, 0, 0, 0, 0, 0, 0, 0, 0, 0, 0, 0, 0, 0, 0, 0, 0, 0, 0, 0, 0, 0, 0, 0, 0, 0, 0, 0, 0, 0, 0, 0, 0, 0, 0, 0, 0, 0, 0, 0, 0, 0, 0, 0, 0, 0, 0, 0, 0, 0, 0, 0, 0, 0, 0, 0, 0, 0, 0, 0, 0, 0, 0
  remuPEInst(33)(14): 0, 0, 0, 0, 0, 0, 0, 0, 0, 0, 0, 0, 0, 0, 0, 0, 0, 0, 0, 0, 0, 0, 0, 0, 0, 0, 0, 0, 0, 0, 0, 0, 0, 0, 0, 0, 0, 0, 0, 0, 0, 0, 0, 0, 0, 0, 0, 0, 0, 0, 0, 0, 0, 0, 0, 0, 0, 0, 0, 0, 0, 0, 0, 0
  remuPEInst(33)(15): 0, 0, 0, 0, 0, 0, 0, 0, 0, 0, 0, 0, 0, 0, 0, 0, 0, 0, 0, 0, 0, 0, 0, 0, 0, 0, 0, 0, 0, 0, 0, 0, 0, 0, 0, 0, 0, 0, 0, 0, 0, 0, 0, 0, 0, 0, 0, 0, 0, 0, 0, 0, 0, 0, 0, 0, 0, 0, 0, 0, 0, 0, 0, 0

remuPEInst(34) Instructions:
  remuPEInst(34)(0): 1, 0, 0, 1, 1, 0, 0, 0, 0, 0, 0, 0, 0, 0, 0, 0, 1, 0, 1, 0, 0, 0, 0, 0, 0, 1, 1, 1, 1, 1, 1, 1, 0, 0, 0, 0, 0, 0, 0, 0, 0, 0, 0, 0, 0, 0, 0, 0, 0, 0, 0, 0, 0, 0, 0, 0, 0, 0, 0, 0, 0, 0, 0, 0
  remuPEInst(34)(1): 1, 0, 0, 1, 1, 1, 0, 0, 0, 0, 0, 0, 0, 0, 0, 0, 0, 1, 0, 0, 0, 0, 0, 0, 0, 0, 1, 1, 1, 1, 1, 1, 0, 0, 0, 0, 0, 0, 0, 0, 0, 0, 0, 0, 0, 0, 0, 0, 0, 0, 0, 0, 0, 0, 0, 0, 0, 0, 0, 0, 0, 0, 0, 0
  remuPEInst(34)(2): 1, 0, 1, 1, 1, 1, 0, 0, 0, 0, 0, 0, 0, 0, 0, 0, 0, 1, 0, 0, 0, 0, 0, 0, 0, 0, 1, 1, 1, 1, 1, 1, 0, 0, 0, 0, 0, 0, 0, 0, 0, 0, 0, 0, 0, 0, 0, 0, 0, 0, 0, 0, 0, 0, 0, 0, 0, 0, 0, 0, 0, 0, 0, 0
  remuPEInst(34)(3): 1, 1, 1, 1, 1, 1, 0, 0, 0, 0, 0, 0, 0, 0, 0, 0, 1, 0, 1, 0, 0, 0, 0, 0, 0, 0, 1, 1, 1, 1, 1, 1, 0, 0, 0, 0, 0, 0, 0, 0, 0, 0, 0, 0, 0, 0, 0, 0, 0, 0, 0, 0, 0, 0, 0, 0, 0, 0, 0, 0, 0, 0, 0, 0
  remuPEInst(34)(4): 1, 0, 0, 0, 0, 0, 1, 0, 0, 0, 0, 0, 0, 0, 0, 0, 1, 0, 1, 0, 0, 0, 0, 0, 0, 0, 1, 1, 1, 1, 1, 1, 0, 0, 0, 0, 0, 0, 0, 0, 0, 0, 0, 0, 0, 0, 0, 0, 0, 0, 0, 0, 0, 0, 0, 0, 0, 0, 0, 0, 0, 0, 0, 0
  remuPEInst(34)(5): 0, 1, 0, 0, 0, 0, 1, 0, 0, 0, 0, 0, 0, 0, 0, 0, 1, 1, 1, 1, 1, 0, 0, 0, 0, 0, 1, 1, 1, 1, 1, 1, 0, 0, 0, 0, 0, 0, 0, 0, 0, 0, 0, 0, 0, 0, 0, 0, 0, 0, 0, 0, 0, 0, 0, 0, 0, 0, 0, 0, 0, 0, 0, 0
  remuPEInst(34)(6): 0, 0, 0, 1, 0, 0, 1, 0, 0, 0, 0, 0, 0, 0, 0, 0, 1, 0, 1, 1, 0, 0, 0, 0, 0, 0, 1, 1, 1, 1, 1, 1, 0, 0, 0, 0, 0, 0, 0, 0, 0, 0, 0, 0, 0, 0, 0, 0, 0, 0, 0, 0, 0, 0, 0, 0, 0, 0, 0, 0, 0, 0, 0, 0
  remuPEInst(34)(7): 1, 0, 0, 1, 0, 0, 1, 0, 0, 0, 0, 0, 0, 0, 0, 0, 1, 0, 1, 0, 0, 0, 0, 0, 0, 1, 1, 1, 1, 1, 1, 1, 0, 0, 0, 0, 0, 0, 0, 0, 0, 0, 0, 0, 0, 0, 0, 0, 0, 0, 0, 0, 0, 0, 0, 0, 0, 0, 0, 0, 0, 0, 0, 0
  remuPEInst(34)(8): 0, 0, 0, 0, 0, 0, 0, 0, 0, 0, 0, 0, 0, 0, 0, 0, 0, 0, 0, 0, 0, 0, 0, 0, 0, 0, 0, 0, 0, 0, 0, 0, 0, 0, 0, 0, 0, 0, 0, 0, 0, 0, 0, 0, 0, 0, 0, 0, 0, 0, 0, 0, 0, 0, 0, 0, 0, 0, 0, 0, 0, 0, 0, 0
  remuPEInst(34)(9): 0, 0, 0, 0, 0, 0, 0, 0, 0, 0, 0, 0, 0, 0, 0, 0, 0, 0, 0, 0, 0, 0, 0, 0, 0, 0, 0, 0, 0, 0, 0, 0, 0, 0, 0, 0, 0, 0, 0, 0, 0, 0, 0, 0, 0, 0, 0, 0, 0, 0, 0, 0, 0, 0, 0, 0, 0, 0, 0, 0, 0, 0, 0, 0
  remuPEInst(34)(10): 0, 0, 0, 0, 0, 0, 0, 0, 0, 0, 0, 0, 0, 0, 0, 0, 0, 0, 0, 0, 0, 0, 0, 0, 0, 0, 0, 0, 0, 0, 0, 0, 0, 0, 0, 0, 0, 0, 0, 0, 0, 0, 0, 0, 0, 0, 0, 0, 0, 0, 0, 0, 0, 0, 0, 0, 0, 0, 0, 0, 0, 0, 0, 0
  remuPEInst(34)(11): 0, 0, 0, 0, 0, 0, 0, 0, 0, 0, 0, 0, 0, 0, 0, 0, 0, 0, 0, 0, 0, 0, 0, 0, 0, 0, 0, 0, 0, 0, 0, 0, 0, 0, 0, 0, 0, 0, 0, 0, 0, 0, 0, 0, 0, 0, 0, 0, 0, 0, 0, 0, 0, 0, 0, 0, 0, 0, 0, 0, 0, 0, 0, 0
  remuPEInst(34)(12): 0, 0, 0, 0, 0, 0, 0, 0, 0, 0, 0, 0, 0, 0, 0, 0, 0, 0, 0, 0, 0, 0, 0, 0, 0, 0, 0, 0, 0, 0, 0, 0, 0, 0, 0, 0, 0, 0, 0, 0, 0, 0, 0, 0, 0, 0, 0, 0, 0, 0, 0, 0, 0, 0, 0, 0, 0, 0, 0, 0, 0, 0, 0, 0
  remuPEInst(34)(13): 0, 0, 0, 0, 0, 0, 0, 0, 0, 0, 0, 0, 0, 0, 0, 0, 0, 0, 0, 0, 0, 0, 0, 0, 0, 0, 0, 0, 0, 0, 0, 0, 0, 0, 0, 0, 0, 0, 0, 0, 0, 0, 0, 0, 0, 0, 0, 0, 0, 0, 0, 0, 0, 0, 0, 0, 0, 0, 0, 0, 0, 0, 0, 0
  remuPEInst(34)(14): 0, 0, 0, 0, 0, 0, 0, 0, 0, 0, 0, 0, 0, 0, 0, 0, 0, 0, 0, 0, 0, 0, 0, 0, 0, 0, 0, 0, 0, 0, 0, 0, 0, 0, 0, 0, 0, 0, 0, 0, 0, 0, 0, 0, 0, 0, 0, 0, 0, 0, 0, 0, 0, 0, 0, 0, 0, 0, 0, 0, 0, 0, 0, 0
  remuPEInst(34)(15): 0, 0, 0, 0, 0, 0, 0, 0, 0, 0, 0, 0, 0, 0, 0, 0, 0, 0, 0, 0, 0, 0, 0, 0, 0, 0, 0, 0, 0, 0, 0, 0, 0, 0, 0, 0, 0, 0, 0, 0, 0, 0, 0, 0, 0, 0, 0, 0, 0, 0, 0, 0, 0, 0, 0, 0, 0, 0, 0, 0, 0, 0, 0, 0

remuPEInst(35) Instructions:
  remuPEInst(35)(0): 1, 0, 0, 1, 0, 0, 0, 0, 0, 0, 0, 0, 0, 0, 0, 0, 0, 1, 0, 0, 0, 0, 0, 0, 0, 0, 1, 1, 1, 1, 1, 1, 0, 0, 0, 0, 0, 0, 0, 0, 0, 0, 0, 0, 0, 0, 0, 0, 0, 0, 0, 0, 0, 0, 0, 0, 0, 0, 0, 0, 0, 0, 0, 0
  remuPEInst(35)(1): 0, 0, 1, 1, 0, 0, 0, 0, 0, 0, 0, 0, 0, 0, 0, 0, 0, 1, 0, 0, 0, 0, 0, 0, 0, 0, 1, 1, 1, 1, 1, 1, 0, 0, 0, 0, 0, 0, 0, 0, 0, 0, 0, 0, 0, 0, 0, 0, 0, 0, 0, 0, 0, 0, 0, 0, 0, 0, 0, 0, 0, 0, 0, 0
  remuPEInst(35)(2): 0, 0, 1, 0, 1, 0, 0, 0, 0, 0, 0, 0, 0, 0, 0, 0, 1, 1, 1, 1, 1, 0, 0, 0, 0, 0, 1, 1, 1, 1, 1, 1, 0, 0, 0, 0, 0, 0, 0, 0, 0, 0, 0, 0, 0, 0, 0, 0, 0, 0, 0, 0, 0, 0, 0, 0, 0, 0, 0, 0, 0, 0, 0, 0
  remuPEInst(35)(3): 0, 0, 0, 1, 1, 0, 0, 0, 0, 0, 0, 0, 0, 0, 0, 0, 1, 0, 1, 1, 0, 0, 0, 0, 0, 0, 1, 1, 1, 1, 1, 1, 0, 0, 0, 0, 0, 0, 0, 0, 0, 0, 0, 0, 0, 0, 0, 0, 0, 0, 0, 0, 0, 0, 0, 0, 0, 0, 0, 0, 0, 0, 0, 0
  remuPEInst(35)(4): 0, 0, 0, 0, 0, 0, 0, 0, 0, 0, 0, 0, 0, 0, 0, 0, 0, 0, 0, 0, 0, 0, 0, 0, 0, 0, 0, 0, 0, 0, 0, 0, 0, 0, 0, 0, 0, 0, 0, 0, 0, 0, 0, 0, 0, 0, 0, 0, 0, 0, 0, 0, 0, 0, 0, 0, 0, 0, 0, 0, 0, 0, 0, 0
  remuPEInst(35)(5): 0, 0, 0, 0, 0, 0, 0, 0, 0, 0, 0, 0, 0, 0, 0, 0, 0, 0, 0, 0, 0, 0, 0, 0, 0, 0, 0, 0, 0, 0, 0, 0, 0, 0, 0, 0, 0, 0, 0, 0, 0, 0, 0, 0, 0, 0, 0, 0, 0, 0, 0, 0, 0, 0, 0, 0, 0, 0, 0, 0, 0, 0, 0, 0
  remuPEInst(35)(6): 0, 0, 0, 0, 0, 0, 0, 0, 0, 0, 0, 0, 0, 0, 0, 0, 0, 0, 0, 0, 0, 0, 0, 0, 0, 0, 0, 0, 0, 0, 0, 0, 0, 0, 0, 0, 0, 0, 0, 0, 0, 0, 0, 0, 0, 0, 0, 0, 0, 0, 0, 0, 0, 0, 0, 0, 0, 0, 0, 0, 0, 0, 0, 0
  remuPEInst(35)(7): 0, 0, 0, 0, 0, 0, 0, 0, 0, 0, 0, 0, 0, 0, 0, 0, 0, 0, 0, 0, 0, 0, 0, 0, 0, 0, 0, 0, 0, 0, 0, 0, 0, 0, 0, 0, 0, 0, 0, 0, 0, 0, 0, 0, 0, 0, 0, 0, 0, 0, 0, 0, 0, 0, 0, 0, 0, 0, 0, 0, 0, 0, 0, 0
  remuPEInst(35)(8): 0, 0, 0, 0, 0, 0, 0, 0, 0, 0, 0, 0, 0, 0, 0, 0, 0, 0, 0, 0, 0, 0, 0, 0, 0, 0, 0, 0, 0, 0, 0, 0, 0, 0, 0, 0, 0, 0, 0, 0, 0, 0, 0, 0, 0, 0, 0, 0, 0, 0, 0, 0, 0, 0, 0, 0, 0, 0, 0, 0, 0, 0, 0, 0
  remuPEInst(35)(9): 0, 0, 0, 0, 0, 0, 0, 0, 0, 0, 0, 0, 0, 0, 0, 0, 0, 0, 0, 0, 0, 0, 0, 0, 0, 0, 0, 0, 0, 0, 0, 0, 0, 0, 0, 0, 0, 0, 0, 0, 0, 0, 0, 0, 0, 0, 0, 0, 0, 0, 0, 0, 0, 0, 0, 0, 0, 0, 0, 0, 0, 0, 0, 0
  remuPEInst(35)(10): 0, 0, 0, 0, 0, 0, 0, 0, 0, 0, 0, 0, 0, 0, 0, 0, 0, 0, 0, 0, 0, 0, 0, 0, 0, 0, 0, 0, 0, 0, 0, 0, 0, 0, 0, 0, 0, 0, 0, 0, 0, 0, 0, 0, 0, 0, 0, 0, 0, 0, 0, 0, 0, 0, 0, 0, 0, 0, 0, 0, 0, 0, 0, 0
  remuPEInst(35)(11): 0, 0, 0, 0, 0, 0, 0, 0, 0, 0, 0, 0, 0, 0, 0, 0, 0, 0, 0, 0, 0, 0, 0, 0, 0, 0, 0, 0, 0, 0, 0, 0, 0, 0, 0, 0, 0, 0, 0, 0, 0, 0, 0, 0, 0, 0, 0, 0, 0, 0, 0, 0, 0, 0, 0, 0, 0, 0, 0, 0, 0, 0, 0, 0
  remuPEInst(35)(12): 0, 0, 0, 0, 0, 0, 0, 0, 0, 0, 0, 0, 0, 0, 0, 0, 0, 0, 0, 0, 0, 0, 0, 0, 0, 0, 0, 0, 0, 0, 0, 0, 0, 0, 0, 0, 0, 0, 0, 0, 0, 0, 0, 0, 0, 0, 0, 0, 0, 0, 0, 0, 0, 0, 0, 0, 0, 0, 0, 0, 0, 0, 0, 0
  remuPEInst(35)(13): 0, 0, 0, 0, 0, 0, 0, 0, 0, 0, 0, 0, 0, 0, 0, 0, 0, 0, 0, 0, 0, 0, 0, 0, 0, 0, 0, 0, 0, 0, 0, 0, 0, 0, 0, 0, 0, 0, 0, 0, 0, 0, 0, 0, 0, 0, 0, 0, 0, 0, 0, 0, 0, 0, 0, 0, 0, 0, 0, 0, 0, 0, 0, 0
  remuPEInst(35)(14): 0, 0, 0, 0, 0, 0, 0, 0, 0, 0, 0, 0, 0, 0, 0, 0, 0, 0, 0, 0, 0, 0, 0, 0, 0, 0, 0, 0, 0, 0, 0, 0, 0, 0, 0, 0, 0, 0, 0, 0, 0, 0, 0, 0, 0, 0, 0, 0, 0, 0, 0, 0, 0, 0, 0, 0, 0, 0, 0, 0, 0, 0, 0, 0
  remuPEInst(35)(15): 0, 0, 0, 0, 0, 0, 0, 0, 0, 0, 0, 0, 0, 0, 0, 0, 0, 0, 0, 0, 0, 0, 0, 0, 0, 0, 0, 0, 0, 0, 0, 0, 0, 0, 0, 0, 0, 0, 0, 0, 0, 0, 0, 0, 0, 0, 0, 0, 0, 0, 0, 0, 0, 0, 0, 0, 0, 0, 0, 0, 0, 0, 0, 0

remuPEOut Routing D0:
remuPEOut(0) Routing D0:
  remuPEOut Routing D0(0)(0): 0, 0, 0, 0, 0, 0, 1, 0, 0
  remuPEOut Routing D0(0)(1): 0, 0, 0, 0, 0, 0, 0, 0, 1
  remuPEOut Routing D0(0)(2): 0, 0, 0, 0, 0, 0, 0, 0, 0
  remuPEOut Routing D0(0)(3): 0, 0, 0, 0, 0, 0, 0, 0, 0
  remuPEOut Routing D0(0)(4): 0, 0, 0, 0, 0, 0, 0, 0, 0
  remuPEOut Routing D0(0)(5): 0, 0, 0, 0, 0, 0, 0, 0, 0
  remuPEOut Routing D0(0)(6): 0, 0, 0, 0, 0, 0, 0, 0, 0
  remuPEOut Routing D0(0)(7): 0, 0, 0, 0, 0, 0, 0, 0, 0
  remuPEOut Routing D0(0)(8): 0, 0, 0, 0, 0, 0, 0, 0, 0
  remuPEOut Routing D0(0)(9): 0, 0, 0, 0, 0, 0, 0, 0, 0
  remuPEOut Routing D0(0)(10): 0, 0, 0, 0, 0, 0, 0, 0, 0
  remuPEOut Routing D0(0)(11): 0, 0, 0, 0, 0, 0, 0, 0, 0
  remuPEOut Routing D0(0)(12): 0, 0, 0, 0, 0, 0, 0, 0, 0
  remuPEOut Routing D0(0)(13): 0, 0, 0, 0, 0, 0, 0, 0, 0
  remuPEOut Routing D0(0)(14): 0, 0, 0, 0, 0, 0, 0, 0, 0
  remuPEOut Routing D0(0)(15): 0, 0, 0, 0, 0, 0, 0, 0, 0
remuPEOut(1) Routing D0:
  remuPEOut Routing D0(1)(0): 0, 0, 0, 0, 0, 0, 1, 0, 0
  remuPEOut Routing D0(1)(1): 0, 0, 0, 0, 0, 1, 0, 0, 0
  remuPEOut Routing D0(1)(2): 0, 0, 0, 0, 0, 0, 0, 0, 0
  remuPEOut Routing D0(1)(3): 0, 0, 0, 0, 0, 0, 0, 0, 0
  remuPEOut Routing D0(1)(4): 0, 0, 0, 0, 0, 0, 0, 0, 0
  remuPEOut Routing D0(1)(5): 0, 0, 0, 0, 0, 0, 0, 0, 0
  remuPEOut Routing D0(1)(6): 0, 0, 0, 0, 0, 0, 0, 0, 0
  remuPEOut Routing D0(1)(7): 0, 0, 0, 0, 0, 0, 0, 0, 0
  remuPEOut Routing D0(1)(8): 0, 0, 0, 0, 0, 0, 0, 0, 0
  remuPEOut Routing D0(1)(9): 0, 0, 0, 0, 0, 0, 0, 0, 0
  remuPEOut Routing D0(1)(10): 0, 0, 0, 0, 0, 0, 0, 0, 0
  remuPEOut Routing D0(1)(11): 0, 0, 0, 0, 0, 0, 0, 0, 0
  remuPEOut Routing D0(1)(12): 0, 0, 0, 0, 0, 0, 0, 0, 0
  remuPEOut Routing D0(1)(13): 0, 0, 0, 0, 0, 0, 0, 0, 0
  remuPEOut Routing D0(1)(14): 0, 0, 0, 0, 0, 0, 0, 0, 0
  remuPEOut Routing D0(1)(15): 0, 0, 0, 0, 0, 0, 0, 0, 0
remuPEOut(2) Routing D0:
  remuPEOut Routing D0(2)(0): 0, 0, 0, 1, 0, 0, 0, 0, 0
  remuPEOut Routing D0(2)(1): 0, 0, 0, 0, 0, 0, 0, 0, 0
  remuPEOut Routing D0(2)(2): 0, 0, 0, 0, 0, 0, 0, 0, 0
  remuPEOut Routing D0(2)(3): 0, 0, 0, 0, 0, 0, 0, 0, 0
  remuPEOut Routing D0(2)(4): 0, 0, 0, 0, 0, 0, 0, 0, 0
  remuPEOut Routing D0(2)(5): 0, 0, 0, 0, 0, 0, 0, 0, 0
  remuPEOut Routing D0(2)(6): 0, 0, 0, 0, 0, 0, 0, 0, 0
  remuPEOut Routing D0(2)(7): 0, 0, 0, 0, 0, 0, 0, 0, 0
  remuPEOut Routing D0(2)(8): 0, 0, 0, 0, 0, 0, 0, 0, 0
  remuPEOut Routing D0(2)(9): 0, 0, 0, 0, 0, 0, 0, 0, 0
  remuPEOut Routing D0(2)(10): 0, 0, 0, 0, 0, 0, 0, 0, 0
  remuPEOut Routing D0(2)(11): 0, 0, 0, 0, 0, 0, 0, 0, 0
  remuPEOut Routing D0(2)(12): 0, 0, 0, 0, 0, 0, 0, 0, 0
  remuPEOut Routing D0(2)(13): 0, 0, 0, 0, 0, 0, 0, 0, 0
  remuPEOut Routing D0(2)(14): 0, 0, 0, 0, 0, 0, 0, 0, 0
  remuPEOut Routing D0(2)(15): 0, 0, 0, 0, 0, 0, 0, 0, 0
remuPEOut(3) Routing D0:
  remuPEOut Routing D0(3)(0): 0, 0, 0, 0, 0, 0, 0, 0, 1
  remuPEOut Routing D0(3)(1): 0, 0, 0, 0, 0, 0, 0, 0, 0
  remuPEOut Routing D0(3)(2): 0, 0, 0, 0, 0, 0, 0, 0, 0
  remuPEOut Routing D0(3)(3): 0, 0, 0, 0, 0, 0, 0, 0, 0
  remuPEOut Routing D0(3)(4): 0, 0, 0, 0, 0, 0, 0, 0, 0
  remuPEOut Routing D0(3)(5): 0, 0, 0, 0, 0, 0, 0, 0, 0
  remuPEOut Routing D0(3)(6): 0, 0, 0, 0, 0, 0, 0, 0, 0
  remuPEOut Routing D0(3)(7): 0, 0, 0, 0, 0, 0, 0, 0, 0
  remuPEOut Routing D0(3)(8): 0, 0, 0, 0, 0, 0, 0, 0, 0
  remuPEOut Routing D0(3)(9): 0, 0, 0, 0, 0, 0, 0, 0, 0
  remuPEOut Routing D0(3)(10): 0, 0, 0, 0, 0, 0, 0, 0, 0
  remuPEOut Routing D0(3)(11): 0, 0, 0, 0, 0, 0, 0, 0, 0
  remuPEOut Routing D0(3)(12): 0, 0, 0, 0, 0, 0, 0, 0, 0
  remuPEOut Routing D0(3)(13): 0, 0, 0, 0, 0, 0, 0, 0, 0
  remuPEOut Routing D0(3)(14): 0, 0, 0, 0, 0, 0, 0, 0, 0
  remuPEOut Routing D0(3)(15): 0, 0, 0, 0, 0, 0, 0, 0, 0
remuPEOut(4) Routing D0:
  remuPEOut Routing D0(4)(0): 0, 0, 0, 0, 0, 0, 1, 0, 0
  remuPEOut Routing D0(4)(1): 0, 0, 0, 0, 0, 0, 0, 1, 0
  remuPEOut Routing D0(4)(2): 0, 0, 0, 0, 0, 0, 0, 0, 0
  remuPEOut Routing D0(4)(3): 0, 0, 0, 0, 0, 0, 0, 0, 0
  remuPEOut Routing D0(4)(4): 0, 0, 0, 0, 0, 0, 0, 0, 0
  remuPEOut Routing D0(4)(5): 0, 0, 0, 0, 0, 0, 0, 0, 0
  remuPEOut Routing D0(4)(6): 0, 0, 0, 0, 0, 0, 0, 0, 0
  remuPEOut Routing D0(4)(7): 0, 0, 0, 0, 0, 0, 0, 0, 0
  remuPEOut Routing D0(4)(8): 0, 0, 0, 0, 0, 0, 0, 0, 0
  remuPEOut Routing D0(4)(9): 0, 0, 0, 0, 0, 0, 0, 0, 0
  remuPEOut Routing D0(4)(10): 0, 0, 0, 0, 0, 0, 0, 0, 0
  remuPEOut Routing D0(4)(11): 0, 0, 0, 0, 0, 0, 0, 0, 0
  remuPEOut Routing D0(4)(12): 0, 0, 0, 0, 0, 0, 0, 0, 0
  remuPEOut Routing D0(4)(13): 0, 0, 0, 0, 0, 0, 0, 0, 0
  remuPEOut Routing D0(4)(14): 0, 0, 0, 0, 0, 0, 0, 0, 0
  remuPEOut Routing D0(4)(15): 0, 0, 0, 0, 0, 0, 0, 0, 0
remuPEOut(5) Routing D0:
  remuPEOut Routing D0(5)(0): 1, 0, 0, 0, 0, 0, 0, 0, 0
  remuPEOut Routing D0(5)(1): 0, 0, 0, 0, 1, 0, 0, 0, 0
  remuPEOut Routing D0(5)(2): 0, 0, 0, 0, 0, 0, 0, 0, 0
  remuPEOut Routing D0(5)(3): 0, 0, 0, 0, 0, 0, 0, 0, 0
  remuPEOut Routing D0(5)(4): 0, 0, 0, 0, 0, 0, 0, 0, 0
  remuPEOut Routing D0(5)(5): 0, 0, 0, 0, 0, 0, 0, 0, 0
  remuPEOut Routing D0(5)(6): 0, 0, 0, 0, 0, 0, 0, 0, 0
  remuPEOut Routing D0(5)(7): 0, 0, 0, 0, 0, 0, 0, 0, 0
  remuPEOut Routing D0(5)(8): 0, 0, 0, 0, 0, 0, 0, 0, 0
  remuPEOut Routing D0(5)(9): 0, 0, 0, 0, 0, 0, 0, 0, 0
  remuPEOut Routing D0(5)(10): 0, 0, 0, 0, 0, 0, 0, 0, 0
  remuPEOut Routing D0(5)(11): 0, 0, 0, 0, 0, 0, 0, 0, 0
  remuPEOut Routing D0(5)(12): 0, 0, 0, 0, 0, 0, 0, 0, 0
  remuPEOut Routing D0(5)(13): 0, 0, 0, 0, 0, 0, 0, 0, 0
  remuPEOut Routing D0(5)(14): 0, 0, 0, 0, 0, 0, 0, 0, 0
  remuPEOut Routing D0(5)(15): 0, 0, 0, 0, 0, 0, 0, 0, 0
remuPEOut(6) Routing D0:
  remuPEOut Routing D0(6)(0): 0, 0, 0, 0, 0, 0, 0, 0, 0
  remuPEOut Routing D0(6)(1): 0, 0, 0, 0, 0, 0, 0, 0, 0
  remuPEOut Routing D0(6)(2): 0, 0, 0, 0, 0, 0, 0, 0, 0
  remuPEOut Routing D0(6)(3): 0, 0, 0, 0, 0, 0, 0, 0, 0
  remuPEOut Routing D0(6)(4): 0, 0, 0, 0, 0, 0, 0, 0, 0
  remuPEOut Routing D0(6)(5): 0, 0, 0, 0, 0, 0, 0, 0, 0
  remuPEOut Routing D0(6)(6): 0, 0, 0, 0, 0, 0, 0, 0, 0
  remuPEOut Routing D0(6)(7): 0, 0, 0, 0, 0, 0, 0, 0, 0
  remuPEOut Routing D0(6)(8): 0, 0, 0, 0, 0, 0, 0, 0, 0
  remuPEOut Routing D0(6)(9): 0, 0, 0, 0, 0, 0, 0, 0, 0
  remuPEOut Routing D0(6)(10): 0, 0, 0, 0, 0, 0, 0, 0, 0
  remuPEOut Routing D0(6)(11): 0, 0, 0, 0, 0, 0, 0, 0, 0
  remuPEOut Routing D0(6)(12): 0, 0, 0, 0, 0, 0, 0, 0, 0
  remuPEOut Routing D0(6)(13): 0, 0, 0, 0, 0, 0, 0, 0, 0
  remuPEOut Routing D0(6)(14): 0, 0, 0, 0, 0, 0, 0, 0, 0
  remuPEOut Routing D0(6)(15): 0, 0, 0, 0, 0, 0, 0, 0, 0
remuPEOut(7) Routing D0:
  remuPEOut Routing D0(7)(0): 0, 0, 0, 0, 0, 0, 1, 0, 0
  remuPEOut Routing D0(7)(1): 0, 0, 0, 0, 0, 0, 0, 0, 0
  remuPEOut Routing D0(7)(2): 0, 0, 0, 0, 0, 0, 0, 0, 0
  remuPEOut Routing D0(7)(3): 0, 0, 0, 0, 0, 0, 0, 0, 0
  remuPEOut Routing D0(7)(4): 0, 0, 0, 0, 0, 0, 0, 0, 0
  remuPEOut Routing D0(7)(5): 0, 0, 0, 0, 0, 0, 0, 0, 0
  remuPEOut Routing D0(7)(6): 0, 0, 0, 0, 0, 0, 0, 0, 0
  remuPEOut Routing D0(7)(7): 0, 0, 0, 0, 0, 0, 0, 0, 0
  remuPEOut Routing D0(7)(8): 0, 0, 0, 0, 0, 0, 0, 0, 0
  remuPEOut Routing D0(7)(9): 0, 0, 0, 0, 0, 0, 0, 0, 0
  remuPEOut Routing D0(7)(10): 0, 0, 0, 0, 0, 0, 0, 0, 0
  remuPEOut Routing D0(7)(11): 0, 0, 0, 0, 0, 0, 0, 0, 0
  remuPEOut Routing D0(7)(12): 0, 0, 0, 0, 0, 0, 0, 0, 0
  remuPEOut Routing D0(7)(13): 0, 0, 0, 0, 0, 0, 0, 0, 0
  remuPEOut Routing D0(7)(14): 0, 0, 0, 0, 0, 0, 0, 0, 0
  remuPEOut Routing D0(7)(15): 0, 0, 0, 0, 0, 0, 0, 0, 0
remuPEOut(8) Routing D0:
  remuPEOut Routing D0(8)(0): 0, 0, 0, 0, 0, 0, 0, 0, 1
  remuPEOut Routing D0(8)(1): 0, 1, 0, 0, 0, 0, 0, 0, 0
  remuPEOut Routing D0(8)(2): 0, 0, 0, 0, 0, 0, 0, 0, 0
  remuPEOut Routing D0(8)(3): 0, 0, 0, 0, 0, 0, 0, 0, 0
  remuPEOut Routing D0(8)(4): 0, 0, 0, 0, 0, 0, 0, 0, 0
  remuPEOut Routing D0(8)(5): 0, 0, 0, 0, 0, 0, 0, 0, 0
  remuPEOut Routing D0(8)(6): 0, 0, 0, 0, 0, 0, 0, 0, 0
  remuPEOut Routing D0(8)(7): 0, 0, 0, 0, 0, 0, 0, 0, 0
  remuPEOut Routing D0(8)(8): 0, 0, 0, 0, 0, 0, 0, 0, 0
  remuPEOut Routing D0(8)(9): 0, 0, 0, 0, 0, 0, 0, 0, 0
  remuPEOut Routing D0(8)(10): 0, 0, 0, 0, 0, 0, 0, 0, 0
  remuPEOut Routing D0(8)(11): 0, 0, 0, 0, 0, 0, 0, 0, 0
  remuPEOut Routing D0(8)(12): 0, 0, 0, 0, 0, 0, 0, 0, 0
  remuPEOut Routing D0(8)(13): 0, 0, 0, 0, 0, 0, 0, 0, 0
  remuPEOut Routing D0(8)(14): 0, 0, 0, 0, 0, 0, 0, 0, 0
  remuPEOut Routing D0(8)(15): 0, 0, 0, 0, 0, 0, 0, 0, 0
remuPEOut(9) Routing D0:
  remuPEOut Routing D0(9)(0): 0, 1, 0, 1, 0, 0, 0, 0, 0
  remuPEOut Routing D0(9)(1): 0, 0, 0, 0, 0, 0, 0, 0, 0
  remuPEOut Routing D0(9)(2): 0, 0, 0, 0, 0, 0, 0, 0, 0
  remuPEOut Routing D0(9)(3): 0, 0, 0, 0, 0, 0, 0, 0, 0
  remuPEOut Routing D0(9)(4): 0, 0, 0, 0, 0, 0, 0, 0, 0
  remuPEOut Routing D0(9)(5): 0, 0, 0, 0, 0, 0, 0, 0, 0
  remuPEOut Routing D0(9)(6): 0, 0, 0, 0, 0, 0, 0, 0, 0
  remuPEOut Routing D0(9)(7): 0, 0, 0, 0, 0, 0, 0, 0, 0
  remuPEOut Routing D0(9)(8): 0, 0, 0, 0, 0, 0, 0, 0, 0
  remuPEOut Routing D0(9)(9): 0, 0, 0, 0, 0, 0, 0, 0, 0
  remuPEOut Routing D0(9)(10): 0, 0, 0, 0, 0, 0, 0, 0, 0
  remuPEOut Routing D0(9)(11): 0, 0, 0, 0, 0, 0, 0, 0, 0
  remuPEOut Routing D0(9)(12): 0, 0, 0, 0, 0, 0, 0, 0, 0
  remuPEOut Routing D0(9)(13): 0, 0, 0, 0, 0, 0, 0, 0, 0
  remuPEOut Routing D0(9)(14): 0, 0, 0, 0, 0, 0, 0, 0, 0
  remuPEOut Routing D0(9)(15): 0, 0, 0, 0, 0, 0, 0, 0, 0
remuPEOut(10) Routing D0:
  remuPEOut Routing D0(10)(0): 0, 0, 0, 0, 0, 0, 0, 1, 0
  remuPEOut Routing D0(10)(1): 0, 0, 0, 0, 0, 0, 0, 0, 0
  remuPEOut Routing D0(10)(2): 0, 0, 0, 0, 0, 0, 0, 0, 0
  remuPEOut Routing D0(10)(3): 0, 0, 0, 0, 0, 0, 0, 0, 0
  remuPEOut Routing D0(10)(4): 0, 0, 0, 0, 0, 0, 0, 0, 0
  remuPEOut Routing D0(10)(5): 0, 0, 0, 0, 0, 0, 0, 0, 0
  remuPEOut Routing D0(10)(6): 0, 0, 0, 0, 0, 0, 0, 0, 0
  remuPEOut Routing D0(10)(7): 0, 0, 0, 0, 0, 0, 0, 0, 0
  remuPEOut Routing D0(10)(8): 0, 0, 0, 0, 0, 0, 0, 0, 0
  remuPEOut Routing D0(10)(9): 0, 0, 0, 0, 0, 0, 0, 0, 0
  remuPEOut Routing D0(10)(10): 0, 0, 0, 0, 0, 0, 0, 0, 0
  remuPEOut Routing D0(10)(11): 0, 0, 0, 0, 0, 0, 0, 0, 0
  remuPEOut Routing D0(10)(12): 0, 0, 0, 0, 0, 0, 0, 0, 0
  remuPEOut Routing D0(10)(13): 0, 0, 0, 0, 0, 0, 0, 0, 0
  remuPEOut Routing D0(10)(14): 0, 0, 0, 0, 0, 0, 0, 0, 0
  remuPEOut Routing D0(10)(15): 0, 0, 0, 0, 0, 0, 0, 0, 0
remuPEOut(11) Routing D0:
  remuPEOut Routing D0(11)(0): 0, 0, 0, 0, 0, 0, 0, 0, 0
  remuPEOut Routing D0(11)(1): 0, 0, 0, 0, 0, 0, 0, 0, 0
  remuPEOut Routing D0(11)(2): 0, 0, 0, 0, 0, 0, 0, 0, 0
  remuPEOut Routing D0(11)(3): 0, 0, 0, 0, 0, 0, 0, 0, 0
  remuPEOut Routing D0(11)(4): 0, 0, 0, 0, 0, 0, 0, 0, 0
  remuPEOut Routing D0(11)(5): 0, 0, 0, 0, 0, 0, 0, 0, 0
  remuPEOut Routing D0(11)(6): 0, 0, 0, 0, 0, 0, 0, 0, 0
  remuPEOut Routing D0(11)(7): 0, 0, 0, 0, 0, 0, 0, 0, 0
  remuPEOut Routing D0(11)(8): 0, 0, 0, 0, 0, 0, 0, 0, 0
  remuPEOut Routing D0(11)(9): 0, 0, 0, 0, 0, 0, 0, 0, 0
  remuPEOut Routing D0(11)(10): 0, 0, 0, 0, 0, 0, 0, 0, 0
  remuPEOut Routing D0(11)(11): 0, 0, 0, 0, 0, 0, 0, 0, 0
  remuPEOut Routing D0(11)(12): 0, 0, 0, 0, 0, 0, 0, 0, 0
  remuPEOut Routing D0(11)(13): 0, 0, 0, 0, 0, 0, 0, 0, 0
  remuPEOut Routing D0(11)(14): 0, 0, 0, 0, 0, 0, 0, 0, 0
  remuPEOut Routing D0(11)(15): 0, 0, 0, 0, 0, 0, 0, 0, 0
remuPEOut(12) Routing D0:
  remuPEOut Routing D0(12)(0): 0, 0, 0, 0, 0, 0, 1, 0, 0
  remuPEOut Routing D0(12)(1): 0, 0, 0, 0, 0, 0, 0, 0, 0
  remuPEOut Routing D0(12)(2): 0, 0, 0, 0, 0, 0, 0, 0, 0
  remuPEOut Routing D0(12)(3): 0, 0, 0, 0, 0, 0, 0, 0, 0
  remuPEOut Routing D0(12)(4): 0, 0, 0, 0, 0, 0, 0, 0, 0
  remuPEOut Routing D0(12)(5): 0, 0, 0, 0, 0, 0, 0, 0, 0
  remuPEOut Routing D0(12)(6): 0, 0, 0, 0, 0, 0, 0, 0, 0
  remuPEOut Routing D0(12)(7): 0, 0, 0, 0, 0, 0, 0, 0, 0
  remuPEOut Routing D0(12)(8): 0, 0, 0, 0, 0, 0, 0, 0, 0
  remuPEOut Routing D0(12)(9): 0, 0, 0, 0, 0, 0, 0, 0, 0
  remuPEOut Routing D0(12)(10): 0, 0, 0, 0, 0, 0, 0, 0, 0
  remuPEOut Routing D0(12)(11): 0, 0, 0, 0, 0, 0, 0, 0, 0
  remuPEOut Routing D0(12)(12): 0, 0, 0, 0, 0, 0, 0, 0, 0
  remuPEOut Routing D0(12)(13): 0, 0, 0, 0, 0, 0, 0, 0, 0
  remuPEOut Routing D0(12)(14): 0, 0, 0, 0, 0, 0, 0, 0, 0
  remuPEOut Routing D0(12)(15): 0, 0, 0, 0, 0, 0, 0, 0, 0
remuPEOut(13) Routing D0:
  remuPEOut Routing D0(13)(0): 0, 0, 0, 0, 0, 0, 0, 0, 0
  remuPEOut Routing D0(13)(1): 0, 0, 0, 0, 0, 0, 0, 0, 0
  remuPEOut Routing D0(13)(2): 0, 0, 0, 0, 0, 0, 0, 0, 0
  remuPEOut Routing D0(13)(3): 0, 0, 0, 0, 0, 0, 0, 0, 0
  remuPEOut Routing D0(13)(4): 0, 0, 0, 0, 0, 0, 0, 0, 0
  remuPEOut Routing D0(13)(5): 0, 0, 0, 0, 0, 0, 0, 0, 0
  remuPEOut Routing D0(13)(6): 0, 0, 0, 0, 0, 0, 0, 0, 0
  remuPEOut Routing D0(13)(7): 0, 0, 0, 0, 0, 0, 0, 0, 0
  remuPEOut Routing D0(13)(8): 0, 0, 0, 0, 0, 0, 0, 0, 0
  remuPEOut Routing D0(13)(9): 0, 0, 0, 0, 0, 0, 0, 0, 0
  remuPEOut Routing D0(13)(10): 0, 0, 0, 0, 0, 0, 0, 0, 0
  remuPEOut Routing D0(13)(11): 0, 0, 0, 0, 0, 0, 0, 0, 0
  remuPEOut Routing D0(13)(12): 0, 0, 0, 0, 0, 0, 0, 0, 0
  remuPEOut Routing D0(13)(13): 0, 0, 0, 0, 0, 0, 0, 0, 0
  remuPEOut Routing D0(13)(14): 0, 0, 0, 0, 0, 0, 0, 0, 0
  remuPEOut Routing D0(13)(15): 0, 0, 0, 0, 0, 0, 0, 0, 0
remuPEOut(14) Routing D0:
  remuPEOut Routing D0(14)(0): 0, 0, 0, 0, 0, 0, 1, 0, 0
  remuPEOut Routing D0(14)(1): 0, 0, 0, 0, 0, 0, 0, 0, 0
  remuPEOut Routing D0(14)(2): 0, 0, 0, 0, 0, 0, 0, 0, 0
  remuPEOut Routing D0(14)(3): 0, 0, 0, 0, 0, 0, 0, 0, 0
  remuPEOut Routing D0(14)(4): 0, 0, 0, 0, 0, 0, 0, 0, 0
  remuPEOut Routing D0(14)(5): 0, 0, 0, 0, 0, 0, 0, 0, 0
  remuPEOut Routing D0(14)(6): 0, 0, 0, 0, 0, 0, 0, 0, 0
  remuPEOut Routing D0(14)(7): 0, 0, 0, 0, 0, 0, 0, 0, 0
  remuPEOut Routing D0(14)(8): 0, 0, 0, 0, 0, 0, 0, 0, 0
  remuPEOut Routing D0(14)(9): 0, 0, 0, 0, 0, 0, 0, 0, 0
  remuPEOut Routing D0(14)(10): 0, 0, 0, 0, 0, 0, 0, 0, 0
  remuPEOut Routing D0(14)(11): 0, 0, 0, 0, 0, 0, 0, 0, 0
  remuPEOut Routing D0(14)(12): 0, 0, 0, 0, 0, 0, 0, 0, 0
  remuPEOut Routing D0(14)(13): 0, 0, 0, 0, 0, 0, 0, 0, 0
  remuPEOut Routing D0(14)(14): 0, 0, 0, 0, 0, 0, 0, 0, 0
  remuPEOut Routing D0(14)(15): 0, 0, 0, 0, 0, 0, 0, 0, 0
remuPEOut(15) Routing D0:
  remuPEOut Routing D0(15)(0): 0, 1, 0, 0, 0, 0, 0, 0, 1
  remuPEOut Routing D0(15)(1): 0, 0, 0, 0, 0, 0, 0, 0, 0
  remuPEOut Routing D0(15)(2): 0, 0, 0, 0, 0, 0, 0, 0, 0
  remuPEOut Routing D0(15)(3): 0, 0, 0, 0, 0, 0, 0, 0, 0
  remuPEOut Routing D0(15)(4): 0, 0, 0, 0, 0, 0, 0, 0, 0
  remuPEOut Routing D0(15)(5): 0, 0, 0, 0, 0, 0, 0, 0, 0
  remuPEOut Routing D0(15)(6): 0, 0, 0, 0, 0, 0, 0, 0, 0
  remuPEOut Routing D0(15)(7): 0, 0, 0, 0, 0, 0, 0, 0, 0
  remuPEOut Routing D0(15)(8): 0, 0, 0, 0, 0, 0, 0, 0, 0
  remuPEOut Routing D0(15)(9): 0, 0, 0, 0, 0, 0, 0, 0, 0
  remuPEOut Routing D0(15)(10): 0, 0, 0, 0, 0, 0, 0, 0, 0
  remuPEOut Routing D0(15)(11): 0, 0, 0, 0, 0, 0, 0, 0, 0
  remuPEOut Routing D0(15)(12): 0, 0, 0, 0, 0, 0, 0, 0, 0
  remuPEOut Routing D0(15)(13): 0, 0, 0, 0, 0, 0, 0, 0, 0
  remuPEOut Routing D0(15)(14): 0, 0, 0, 0, 0, 0, 0, 0, 0
  remuPEOut Routing D0(15)(15): 0, 0, 0, 0, 0, 0, 0, 0, 0
remuPEOut(16) Routing D0:
  remuPEOut Routing D0(16)(0): 0, 1, 0, 0, 1, 0, 0, 0, 0
  remuPEOut Routing D0(16)(1): 0, 0, 0, 0, 0, 0, 0, 0, 0
  remuPEOut Routing D0(16)(2): 0, 0, 0, 0, 0, 0, 0, 0, 0
  remuPEOut Routing D0(16)(3): 0, 0, 0, 0, 0, 0, 0, 0, 0
  remuPEOut Routing D0(16)(4): 0, 0, 0, 0, 0, 0, 0, 0, 0
  remuPEOut Routing D0(16)(5): 0, 0, 0, 0, 0, 0, 0, 0, 0
  remuPEOut Routing D0(16)(6): 0, 0, 0, 0, 0, 0, 0, 0, 0
  remuPEOut Routing D0(16)(7): 0, 0, 0, 0, 0, 0, 0, 0, 0
  remuPEOut Routing D0(16)(8): 0, 0, 0, 0, 0, 0, 0, 0, 0
  remuPEOut Routing D0(16)(9): 0, 0, 0, 0, 0, 0, 0, 0, 0
  remuPEOut Routing D0(16)(10): 0, 0, 0, 0, 0, 0, 0, 0, 0
  remuPEOut Routing D0(16)(11): 0, 0, 0, 0, 0, 0, 0, 0, 0
  remuPEOut Routing D0(16)(12): 0, 0, 0, 0, 0, 0, 0, 0, 0
  remuPEOut Routing D0(16)(13): 0, 0, 0, 0, 0, 0, 0, 0, 0
  remuPEOut Routing D0(16)(14): 0, 0, 0, 0, 0, 0, 0, 0, 0
  remuPEOut Routing D0(16)(15): 0, 0, 0, 0, 0, 0, 0, 0, 0
remuPEOut(17) Routing D0:
  remuPEOut Routing D0(17)(0): 0, 0, 0, 0, 0, 0, 0, 0, 0
  remuPEOut Routing D0(17)(1): 0, 0, 0, 0, 0, 0, 0, 0, 0
  remuPEOut Routing D0(17)(2): 0, 0, 0, 0, 0, 0, 0, 0, 0
  remuPEOut Routing D0(17)(3): 0, 0, 0, 0, 0, 0, 0, 0, 0
  remuPEOut Routing D0(17)(4): 0, 0, 0, 0, 0, 0, 0, 0, 0
  remuPEOut Routing D0(17)(5): 0, 0, 0, 0, 0, 0, 0, 0, 0
  remuPEOut Routing D0(17)(6): 0, 0, 0, 0, 0, 0, 0, 0, 0
  remuPEOut Routing D0(17)(7): 0, 0, 0, 0, 0, 0, 0, 0, 0
  remuPEOut Routing D0(17)(8): 0, 0, 0, 0, 0, 0, 0, 0, 0
  remuPEOut Routing D0(17)(9): 0, 0, 0, 0, 0, 0, 0, 0, 0
  remuPEOut Routing D0(17)(10): 0, 0, 0, 0, 0, 0, 0, 0, 0
  remuPEOut Routing D0(17)(11): 0, 0, 0, 0, 0, 0, 0, 0, 0
  remuPEOut Routing D0(17)(12): 0, 0, 0, 0, 0, 0, 0, 0, 0
  remuPEOut Routing D0(17)(13): 0, 0, 0, 0, 0, 0, 0, 0, 0
  remuPEOut Routing D0(17)(14): 0, 0, 0, 0, 0, 0, 0, 0, 0
  remuPEOut Routing D0(17)(15): 0, 0, 0, 0, 0, 0, 0, 0, 0
remuPEOut(18) Routing D0:
  remuPEOut Routing D0(18)(0): 0, 0, 0, 0, 0, 0, 1, 0, 0
  remuPEOut Routing D0(18)(1): 0, 0, 0, 0, 0, 0, 0, 0, 0
  remuPEOut Routing D0(18)(2): 0, 0, 0, 0, 0, 0, 0, 0, 0
  remuPEOut Routing D0(18)(3): 0, 0, 0, 0, 0, 0, 0, 0, 0
  remuPEOut Routing D0(18)(4): 0, 0, 0, 0, 0, 0, 0, 0, 0
  remuPEOut Routing D0(18)(5): 0, 0, 0, 0, 0, 0, 0, 0, 0
  remuPEOut Routing D0(18)(6): 0, 0, 0, 0, 0, 0, 0, 0, 0
  remuPEOut Routing D0(18)(7): 0, 0, 0, 0, 0, 0, 0, 0, 0
  remuPEOut Routing D0(18)(8): 0, 0, 0, 0, 0, 0, 0, 0, 0
  remuPEOut Routing D0(18)(9): 0, 0, 0, 0, 0, 0, 0, 0, 0
  remuPEOut Routing D0(18)(10): 0, 0, 0, 0, 0, 0, 0, 0, 0
  remuPEOut Routing D0(18)(11): 0, 0, 0, 0, 0, 0, 0, 0, 0
  remuPEOut Routing D0(18)(12): 0, 0, 0, 0, 0, 0, 0, 0, 0
  remuPEOut Routing D0(18)(13): 0, 0, 0, 0, 0, 0, 0, 0, 0
  remuPEOut Routing D0(18)(14): 0, 0, 0, 0, 0, 0, 0, 0, 0
  remuPEOut Routing D0(18)(15): 0, 0, 0, 0, 0, 0, 0, 0, 0
remuPEOut(19) Routing D0:
  remuPEOut Routing D0(19)(0): 0, 0, 0, 0, 0, 0, 0, 0, 0
  remuPEOut Routing D0(19)(1): 0, 0, 0, 0, 0, 0, 0, 0, 0
  remuPEOut Routing D0(19)(2): 0, 0, 0, 0, 0, 0, 0, 0, 0
  remuPEOut Routing D0(19)(3): 0, 0, 0, 0, 0, 0, 0, 0, 0
  remuPEOut Routing D0(19)(4): 0, 0, 0, 0, 0, 0, 0, 0, 0
  remuPEOut Routing D0(19)(5): 0, 0, 0, 0, 0, 0, 0, 0, 0
  remuPEOut Routing D0(19)(6): 0, 0, 0, 0, 0, 0, 0, 0, 0
  remuPEOut Routing D0(19)(7): 0, 0, 0, 0, 0, 0, 0, 0, 0
  remuPEOut Routing D0(19)(8): 0, 0, 0, 0, 0, 0, 0, 0, 0
  remuPEOut Routing D0(19)(9): 0, 0, 0, 0, 0, 0, 0, 0, 0
  remuPEOut Routing D0(19)(10): 0, 0, 0, 0, 0, 0, 0, 0, 0
  remuPEOut Routing D0(19)(11): 0, 0, 0, 0, 0, 0, 0, 0, 0
  remuPEOut Routing D0(19)(12): 0, 0, 0, 0, 0, 0, 0, 0, 0
  remuPEOut Routing D0(19)(13): 0, 0, 0, 0, 0, 0, 0, 0, 0
  remuPEOut Routing D0(19)(14): 0, 0, 0, 0, 0, 0, 0, 0, 0
  remuPEOut Routing D0(19)(15): 0, 0, 0, 0, 0, 0, 0, 0, 0
remuPEOut(20) Routing D0:
  remuPEOut Routing D0(20)(0): 0, 0, 0, 0, 0, 0, 0, 0, 0
  remuPEOut Routing D0(20)(1): 0, 0, 0, 0, 0, 0, 0, 1, 0
  remuPEOut Routing D0(20)(2): 0, 0, 0, 0, 0, 0, 0, 0, 0
  remuPEOut Routing D0(20)(3): 0, 0, 0, 0, 0, 0, 0, 0, 0
  remuPEOut Routing D0(20)(4): 0, 0, 0, 0, 0, 0, 0, 0, 0
  remuPEOut Routing D0(20)(5): 0, 0, 0, 0, 0, 0, 0, 0, 0
  remuPEOut Routing D0(20)(6): 0, 0, 0, 0, 0, 0, 0, 0, 0
  remuPEOut Routing D0(20)(7): 0, 0, 0, 0, 0, 0, 0, 0, 0
  remuPEOut Routing D0(20)(8): 0, 0, 0, 0, 0, 0, 0, 0, 0
  remuPEOut Routing D0(20)(9): 0, 0, 0, 0, 0, 0, 0, 0, 0
  remuPEOut Routing D0(20)(10): 0, 0, 0, 0, 0, 0, 0, 0, 0
  remuPEOut Routing D0(20)(11): 0, 0, 0, 0, 0, 0, 0, 0, 0
  remuPEOut Routing D0(20)(12): 0, 0, 0, 0, 0, 0, 0, 0, 0
  remuPEOut Routing D0(20)(13): 0, 0, 0, 0, 0, 0, 0, 0, 0
  remuPEOut Routing D0(20)(14): 0, 0, 0, 0, 0, 0, 0, 0, 0
  remuPEOut Routing D0(20)(15): 0, 0, 0, 0, 0, 0, 0, 0, 0
remuPEOut(21) Routing D0:
  remuPEOut Routing D0(21)(0): 0, 0, 0, 0, 0, 0, 1, 0, 0
  remuPEOut Routing D0(21)(1): 0, 0, 0, 0, 0, 0, 1, 0, 0
  remuPEOut Routing D0(21)(2): 0, 0, 0, 0, 0, 0, 0, 0, 0
  remuPEOut Routing D0(21)(3): 0, 0, 0, 0, 0, 0, 0, 0, 0
  remuPEOut Routing D0(21)(4): 0, 0, 0, 0, 0, 0, 0, 0, 0
  remuPEOut Routing D0(21)(5): 0, 0, 0, 0, 0, 0, 0, 0, 0
  remuPEOut Routing D0(21)(6): 0, 0, 0, 0, 0, 0, 0, 0, 0
  remuPEOut Routing D0(21)(7): 0, 0, 0, 0, 0, 0, 0, 0, 0
  remuPEOut Routing D0(21)(8): 0, 0, 0, 0, 0, 0, 0, 0, 0
  remuPEOut Routing D0(21)(9): 0, 0, 0, 0, 0, 0, 0, 0, 0
  remuPEOut Routing D0(21)(10): 0, 0, 0, 0, 0, 0, 0, 0, 0
  remuPEOut Routing D0(21)(11): 0, 0, 0, 0, 0, 0, 0, 0, 0
  remuPEOut Routing D0(21)(12): 0, 0, 0, 0, 0, 0, 0, 0, 0
  remuPEOut Routing D0(21)(13): 0, 0, 0, 0, 0, 0, 0, 0, 0
  remuPEOut Routing D0(21)(14): 0, 0, 0, 0, 0, 0, 0, 0, 0
  remuPEOut Routing D0(21)(15): 0, 0, 0, 0, 0, 0, 0, 0, 0
remuPEOut(22) Routing D0:
  remuPEOut Routing D0(22)(0): 0, 0, 0, 0, 0, 0, 1, 0, 0
  remuPEOut Routing D0(22)(1): 0, 0, 0, 0, 0, 1, 0, 0, 0
  remuPEOut Routing D0(22)(2): 0, 0, 0, 0, 0, 0, 0, 0, 0
  remuPEOut Routing D0(22)(3): 0, 0, 0, 0, 0, 0, 0, 0, 0
  remuPEOut Routing D0(22)(4): 0, 0, 0, 0, 0, 0, 0, 0, 0
  remuPEOut Routing D0(22)(5): 0, 0, 0, 0, 0, 0, 0, 0, 0
  remuPEOut Routing D0(22)(6): 0, 0, 0, 0, 0, 0, 0, 0, 0
  remuPEOut Routing D0(22)(7): 0, 0, 0, 0, 0, 0, 0, 0, 0
  remuPEOut Routing D0(22)(8): 0, 0, 0, 0, 0, 0, 0, 0, 0
  remuPEOut Routing D0(22)(9): 0, 0, 0, 0, 0, 0, 0, 0, 0
  remuPEOut Routing D0(22)(10): 0, 0, 0, 0, 0, 0, 0, 0, 0
  remuPEOut Routing D0(22)(11): 0, 0, 0, 0, 0, 0, 0, 0, 0
  remuPEOut Routing D0(22)(12): 0, 0, 0, 0, 0, 0, 0, 0, 0
  remuPEOut Routing D0(22)(13): 0, 0, 0, 0, 0, 0, 0, 0, 0
  remuPEOut Routing D0(22)(14): 0, 0, 0, 0, 0, 0, 0, 0, 0
  remuPEOut Routing D0(22)(15): 0, 0, 0, 0, 0, 0, 0, 0, 0
remuPEOut(23) Routing D0:
  remuPEOut Routing D0(23)(0): 0, 0, 0, 0, 0, 1, 0, 0, 0
  remuPEOut Routing D0(23)(1): 0, 0, 0, 0, 0, 0, 0, 0, 0
  remuPEOut Routing D0(23)(2): 0, 0, 0, 0, 0, 0, 0, 0, 0
  remuPEOut Routing D0(23)(3): 0, 0, 0, 0, 0, 0, 0, 0, 0
  remuPEOut Routing D0(23)(4): 0, 0, 0, 0, 0, 0, 0, 0, 0
  remuPEOut Routing D0(23)(5): 0, 0, 0, 0, 0, 0, 0, 0, 0
  remuPEOut Routing D0(23)(6): 0, 0, 0, 0, 0, 0, 0, 0, 0
  remuPEOut Routing D0(23)(7): 0, 0, 0, 0, 0, 0, 0, 0, 0
  remuPEOut Routing D0(23)(8): 0, 0, 0, 0, 0, 0, 0, 0, 0
  remuPEOut Routing D0(23)(9): 0, 0, 0, 0, 0, 0, 0, 0, 0
  remuPEOut Routing D0(23)(10): 0, 0, 0, 0, 0, 0, 0, 0, 0
  remuPEOut Routing D0(23)(11): 0, 0, 0, 0, 0, 0, 0, 0, 0
  remuPEOut Routing D0(23)(12): 0, 0, 0, 0, 0, 0, 0, 0, 0
  remuPEOut Routing D0(23)(13): 0, 0, 0, 0, 0, 0, 0, 0, 0
  remuPEOut Routing D0(23)(14): 0, 0, 0, 0, 0, 0, 0, 0, 0
  remuPEOut Routing D0(23)(15): 0, 0, 0, 0, 0, 0, 0, 0, 0
remuPEOut(24) Routing D0:
  remuPEOut Routing D0(24)(0): 0, 0, 1, 0, 0, 0, 0, 0, 0
  remuPEOut Routing D0(24)(1): 0, 0, 0, 1, 0, 0, 0, 0, 0
  remuPEOut Routing D0(24)(2): 0, 0, 0, 0, 0, 0, 0, 0, 0
  remuPEOut Routing D0(24)(3): 0, 0, 0, 0, 0, 0, 0, 0, 0
  remuPEOut Routing D0(24)(4): 0, 0, 0, 0, 0, 0, 0, 0, 0
  remuPEOut Routing D0(24)(5): 0, 0, 0, 0, 0, 0, 0, 0, 0
  remuPEOut Routing D0(24)(6): 0, 0, 0, 0, 0, 0, 0, 0, 0
  remuPEOut Routing D0(24)(7): 0, 0, 0, 0, 0, 0, 0, 0, 0
  remuPEOut Routing D0(24)(8): 0, 0, 0, 0, 0, 0, 0, 0, 0
  remuPEOut Routing D0(24)(9): 0, 0, 0, 0, 0, 0, 0, 0, 0
  remuPEOut Routing D0(24)(10): 0, 0, 0, 0, 0, 0, 0, 0, 0
  remuPEOut Routing D0(24)(11): 0, 0, 0, 0, 0, 0, 0, 0, 0
  remuPEOut Routing D0(24)(12): 0, 0, 0, 0, 0, 0, 0, 0, 0
  remuPEOut Routing D0(24)(13): 0, 0, 0, 0, 0, 0, 0, 0, 0
  remuPEOut Routing D0(24)(14): 0, 0, 0, 0, 0, 0, 0, 0, 0
  remuPEOut Routing D0(24)(15): 0, 0, 0, 0, 0, 0, 0, 0, 0
remuPEOut(25) Routing D0:
  remuPEOut Routing D0(25)(0): 0, 0, 1, 1, 0, 0, 0, 0, 0
  remuPEOut Routing D0(25)(1): 0, 0, 0, 0, 0, 0, 0, 0, 0
  remuPEOut Routing D0(25)(2): 0, 0, 0, 0, 0, 0, 0, 0, 0
  remuPEOut Routing D0(25)(3): 0, 0, 0, 0, 0, 0, 0, 0, 0
  remuPEOut Routing D0(25)(4): 0, 0, 0, 0, 0, 0, 0, 0, 0
  remuPEOut Routing D0(25)(5): 0, 0, 0, 0, 0, 0, 0, 0, 0
  remuPEOut Routing D0(25)(6): 0, 0, 0, 0, 0, 0, 0, 0, 0
  remuPEOut Routing D0(25)(7): 0, 0, 0, 0, 0, 0, 0, 0, 0
  remuPEOut Routing D0(25)(8): 0, 0, 0, 0, 0, 0, 0, 0, 0
  remuPEOut Routing D0(25)(9): 0, 0, 0, 0, 0, 0, 0, 0, 0
  remuPEOut Routing D0(25)(10): 0, 0, 0, 0, 0, 0, 0, 0, 0
  remuPEOut Routing D0(25)(11): 0, 0, 0, 0, 0, 0, 0, 0, 0
  remuPEOut Routing D0(25)(12): 0, 0, 0, 0, 0, 0, 0, 0, 0
  remuPEOut Routing D0(25)(13): 0, 0, 0, 0, 0, 0, 0, 0, 0
  remuPEOut Routing D0(25)(14): 0, 0, 0, 0, 0, 0, 0, 0, 0
  remuPEOut Routing D0(25)(15): 0, 0, 0, 0, 0, 0, 0, 0, 0
remuPEOut(26) Routing D0:
  remuPEOut Routing D0(26)(0): 0, 0, 0, 0, 0, 0, 0, 1, 0
  remuPEOut Routing D0(26)(1): 0, 0, 0, 1, 0, 0, 0, 0, 1
  remuPEOut Routing D0(26)(2): 0, 0, 0, 0, 0, 0, 0, 0, 0
  remuPEOut Routing D0(26)(3): 0, 0, 0, 0, 0, 0, 0, 0, 0
  remuPEOut Routing D0(26)(4): 0, 0, 0, 0, 0, 0, 0, 0, 0
  remuPEOut Routing D0(26)(5): 0, 0, 0, 0, 0, 0, 0, 0, 0
  remuPEOut Routing D0(26)(6): 0, 0, 0, 0, 0, 0, 0, 0, 0
  remuPEOut Routing D0(26)(7): 0, 0, 0, 0, 0, 0, 0, 0, 0
  remuPEOut Routing D0(26)(8): 0, 0, 0, 0, 0, 0, 0, 0, 0
  remuPEOut Routing D0(26)(9): 0, 0, 0, 0, 0, 0, 0, 0, 0
  remuPEOut Routing D0(26)(10): 0, 0, 0, 0, 0, 0, 0, 0, 0
  remuPEOut Routing D0(26)(11): 0, 0, 0, 0, 0, 0, 0, 0, 0
  remuPEOut Routing D0(26)(12): 0, 0, 0, 0, 0, 0, 0, 0, 0
  remuPEOut Routing D0(26)(13): 0, 0, 0, 0, 0, 0, 0, 0, 0
  remuPEOut Routing D0(26)(14): 0, 0, 0, 0, 0, 0, 0, 0, 0
  remuPEOut Routing D0(26)(15): 0, 0, 0, 0, 0, 0, 0, 0, 0
remuPEOut(27) Routing D0:
  remuPEOut Routing D0(27)(0): 0, 0, 0, 0, 1, 0, 0, 0, 0
  remuPEOut Routing D0(27)(1): 0, 1, 1, 0, 0, 0, 0, 0, 0
  remuPEOut Routing D0(27)(2): 0, 0, 0, 0, 0, 0, 0, 0, 0
  remuPEOut Routing D0(27)(3): 0, 0, 0, 0, 0, 1, 0, 0, 0
  remuPEOut Routing D0(27)(4): 0, 0, 0, 0, 0, 0, 1, 1, 0
  remuPEOut Routing D0(27)(5): 0, 0, 0, 0, 0, 0, 0, 1, 0
  remuPEOut Routing D0(27)(6): 0, 0, 0, 0, 0, 0, 1, 0, 0
  remuPEOut Routing D0(27)(7): 0, 0, 0, 0, 1, 0, 0, 0, 0
  remuPEOut Routing D0(27)(8): 0, 0, 0, 0, 0, 0, 0, 0, 0
  remuPEOut Routing D0(27)(9): 0, 0, 0, 0, 0, 0, 0, 0, 0
  remuPEOut Routing D0(27)(10): 0, 0, 0, 0, 0, 0, 0, 0, 0
  remuPEOut Routing D0(27)(11): 0, 0, 0, 0, 0, 0, 0, 0, 0
  remuPEOut Routing D0(27)(12): 0, 0, 0, 0, 0, 0, 0, 0, 0
  remuPEOut Routing D0(27)(13): 0, 0, 0, 0, 0, 0, 0, 0, 0
  remuPEOut Routing D0(27)(14): 0, 0, 0, 0, 0, 0, 0, 0, 0
  remuPEOut Routing D0(27)(15): 0, 0, 0, 0, 0, 0, 0, 0, 0
remuPEOut(28) Routing D0:
  remuPEOut Routing D0(28)(0): 0, 0, 0, 0, 0, 0, 0, 0, 1
  remuPEOut Routing D0(28)(1): 0, 0, 0, 0, 0, 0, 0, 0, 0
  remuPEOut Routing D0(28)(2): 0, 0, 0, 0, 1, 0, 0, 0, 0
  remuPEOut Routing D0(28)(3): 0, 0, 0, 0, 0, 0, 1, 0, 0
  remuPEOut Routing D0(28)(4): 0, 0, 0, 0, 0, 0, 0, 0, 0
  remuPEOut Routing D0(28)(5): 0, 0, 0, 0, 0, 0, 0, 0, 0
  remuPEOut Routing D0(28)(6): 0, 0, 0, 0, 0, 0, 0, 0, 0
  remuPEOut Routing D0(28)(7): 0, 0, 0, 0, 0, 0, 0, 0, 0
  remuPEOut Routing D0(28)(8): 0, 0, 0, 0, 0, 0, 0, 0, 0
  remuPEOut Routing D0(28)(9): 0, 0, 0, 0, 0, 0, 0, 0, 0
  remuPEOut Routing D0(28)(10): 0, 0, 0, 0, 0, 0, 0, 0, 0
  remuPEOut Routing D0(28)(11): 0, 0, 0, 0, 0, 0, 0, 0, 0
  remuPEOut Routing D0(28)(12): 0, 0, 0, 0, 0, 0, 0, 0, 0
  remuPEOut Routing D0(28)(13): 0, 0, 0, 0, 0, 0, 0, 0, 0
  remuPEOut Routing D0(28)(14): 0, 0, 0, 0, 0, 0, 0, 0, 0
  remuPEOut Routing D0(28)(15): 0, 0, 0, 0, 0, 0, 0, 0, 0
remuPEOut(29) Routing D0:
  remuPEOut Routing D0(29)(0): 0, 0, 0, 0, 0, 0, 0, 0, 1
  remuPEOut Routing D0(29)(1): 0, 0, 0, 0, 0, 0, 0, 0, 0
  remuPEOut Routing D0(29)(2): 1, 0, 0, 0, 0, 0, 0, 0, 0
  remuPEOut Routing D0(29)(3): 0, 0, 0, 0, 0, 0, 0, 0, 0
  remuPEOut Routing D0(29)(4): 0, 0, 0, 0, 0, 0, 0, 0, 0
  remuPEOut Routing D0(29)(5): 0, 0, 0, 0, 0, 0, 0, 0, 0
  remuPEOut Routing D0(29)(6): 0, 0, 0, 0, 0, 0, 0, 0, 0
  remuPEOut Routing D0(29)(7): 0, 0, 0, 0, 0, 0, 0, 0, 0
  remuPEOut Routing D0(29)(8): 0, 0, 0, 0, 0, 0, 0, 0, 0
  remuPEOut Routing D0(29)(9): 0, 0, 0, 0, 0, 0, 0, 0, 0
  remuPEOut Routing D0(29)(10): 0, 0, 0, 0, 0, 0, 0, 0, 0
  remuPEOut Routing D0(29)(11): 0, 0, 0, 0, 0, 0, 0, 0, 0
  remuPEOut Routing D0(29)(12): 0, 0, 0, 0, 0, 0, 0, 0, 0
  remuPEOut Routing D0(29)(13): 0, 0, 0, 0, 0, 0, 0, 0, 0
  remuPEOut Routing D0(29)(14): 0, 0, 0, 0, 0, 0, 0, 0, 0
  remuPEOut Routing D0(29)(15): 0, 0, 0, 0, 0, 0, 0, 0, 0
remuPEOut(30) Routing D0:
  remuPEOut Routing D0(30)(0): 0, 1, 0, 0, 0, 0, 0, 0, 0
  remuPEOut Routing D0(30)(1): 0, 0, 0, 0, 0, 0, 0, 0, 0
  remuPEOut Routing D0(30)(2): 0, 0, 1, 1, 0, 0, 0, 0, 0
  remuPEOut Routing D0(30)(3): 0, 0, 0, 0, 0, 0, 1, 0, 0
  remuPEOut Routing D0(30)(4): 0, 0, 0, 0, 0, 0, 1, 0, 0
  remuPEOut Routing D0(30)(5): 0, 0, 0, 0, 0, 0, 0, 0, 0
  remuPEOut Routing D0(30)(6): 0, 0, 0, 0, 0, 0, 0, 0, 0
  remuPEOut Routing D0(30)(7): 0, 0, 0, 0, 0, 0, 0, 0, 0
  remuPEOut Routing D0(30)(8): 0, 0, 0, 0, 0, 0, 0, 0, 0
  remuPEOut Routing D0(30)(9): 0, 0, 0, 0, 0, 0, 0, 0, 0
  remuPEOut Routing D0(30)(10): 0, 0, 0, 0, 0, 0, 0, 0, 0
  remuPEOut Routing D0(30)(11): 0, 0, 0, 0, 0, 0, 0, 0, 0
  remuPEOut Routing D0(30)(12): 0, 0, 0, 0, 0, 0, 0, 0, 0
  remuPEOut Routing D0(30)(13): 0, 0, 0, 0, 0, 0, 0, 0, 0
  remuPEOut Routing D0(30)(14): 0, 0, 0, 0, 0, 0, 0, 0, 0
  remuPEOut Routing D0(30)(15): 0, 0, 0, 0, 0, 0, 0, 0, 0
remuPEOut(31) Routing D0:
  remuPEOut Routing D0(31)(0): 0, 0, 0, 0, 0, 0, 0, 0, 1
  remuPEOut Routing D0(31)(1): 0, 0, 0, 0, 0, 0, 0, 0, 1
  remuPEOut Routing D0(31)(2): 0, 0, 0, 0, 0, 0, 0, 1, 0
  remuPEOut Routing D0(31)(3): 0, 0, 0, 0, 0, 1, 0, 0, 0
  remuPEOut Routing D0(31)(4): 0, 0, 0, 0, 0, 0, 0, 0, 0
  remuPEOut Routing D0(31)(5): 0, 0, 0, 0, 0, 0, 0, 0, 0
  remuPEOut Routing D0(31)(6): 0, 0, 0, 0, 0, 0, 0, 0, 0
  remuPEOut Routing D0(31)(7): 0, 0, 0, 0, 0, 0, 0, 0, 0
  remuPEOut Routing D0(31)(8): 0, 0, 0, 0, 0, 0, 0, 0, 0
  remuPEOut Routing D0(31)(9): 0, 0, 0, 0, 0, 0, 0, 0, 0
  remuPEOut Routing D0(31)(10): 0, 0, 0, 0, 0, 0, 0, 0, 0
  remuPEOut Routing D0(31)(11): 0, 0, 0, 0, 0, 0, 0, 0, 0
  remuPEOut Routing D0(31)(12): 0, 0, 0, 0, 0, 0, 0, 0, 0
  remuPEOut Routing D0(31)(13): 0, 0, 0, 0, 0, 0, 0, 0, 0
  remuPEOut Routing D0(31)(14): 0, 0, 0, 0, 0, 0, 0, 0, 0
  remuPEOut Routing D0(31)(15): 0, 0, 0, 0, 0, 0, 0, 0, 0
remuPEOut(32) Routing D0:
  remuPEOut Routing D0(32)(0): 0, 0, 0, 1, 0, 0, 0, 0, 0
  remuPEOut Routing D0(32)(1): 0, 1, 0, 0, 0, 0, 0, 0, 0
  remuPEOut Routing D0(32)(2): 0, 0, 0, 0, 0, 0, 0, 0, 0
  remuPEOut Routing D0(32)(3): 0, 0, 0, 0, 0, 0, 0, 0, 0
  remuPEOut Routing D0(32)(4): 0, 0, 0, 0, 0, 0, 1, 0, 0
  remuPEOut Routing D0(32)(5): 0, 0, 0, 0, 1, 0, 0, 0, 0
  remuPEOut Routing D0(32)(6): 0, 0, 0, 0, 0, 0, 0, 0, 0
  remuPEOut Routing D0(32)(7): 0, 0, 0, 0, 0, 0, 0, 0, 0
  remuPEOut Routing D0(32)(8): 0, 0, 0, 0, 0, 0, 0, 0, 0
  remuPEOut Routing D0(32)(9): 0, 0, 0, 0, 0, 0, 0, 0, 0
  remuPEOut Routing D0(32)(10): 0, 0, 0, 0, 0, 0, 0, 0, 0
  remuPEOut Routing D0(32)(11): 0, 0, 0, 0, 0, 0, 0, 0, 0
  remuPEOut Routing D0(32)(12): 0, 0, 0, 0, 0, 0, 0, 0, 0
  remuPEOut Routing D0(32)(13): 0, 0, 0, 0, 0, 0, 0, 0, 0
  remuPEOut Routing D0(32)(14): 0, 0, 0, 0, 0, 0, 0, 0, 0
  remuPEOut Routing D0(32)(15): 0, 0, 0, 0, 0, 0, 0, 0, 0
remuPEOut(33) Routing D0:
  remuPEOut Routing D0(33)(0): 0, 0, 0, 0, 0, 0, 0, 0, 1
  remuPEOut Routing D0(33)(1): 0, 0, 0, 1, 0, 0, 0, 0, 1
  remuPEOut Routing D0(33)(2): 0, 0, 0, 0, 0, 0, 0, 1, 0
  remuPEOut Routing D0(33)(3): 0, 0, 0, 0, 0, 0, 0, 0, 0
  remuPEOut Routing D0(33)(4): 0, 1, 0, 0, 0, 0, 0, 0, 0
  remuPEOut Routing D0(33)(5): 0, 0, 0, 0, 0, 0, 0, 0, 0
  remuPEOut Routing D0(33)(6): 0, 0, 0, 0, 0, 0, 0, 0, 0
  remuPEOut Routing D0(33)(7): 0, 0, 0, 0, 0, 0, 0, 0, 0
  remuPEOut Routing D0(33)(8): 0, 0, 0, 0, 0, 0, 0, 0, 0
  remuPEOut Routing D0(33)(9): 0, 0, 0, 0, 0, 0, 0, 0, 0
  remuPEOut Routing D0(33)(10): 0, 0, 0, 0, 0, 0, 0, 0, 0
  remuPEOut Routing D0(33)(11): 0, 0, 0, 0, 0, 0, 0, 0, 0
  remuPEOut Routing D0(33)(12): 0, 0, 0, 0, 0, 0, 0, 0, 0
  remuPEOut Routing D0(33)(13): 0, 0, 0, 0, 0, 0, 0, 0, 0
  remuPEOut Routing D0(33)(14): 0, 0, 0, 0, 0, 0, 0, 0, 0
  remuPEOut Routing D0(33)(15): 0, 0, 0, 0, 0, 0, 0, 0, 0
remuPEOut(34) Routing D0:
  remuPEOut Routing D0(34)(0): 0, 0, 0, 0, 1, 0, 0, 0, 0
  remuPEOut Routing D0(34)(1): 0, 0, 0, 0, 0, 0, 0, 0, 0
  remuPEOut Routing D0(34)(2): 0, 0, 0, 0, 0, 0, 0, 0, 0
  remuPEOut Routing D0(34)(3): 0, 0, 0, 0, 1, 0, 0, 0, 0
  remuPEOut Routing D0(34)(4): 1, 0, 0, 0, 0, 0, 0, 0, 0
  remuPEOut Routing D0(34)(5): 0, 0, 0, 0, 1, 0, 0, 0, 0
  remuPEOut Routing D0(34)(6): 1, 0, 0, 0, 0, 0, 0, 0, 0
  remuPEOut Routing D0(34)(7): 0, 0, 0, 0, 1, 0, 0, 0, 0
  remuPEOut Routing D0(34)(8): 0, 0, 0, 0, 0, 0, 0, 0, 0
  remuPEOut Routing D0(34)(9): 0, 0, 0, 0, 0, 0, 0, 0, 0
  remuPEOut Routing D0(34)(10): 0, 0, 0, 0, 0, 0, 0, 0, 0
  remuPEOut Routing D0(34)(11): 0, 0, 0, 0, 0, 0, 0, 0, 0
  remuPEOut Routing D0(34)(12): 0, 0, 0, 0, 0, 0, 0, 0, 0
  remuPEOut Routing D0(34)(13): 0, 0, 0, 0, 0, 0, 0, 0, 0
  remuPEOut Routing D0(34)(14): 0, 0, 0, 0, 0, 0, 0, 0, 0
  remuPEOut Routing D0(34)(15): 0, 0, 0, 0, 0, 0, 0, 0, 0
remuPEOut(35) Routing D0:
  remuPEOut Routing D0(35)(0): 0, 0, 0, 1, 0, 0, 0, 0, 0
  remuPEOut Routing D0(35)(1): 0, 1, 0, 0, 1, 0, 0, 1, 0
  remuPEOut Routing D0(35)(2): 1, 0, 1, 0, 0, 0, 0, 0, 0
  remuPEOut Routing D0(35)(3): 0, 0, 0, 0, 0, 0, 0, 0, 1
  remuPEOut Routing D0(35)(4): 0, 0, 0, 0, 0, 0, 0, 0, 0
  remuPEOut Routing D0(35)(5): 0, 0, 0, 0, 0, 0, 0, 0, 0
  remuPEOut Routing D0(35)(6): 0, 0, 0, 0, 0, 0, 0, 0, 0
  remuPEOut Routing D0(35)(7): 0, 0, 0, 0, 0, 0, 0, 0, 0
  remuPEOut Routing D0(35)(8): 0, 0, 0, 0, 0, 0, 0, 0, 0
  remuPEOut Routing D0(35)(9): 0, 0, 0, 0, 0, 0, 0, 0, 0
  remuPEOut Routing D0(35)(10): 0, 0, 0, 0, 0, 0, 0, 0, 0
  remuPEOut Routing D0(35)(11): 0, 0, 0, 0, 0, 0, 0, 0, 0
  remuPEOut Routing D0(35)(12): 0, 0, 0, 0, 0, 0, 0, 0, 0
  remuPEOut Routing D0(35)(13): 0, 0, 0, 0, 0, 0, 0, 0, 0
  remuPEOut Routing D0(35)(14): 0, 0, 0, 0, 0, 0, 0, 0, 0
  remuPEOut Routing D0(35)(15): 0, 0, 0, 0, 0, 0, 0, 0, 0

remuPEOut Routing D1:
remuPEOut(0) Routing D1:
  remuPEOut Routing D1(0)(0): 1, 0, 0, 0, 0, 0, 0, 0, 0
  remuPEOut Routing D1(0)(1): 0, 0, 0, 0, 0, 0, 0, 0, 0
  remuPEOut Routing D1(0)(2): 0, 0, 0, 0, 0, 0, 0, 0, 0
  remuPEOut Routing D1(0)(3): 0, 0, 0, 0, 0, 0, 0, 0, 0
  remuPEOut Routing D1(0)(4): 0, 0, 0, 0, 0, 0, 0, 0, 0
  remuPEOut Routing D1(0)(5): 0, 0, 0, 0, 0, 0, 0, 0, 0
  remuPEOut Routing D1(0)(6): 0, 0, 0, 0, 0, 0, 0, 0, 0
  remuPEOut Routing D1(0)(7): 0, 0, 0, 0, 0, 0, 0, 0, 0
  remuPEOut Routing D1(0)(8): 0, 0, 0, 0, 0, 0, 0, 0, 0
  remuPEOut Routing D1(0)(9): 0, 0, 0, 0, 0, 0, 0, 0, 0
  remuPEOut Routing D1(0)(10): 0, 0, 0, 0, 0, 0, 0, 0, 0
  remuPEOut Routing D1(0)(11): 0, 0, 0, 0, 0, 0, 0, 0, 0
  remuPEOut Routing D1(0)(12): 0, 0, 0, 0, 0, 0, 0, 0, 0
  remuPEOut Routing D1(0)(13): 0, 0, 0, 0, 0, 0, 0, 0, 0
  remuPEOut Routing D1(0)(14): 0, 0, 0, 0, 0, 0, 0, 0, 0
  remuPEOut Routing D1(0)(15): 0, 0, 0, 0, 0, 0, 0, 0, 0
remuPEOut(1) Routing D1:
  remuPEOut Routing D1(1)(0): 0, 0, 0, 0, 0, 0, 0, 0, 0
  remuPEOut Routing D1(1)(1): 0, 0, 0, 0, 0, 0, 0, 0, 0
  remuPEOut Routing D1(1)(2): 0, 0, 0, 0, 0, 0, 0, 0, 0
  remuPEOut Routing D1(1)(3): 0, 0, 0, 0, 0, 0, 0, 0, 0
  remuPEOut Routing D1(1)(4): 0, 0, 0, 0, 0, 0, 0, 0, 0
  remuPEOut Routing D1(1)(5): 0, 0, 0, 0, 0, 0, 0, 0, 0
  remuPEOut Routing D1(1)(6): 0, 0, 0, 0, 0, 0, 0, 0, 0
  remuPEOut Routing D1(1)(7): 0, 0, 0, 0, 0, 0, 0, 0, 0
  remuPEOut Routing D1(1)(8): 0, 0, 0, 0, 0, 0, 0, 0, 0
  remuPEOut Routing D1(1)(9): 0, 0, 0, 0, 0, 0, 0, 0, 0
  remuPEOut Routing D1(1)(10): 0, 0, 0, 0, 0, 0, 0, 0, 0
  remuPEOut Routing D1(1)(11): 0, 0, 0, 0, 0, 0, 0, 0, 0
  remuPEOut Routing D1(1)(12): 0, 0, 0, 0, 0, 0, 0, 0, 0
  remuPEOut Routing D1(1)(13): 0, 0, 0, 0, 0, 0, 0, 0, 0
  remuPEOut Routing D1(1)(14): 0, 0, 0, 0, 0, 0, 0, 0, 0
  remuPEOut Routing D1(1)(15): 0, 0, 0, 0, 0, 0, 0, 0, 0
remuPEOut(2) Routing D1:
  remuPEOut Routing D1(2)(0): 0, 0, 0, 0, 0, 0, 0, 0, 0
  remuPEOut Routing D1(2)(1): 0, 0, 0, 0, 0, 0, 0, 0, 0
  remuPEOut Routing D1(2)(2): 0, 0, 0, 0, 0, 0, 0, 0, 0
  remuPEOut Routing D1(2)(3): 0, 0, 0, 0, 0, 0, 0, 0, 0
  remuPEOut Routing D1(2)(4): 0, 0, 0, 0, 0, 0, 0, 0, 0
  remuPEOut Routing D1(2)(5): 0, 0, 0, 0, 0, 0, 0, 0, 0
  remuPEOut Routing D1(2)(6): 0, 0, 0, 0, 0, 0, 0, 0, 0
  remuPEOut Routing D1(2)(7): 0, 0, 0, 0, 0, 0, 0, 0, 0
  remuPEOut Routing D1(2)(8): 0, 0, 0, 0, 0, 0, 0, 0, 0
  remuPEOut Routing D1(2)(9): 0, 0, 0, 0, 0, 0, 0, 0, 0
  remuPEOut Routing D1(2)(10): 0, 0, 0, 0, 0, 0, 0, 0, 0
  remuPEOut Routing D1(2)(11): 0, 0, 0, 0, 0, 0, 0, 0, 0
  remuPEOut Routing D1(2)(12): 0, 0, 0, 0, 0, 0, 0, 0, 0
  remuPEOut Routing D1(2)(13): 0, 0, 0, 0, 0, 0, 0, 0, 0
  remuPEOut Routing D1(2)(14): 0, 0, 0, 0, 0, 0, 0, 0, 0
  remuPEOut Routing D1(2)(15): 0, 0, 0, 0, 0, 0, 0, 0, 0
remuPEOut(3) Routing D1:
  remuPEOut Routing D1(3)(0): 0, 0, 0, 0, 0, 0, 0, 0, 0
  remuPEOut Routing D1(3)(1): 0, 0, 0, 0, 0, 0, 0, 0, 0
  remuPEOut Routing D1(3)(2): 0, 0, 0, 0, 0, 0, 0, 0, 0
  remuPEOut Routing D1(3)(3): 0, 0, 0, 0, 0, 0, 0, 0, 0
  remuPEOut Routing D1(3)(4): 0, 0, 0, 0, 0, 0, 0, 0, 0
  remuPEOut Routing D1(3)(5): 0, 0, 0, 0, 0, 0, 0, 0, 0
  remuPEOut Routing D1(3)(6): 0, 0, 0, 0, 0, 0, 0, 0, 0
  remuPEOut Routing D1(3)(7): 0, 0, 0, 0, 0, 0, 0, 0, 0
  remuPEOut Routing D1(3)(8): 0, 0, 0, 0, 0, 0, 0, 0, 0
  remuPEOut Routing D1(3)(9): 0, 0, 0, 0, 0, 0, 0, 0, 0
  remuPEOut Routing D1(3)(10): 0, 0, 0, 0, 0, 0, 0, 0, 0
  remuPEOut Routing D1(3)(11): 0, 0, 0, 0, 0, 0, 0, 0, 0
  remuPEOut Routing D1(3)(12): 0, 0, 0, 0, 0, 0, 0, 0, 0
  remuPEOut Routing D1(3)(13): 0, 0, 0, 0, 0, 0, 0, 0, 0
  remuPEOut Routing D1(3)(14): 0, 0, 0, 0, 0, 0, 0, 0, 0
  remuPEOut Routing D1(3)(15): 0, 0, 0, 0, 0, 0, 0, 0, 0
remuPEOut(4) Routing D1:
  remuPEOut Routing D1(4)(0): 0, 0, 0, 0, 0, 0, 0, 0, 0
  remuPEOut Routing D1(4)(1): 0, 0, 0, 0, 0, 0, 1, 0, 0
  remuPEOut Routing D1(4)(2): 0, 0, 0, 0, 0, 0, 0, 0, 0
  remuPEOut Routing D1(4)(3): 0, 0, 0, 0, 0, 0, 0, 0, 0
  remuPEOut Routing D1(4)(4): 0, 0, 0, 0, 0, 0, 0, 0, 0
  remuPEOut Routing D1(4)(5): 0, 0, 0, 0, 0, 0, 0, 0, 0
  remuPEOut Routing D1(4)(6): 0, 0, 0, 0, 0, 0, 0, 0, 0
  remuPEOut Routing D1(4)(7): 0, 0, 0, 0, 0, 0, 0, 0, 0
  remuPEOut Routing D1(4)(8): 0, 0, 0, 0, 0, 0, 0, 0, 0
  remuPEOut Routing D1(4)(9): 0, 0, 0, 0, 0, 0, 0, 0, 0
  remuPEOut Routing D1(4)(10): 0, 0, 0, 0, 0, 0, 0, 0, 0
  remuPEOut Routing D1(4)(11): 0, 0, 0, 0, 0, 0, 0, 0, 0
  remuPEOut Routing D1(4)(12): 0, 0, 0, 0, 0, 0, 0, 0, 0
  remuPEOut Routing D1(4)(13): 0, 0, 0, 0, 0, 0, 0, 0, 0
  remuPEOut Routing D1(4)(14): 0, 0, 0, 0, 0, 0, 0, 0, 0
  remuPEOut Routing D1(4)(15): 0, 0, 0, 0, 0, 0, 0, 0, 0
remuPEOut(5) Routing D1:
  remuPEOut Routing D1(5)(0): 0, 0, 0, 0, 0, 0, 0, 0, 0
  remuPEOut Routing D1(5)(1): 0, 0, 0, 0, 0, 0, 0, 0, 0
  remuPEOut Routing D1(5)(2): 1, 0, 0, 0, 0, 0, 0, 1, 0
  remuPEOut Routing D1(5)(3): 0, 0, 0, 0, 0, 0, 0, 0, 0
  remuPEOut Routing D1(5)(4): 0, 0, 0, 0, 0, 0, 0, 0, 0
  remuPEOut Routing D1(5)(5): 0, 0, 0, 0, 0, 0, 0, 0, 0
  remuPEOut Routing D1(5)(6): 0, 0, 0, 0, 0, 0, 0, 0, 0
  remuPEOut Routing D1(5)(7): 0, 0, 0, 0, 0, 0, 0, 0, 0
  remuPEOut Routing D1(5)(8): 0, 0, 0, 0, 0, 0, 0, 0, 0
  remuPEOut Routing D1(5)(9): 0, 0, 0, 0, 0, 0, 0, 0, 0
  remuPEOut Routing D1(5)(10): 0, 0, 0, 0, 0, 0, 0, 0, 0
  remuPEOut Routing D1(5)(11): 0, 0, 0, 0, 0, 0, 0, 0, 0
  remuPEOut Routing D1(5)(12): 0, 0, 0, 0, 0, 0, 0, 0, 0
  remuPEOut Routing D1(5)(13): 0, 0, 0, 0, 0, 0, 0, 0, 0
  remuPEOut Routing D1(5)(14): 0, 0, 0, 0, 0, 0, 0, 0, 0
  remuPEOut Routing D1(5)(15): 0, 0, 0, 0, 0, 0, 0, 0, 0
remuPEOut(6) Routing D1:
  remuPEOut Routing D1(6)(0): 0, 0, 0, 0, 0, 0, 0, 0, 0
  remuPEOut Routing D1(6)(1): 0, 0, 0, 0, 0, 0, 0, 0, 0
  remuPEOut Routing D1(6)(2): 0, 0, 0, 0, 0, 0, 0, 0, 0
  remuPEOut Routing D1(6)(3): 0, 0, 0, 0, 0, 0, 0, 0, 0
  remuPEOut Routing D1(6)(4): 0, 0, 0, 0, 0, 0, 0, 0, 0
  remuPEOut Routing D1(6)(5): 0, 0, 0, 0, 0, 0, 0, 0, 0
  remuPEOut Routing D1(6)(6): 0, 0, 0, 0, 0, 0, 0, 0, 0
  remuPEOut Routing D1(6)(7): 0, 0, 0, 0, 0, 0, 0, 0, 0
  remuPEOut Routing D1(6)(8): 0, 0, 0, 0, 0, 0, 0, 0, 0
  remuPEOut Routing D1(6)(9): 0, 0, 0, 0, 0, 0, 0, 0, 0
  remuPEOut Routing D1(6)(10): 0, 0, 0, 0, 0, 0, 0, 0, 0
  remuPEOut Routing D1(6)(11): 0, 0, 0, 0, 0, 0, 0, 0, 0
  remuPEOut Routing D1(6)(12): 0, 0, 0, 0, 0, 0, 0, 0, 0
  remuPEOut Routing D1(6)(13): 0, 0, 0, 0, 0, 0, 0, 0, 0
  remuPEOut Routing D1(6)(14): 0, 0, 0, 0, 0, 0, 0, 0, 0
  remuPEOut Routing D1(6)(15): 0, 0, 0, 0, 0, 0, 0, 0, 0
remuPEOut(7) Routing D1:
  remuPEOut Routing D1(7)(0): 0, 0, 0, 0, 0, 0, 0, 0, 0
  remuPEOut Routing D1(7)(1): 0, 0, 0, 0, 0, 0, 0, 0, 0
  remuPEOut Routing D1(7)(2): 0, 0, 0, 0, 0, 0, 0, 0, 0
  remuPEOut Routing D1(7)(3): 0, 0, 0, 0, 0, 0, 0, 0, 0
  remuPEOut Routing D1(7)(4): 0, 0, 0, 0, 0, 0, 0, 0, 0
  remuPEOut Routing D1(7)(5): 0, 0, 0, 0, 0, 0, 0, 0, 0
  remuPEOut Routing D1(7)(6): 0, 0, 0, 0, 0, 0, 0, 0, 0
  remuPEOut Routing D1(7)(7): 0, 0, 0, 0, 0, 0, 0, 0, 0
  remuPEOut Routing D1(7)(8): 0, 0, 0, 0, 0, 0, 0, 0, 0
  remuPEOut Routing D1(7)(9): 0, 0, 0, 0, 0, 0, 0, 0, 0
  remuPEOut Routing D1(7)(10): 0, 0, 0, 0, 0, 0, 0, 0, 0
  remuPEOut Routing D1(7)(11): 0, 0, 0, 0, 0, 0, 0, 0, 0
  remuPEOut Routing D1(7)(12): 0, 0, 0, 0, 0, 0, 0, 0, 0
  remuPEOut Routing D1(7)(13): 0, 0, 0, 0, 0, 0, 0, 0, 0
  remuPEOut Routing D1(7)(14): 0, 0, 0, 0, 0, 0, 0, 0, 0
  remuPEOut Routing D1(7)(15): 0, 0, 0, 0, 0, 0, 0, 0, 0
remuPEOut(8) Routing D1:
  remuPEOut Routing D1(8)(0): 0, 0, 0, 0, 0, 0, 0, 0, 0
  remuPEOut Routing D1(8)(1): 0, 0, 0, 0, 0, 0, 0, 0, 0
  remuPEOut Routing D1(8)(2): 0, 0, 0, 0, 0, 0, 0, 0, 0
  remuPEOut Routing D1(8)(3): 0, 0, 0, 0, 0, 0, 0, 0, 0
  remuPEOut Routing D1(8)(4): 0, 0, 0, 0, 0, 0, 0, 0, 0
  remuPEOut Routing D1(8)(5): 0, 0, 0, 0, 0, 0, 0, 0, 0
  remuPEOut Routing D1(8)(6): 0, 0, 0, 0, 0, 0, 0, 0, 0
  remuPEOut Routing D1(8)(7): 0, 0, 0, 0, 0, 0, 0, 0, 0
  remuPEOut Routing D1(8)(8): 0, 0, 0, 0, 0, 0, 0, 0, 0
  remuPEOut Routing D1(8)(9): 0, 0, 0, 0, 0, 0, 0, 0, 0
  remuPEOut Routing D1(8)(10): 0, 0, 0, 0, 0, 0, 0, 0, 0
  remuPEOut Routing D1(8)(11): 0, 0, 0, 0, 0, 0, 0, 0, 0
  remuPEOut Routing D1(8)(12): 0, 0, 0, 0, 0, 0, 0, 0, 0
  remuPEOut Routing D1(8)(13): 0, 0, 0, 0, 0, 0, 0, 0, 0
  remuPEOut Routing D1(8)(14): 0, 0, 0, 0, 0, 0, 0, 0, 0
  remuPEOut Routing D1(8)(15): 0, 0, 0, 0, 0, 0, 0, 0, 0
remuPEOut(9) Routing D1:
  remuPEOut Routing D1(9)(0): 0, 0, 0, 0, 0, 0, 0, 0, 0
  remuPEOut Routing D1(9)(1): 0, 0, 0, 0, 0, 0, 0, 0, 0
  remuPEOut Routing D1(9)(2): 0, 0, 0, 0, 0, 0, 0, 0, 0
  remuPEOut Routing D1(9)(3): 0, 0, 0, 0, 0, 0, 0, 0, 0
  remuPEOut Routing D1(9)(4): 0, 0, 0, 0, 0, 0, 0, 0, 0
  remuPEOut Routing D1(9)(5): 0, 0, 0, 0, 0, 0, 0, 0, 0
  remuPEOut Routing D1(9)(6): 0, 0, 0, 0, 0, 0, 0, 0, 0
  remuPEOut Routing D1(9)(7): 0, 0, 0, 0, 0, 0, 0, 0, 0
  remuPEOut Routing D1(9)(8): 0, 0, 0, 0, 0, 0, 0, 0, 0
  remuPEOut Routing D1(9)(9): 0, 0, 0, 0, 0, 0, 0, 0, 0
  remuPEOut Routing D1(9)(10): 0, 0, 0, 0, 0, 0, 0, 0, 0
  remuPEOut Routing D1(9)(11): 0, 0, 0, 0, 0, 0, 0, 0, 0
  remuPEOut Routing D1(9)(12): 0, 0, 0, 0, 0, 0, 0, 0, 0
  remuPEOut Routing D1(9)(13): 0, 0, 0, 0, 0, 0, 0, 0, 0
  remuPEOut Routing D1(9)(14): 0, 0, 0, 0, 0, 0, 0, 0, 0
  remuPEOut Routing D1(9)(15): 0, 0, 0, 0, 0, 0, 0, 0, 0
remuPEOut(10) Routing D1:
  remuPEOut Routing D1(10)(0): 0, 0, 0, 0, 0, 0, 0, 0, 0
  remuPEOut Routing D1(10)(1): 0, 0, 0, 0, 0, 0, 0, 0, 0
  remuPEOut Routing D1(10)(2): 0, 0, 0, 0, 0, 0, 0, 0, 0
  remuPEOut Routing D1(10)(3): 0, 0, 0, 0, 0, 0, 0, 0, 0
  remuPEOut Routing D1(10)(4): 0, 0, 0, 0, 0, 0, 0, 0, 0
  remuPEOut Routing D1(10)(5): 0, 0, 0, 0, 0, 0, 0, 0, 0
  remuPEOut Routing D1(10)(6): 0, 0, 0, 0, 0, 0, 0, 0, 0
  remuPEOut Routing D1(10)(7): 0, 0, 0, 0, 0, 0, 0, 0, 0
  remuPEOut Routing D1(10)(8): 0, 0, 0, 0, 0, 0, 0, 0, 0
  remuPEOut Routing D1(10)(9): 0, 0, 0, 0, 0, 0, 0, 0, 0
  remuPEOut Routing D1(10)(10): 0, 0, 0, 0, 0, 0, 0, 0, 0
  remuPEOut Routing D1(10)(11): 0, 0, 0, 0, 0, 0, 0, 0, 0
  remuPEOut Routing D1(10)(12): 0, 0, 0, 0, 0, 0, 0, 0, 0
  remuPEOut Routing D1(10)(13): 0, 0, 0, 0, 0, 0, 0, 0, 0
  remuPEOut Routing D1(10)(14): 0, 0, 0, 0, 0, 0, 0, 0, 0
  remuPEOut Routing D1(10)(15): 0, 0, 0, 0, 0, 0, 0, 0, 0
remuPEOut(11) Routing D1:
  remuPEOut Routing D1(11)(0): 0, 0, 0, 0, 0, 0, 0, 0, 0
  remuPEOut Routing D1(11)(1): 0, 0, 0, 0, 0, 0, 0, 0, 0
  remuPEOut Routing D1(11)(2): 0, 0, 0, 0, 0, 0, 0, 0, 0
  remuPEOut Routing D1(11)(3): 0, 0, 0, 0, 0, 0, 0, 0, 0
  remuPEOut Routing D1(11)(4): 0, 0, 0, 0, 0, 0, 0, 0, 0
  remuPEOut Routing D1(11)(5): 0, 0, 0, 0, 0, 0, 0, 0, 0
  remuPEOut Routing D1(11)(6): 0, 0, 0, 0, 0, 0, 0, 0, 0
  remuPEOut Routing D1(11)(7): 0, 0, 0, 0, 0, 0, 0, 0, 0
  remuPEOut Routing D1(11)(8): 0, 0, 0, 0, 0, 0, 0, 0, 0
  remuPEOut Routing D1(11)(9): 0, 0, 0, 0, 0, 0, 0, 0, 0
  remuPEOut Routing D1(11)(10): 0, 0, 0, 0, 0, 0, 0, 0, 0
  remuPEOut Routing D1(11)(11): 0, 0, 0, 0, 0, 0, 0, 0, 0
  remuPEOut Routing D1(11)(12): 0, 0, 0, 0, 0, 0, 0, 0, 0
  remuPEOut Routing D1(11)(13): 0, 0, 0, 0, 0, 0, 0, 0, 0
  remuPEOut Routing D1(11)(14): 0, 0, 0, 0, 0, 0, 0, 0, 0
  remuPEOut Routing D1(11)(15): 0, 0, 0, 0, 0, 0, 0, 0, 0
remuPEOut(12) Routing D1:
  remuPEOut Routing D1(12)(0): 0, 0, 0, 0, 0, 0, 0, 0, 0
  remuPEOut Routing D1(12)(1): 0, 0, 0, 0, 0, 0, 0, 0, 0
  remuPEOut Routing D1(12)(2): 0, 0, 0, 0, 0, 0, 0, 0, 0
  remuPEOut Routing D1(12)(3): 0, 0, 0, 0, 0, 0, 0, 0, 0
  remuPEOut Routing D1(12)(4): 0, 0, 0, 0, 0, 0, 0, 0, 0
  remuPEOut Routing D1(12)(5): 0, 0, 0, 0, 0, 0, 0, 0, 0
  remuPEOut Routing D1(12)(6): 0, 0, 0, 0, 0, 0, 0, 0, 0
  remuPEOut Routing D1(12)(7): 0, 0, 0, 0, 0, 0, 0, 0, 0
  remuPEOut Routing D1(12)(8): 0, 0, 0, 0, 0, 0, 0, 0, 0
  remuPEOut Routing D1(12)(9): 0, 0, 0, 0, 0, 0, 0, 0, 0
  remuPEOut Routing D1(12)(10): 0, 0, 0, 0, 0, 0, 0, 0, 0
  remuPEOut Routing D1(12)(11): 0, 0, 0, 0, 0, 0, 0, 0, 0
  remuPEOut Routing D1(12)(12): 0, 0, 0, 0, 0, 0, 0, 0, 0
  remuPEOut Routing D1(12)(13): 0, 0, 0, 0, 0, 0, 0, 0, 0
  remuPEOut Routing D1(12)(14): 0, 0, 0, 0, 0, 0, 0, 0, 0
  remuPEOut Routing D1(12)(15): 0, 0, 0, 0, 0, 0, 0, 0, 0
remuPEOut(13) Routing D1:
  remuPEOut Routing D1(13)(0): 0, 0, 0, 0, 0, 0, 0, 0, 0
  remuPEOut Routing D1(13)(1): 0, 0, 0, 0, 0, 0, 0, 0, 0
  remuPEOut Routing D1(13)(2): 0, 0, 0, 0, 0, 0, 0, 0, 0
  remuPEOut Routing D1(13)(3): 0, 0, 0, 0, 0, 0, 0, 0, 0
  remuPEOut Routing D1(13)(4): 0, 0, 0, 0, 0, 0, 0, 0, 0
  remuPEOut Routing D1(13)(5): 0, 0, 0, 0, 0, 0, 0, 0, 0
  remuPEOut Routing D1(13)(6): 0, 0, 0, 0, 0, 0, 0, 0, 0
  remuPEOut Routing D1(13)(7): 0, 0, 0, 0, 0, 0, 0, 0, 0
  remuPEOut Routing D1(13)(8): 0, 0, 0, 0, 0, 0, 0, 0, 0
  remuPEOut Routing D1(13)(9): 0, 0, 0, 0, 0, 0, 0, 0, 0
  remuPEOut Routing D1(13)(10): 0, 0, 0, 0, 0, 0, 0, 0, 0
  remuPEOut Routing D1(13)(11): 0, 0, 0, 0, 0, 0, 0, 0, 0
  remuPEOut Routing D1(13)(12): 0, 0, 0, 0, 0, 0, 0, 0, 0
  remuPEOut Routing D1(13)(13): 0, 0, 0, 0, 0, 0, 0, 0, 0
  remuPEOut Routing D1(13)(14): 0, 0, 0, 0, 0, 0, 0, 0, 0
  remuPEOut Routing D1(13)(15): 0, 0, 0, 0, 0, 0, 0, 0, 0
remuPEOut(14) Routing D1:
  remuPEOut Routing D1(14)(0): 0, 0, 0, 0, 0, 0, 0, 0, 0
  remuPEOut Routing D1(14)(1): 0, 0, 0, 0, 0, 0, 0, 0, 0
  remuPEOut Routing D1(14)(2): 0, 0, 0, 0, 0, 0, 0, 0, 0
  remuPEOut Routing D1(14)(3): 0, 0, 0, 0, 0, 0, 0, 0, 0
  remuPEOut Routing D1(14)(4): 0, 0, 0, 0, 0, 0, 0, 0, 0
  remuPEOut Routing D1(14)(5): 0, 0, 0, 0, 0, 0, 0, 0, 0
  remuPEOut Routing D1(14)(6): 0, 0, 0, 0, 0, 0, 0, 0, 0
  remuPEOut Routing D1(14)(7): 0, 0, 0, 0, 0, 0, 0, 0, 0
  remuPEOut Routing D1(14)(8): 0, 0, 0, 0, 0, 0, 0, 0, 0
  remuPEOut Routing D1(14)(9): 0, 0, 0, 0, 0, 0, 0, 0, 0
  remuPEOut Routing D1(14)(10): 0, 0, 0, 0, 0, 0, 0, 0, 0
  remuPEOut Routing D1(14)(11): 0, 0, 0, 0, 0, 0, 0, 0, 0
  remuPEOut Routing D1(14)(12): 0, 0, 0, 0, 0, 0, 0, 0, 0
  remuPEOut Routing D1(14)(13): 0, 0, 0, 0, 0, 0, 0, 0, 0
  remuPEOut Routing D1(14)(14): 0, 0, 0, 0, 0, 0, 0, 0, 0
  remuPEOut Routing D1(14)(15): 0, 0, 0, 0, 0, 0, 0, 0, 0
remuPEOut(15) Routing D1:
  remuPEOut Routing D1(15)(0): 0, 0, 0, 0, 0, 0, 0, 0, 0
  remuPEOut Routing D1(15)(1): 0, 0, 0, 0, 0, 0, 0, 0, 1
  remuPEOut Routing D1(15)(2): 0, 0, 0, 0, 0, 0, 0, 0, 0
  remuPEOut Routing D1(15)(3): 0, 0, 0, 0, 0, 0, 0, 0, 0
  remuPEOut Routing D1(15)(4): 0, 0, 0, 0, 0, 0, 0, 0, 0
  remuPEOut Routing D1(15)(5): 0, 0, 0, 0, 0, 0, 0, 0, 0
  remuPEOut Routing D1(15)(6): 0, 0, 0, 0, 0, 0, 0, 0, 0
  remuPEOut Routing D1(15)(7): 0, 0, 0, 0, 0, 0, 0, 0, 0
  remuPEOut Routing D1(15)(8): 0, 0, 0, 0, 0, 0, 0, 0, 0
  remuPEOut Routing D1(15)(9): 0, 0, 0, 0, 0, 0, 0, 0, 0
  remuPEOut Routing D1(15)(10): 0, 0, 0, 0, 0, 0, 0, 0, 0
  remuPEOut Routing D1(15)(11): 0, 0, 0, 0, 0, 0, 0, 0, 0
  remuPEOut Routing D1(15)(12): 0, 0, 0, 0, 0, 0, 0, 0, 0
  remuPEOut Routing D1(15)(13): 0, 0, 0, 0, 0, 0, 0, 0, 0
  remuPEOut Routing D1(15)(14): 0, 0, 0, 0, 0, 0, 0, 0, 0
  remuPEOut Routing D1(15)(15): 0, 0, 0, 0, 0, 0, 0, 0, 0
remuPEOut(16) Routing D1:
  remuPEOut Routing D1(16)(0): 0, 0, 0, 0, 0, 0, 0, 0, 0
  remuPEOut Routing D1(16)(1): 0, 0, 0, 0, 0, 0, 0, 0, 0
  remuPEOut Routing D1(16)(2): 0, 0, 0, 0, 0, 0, 0, 0, 0
  remuPEOut Routing D1(16)(3): 0, 0, 0, 0, 0, 0, 0, 0, 0
  remuPEOut Routing D1(16)(4): 0, 0, 0, 0, 0, 0, 0, 0, 0
  remuPEOut Routing D1(16)(5): 0, 0, 0, 0, 0, 0, 0, 0, 0
  remuPEOut Routing D1(16)(6): 0, 0, 0, 0, 0, 0, 0, 0, 0
  remuPEOut Routing D1(16)(7): 0, 0, 0, 0, 0, 0, 0, 0, 0
  remuPEOut Routing D1(16)(8): 0, 0, 0, 0, 0, 0, 0, 0, 0
  remuPEOut Routing D1(16)(9): 0, 0, 0, 0, 0, 0, 0, 0, 0
  remuPEOut Routing D1(16)(10): 0, 0, 0, 0, 0, 0, 0, 0, 0
  remuPEOut Routing D1(16)(11): 0, 0, 0, 0, 0, 0, 0, 0, 0
  remuPEOut Routing D1(16)(12): 0, 0, 0, 0, 0, 0, 0, 0, 0
  remuPEOut Routing D1(16)(13): 0, 0, 0, 0, 0, 0, 0, 0, 0
  remuPEOut Routing D1(16)(14): 0, 0, 0, 0, 0, 0, 0, 0, 0
  remuPEOut Routing D1(16)(15): 0, 0, 0, 0, 0, 0, 0, 0, 0
remuPEOut(17) Routing D1:
  remuPEOut Routing D1(17)(0): 0, 0, 0, 0, 0, 0, 0, 0, 0
  remuPEOut Routing D1(17)(1): 0, 0, 0, 0, 0, 0, 0, 0, 0
  remuPEOut Routing D1(17)(2): 0, 0, 0, 0, 0, 0, 0, 0, 0
  remuPEOut Routing D1(17)(3): 0, 0, 0, 0, 0, 0, 0, 0, 0
  remuPEOut Routing D1(17)(4): 0, 0, 0, 0, 0, 0, 0, 0, 0
  remuPEOut Routing D1(17)(5): 0, 0, 0, 0, 0, 0, 0, 0, 0
  remuPEOut Routing D1(17)(6): 0, 0, 0, 0, 0, 0, 0, 0, 0
  remuPEOut Routing D1(17)(7): 0, 0, 0, 0, 0, 0, 0, 0, 0
  remuPEOut Routing D1(17)(8): 0, 0, 0, 0, 0, 0, 0, 0, 0
  remuPEOut Routing D1(17)(9): 0, 0, 0, 0, 0, 0, 0, 0, 0
  remuPEOut Routing D1(17)(10): 0, 0, 0, 0, 0, 0, 0, 0, 0
  remuPEOut Routing D1(17)(11): 0, 0, 0, 0, 0, 0, 0, 0, 0
  remuPEOut Routing D1(17)(12): 0, 0, 0, 0, 0, 0, 0, 0, 0
  remuPEOut Routing D1(17)(13): 0, 0, 0, 0, 0, 0, 0, 0, 0
  remuPEOut Routing D1(17)(14): 0, 0, 0, 0, 0, 0, 0, 0, 0
  remuPEOut Routing D1(17)(15): 0, 0, 0, 0, 0, 0, 0, 0, 0
remuPEOut(18) Routing D1:
  remuPEOut Routing D1(18)(0): 0, 0, 0, 0, 0, 0, 0, 0, 0
  remuPEOut Routing D1(18)(1): 0, 0, 0, 0, 0, 0, 0, 0, 0
  remuPEOut Routing D1(18)(2): 0, 0, 0, 0, 0, 0, 0, 0, 0
  remuPEOut Routing D1(18)(3): 0, 0, 0, 0, 0, 0, 0, 0, 0
  remuPEOut Routing D1(18)(4): 0, 0, 0, 0, 0, 0, 0, 0, 0
  remuPEOut Routing D1(18)(5): 0, 0, 0, 0, 0, 0, 0, 0, 0
  remuPEOut Routing D1(18)(6): 0, 0, 0, 0, 0, 0, 0, 0, 0
  remuPEOut Routing D1(18)(7): 0, 0, 0, 0, 0, 0, 0, 0, 0
  remuPEOut Routing D1(18)(8): 0, 0, 0, 0, 0, 0, 0, 0, 0
  remuPEOut Routing D1(18)(9): 0, 0, 0, 0, 0, 0, 0, 0, 0
  remuPEOut Routing D1(18)(10): 0, 0, 0, 0, 0, 0, 0, 0, 0
  remuPEOut Routing D1(18)(11): 0, 0, 0, 0, 0, 0, 0, 0, 0
  remuPEOut Routing D1(18)(12): 0, 0, 0, 0, 0, 0, 0, 0, 0
  remuPEOut Routing D1(18)(13): 0, 0, 0, 0, 0, 0, 0, 0, 0
  remuPEOut Routing D1(18)(14): 0, 0, 0, 0, 0, 0, 0, 0, 0
  remuPEOut Routing D1(18)(15): 0, 0, 0, 0, 0, 0, 0, 0, 0
remuPEOut(19) Routing D1:
  remuPEOut Routing D1(19)(0): 0, 0, 0, 0, 0, 0, 0, 1, 0
  remuPEOut Routing D1(19)(1): 0, 0, 0, 1, 0, 0, 0, 0, 0
  remuPEOut Routing D1(19)(2): 0, 0, 0, 0, 0, 0, 0, 0, 0
  remuPEOut Routing D1(19)(3): 0, 0, 0, 0, 0, 0, 0, 0, 0
  remuPEOut Routing D1(19)(4): 0, 0, 0, 0, 0, 0, 0, 0, 0
  remuPEOut Routing D1(19)(5): 0, 0, 0, 0, 0, 0, 0, 0, 0
  remuPEOut Routing D1(19)(6): 0, 0, 0, 0, 0, 0, 0, 0, 0
  remuPEOut Routing D1(19)(7): 0, 0, 0, 0, 0, 0, 0, 0, 0
  remuPEOut Routing D1(19)(8): 0, 0, 0, 0, 0, 0, 0, 0, 0
  remuPEOut Routing D1(19)(9): 0, 0, 0, 0, 0, 0, 0, 0, 0
  remuPEOut Routing D1(19)(10): 0, 0, 0, 0, 0, 0, 0, 0, 0
  remuPEOut Routing D1(19)(11): 0, 0, 0, 0, 0, 0, 0, 0, 0
  remuPEOut Routing D1(19)(12): 0, 0, 0, 0, 0, 0, 0, 0, 0
  remuPEOut Routing D1(19)(13): 0, 0, 0, 0, 0, 0, 0, 0, 0
  remuPEOut Routing D1(19)(14): 0, 0, 0, 0, 0, 0, 0, 0, 0
  remuPEOut Routing D1(19)(15): 0, 0, 0, 0, 0, 0, 0, 0, 0
remuPEOut(20) Routing D1:
  remuPEOut Routing D1(20)(0): 0, 0, 0, 0, 0, 0, 0, 0, 1
  remuPEOut Routing D1(20)(1): 0, 0, 0, 0, 0, 0, 0, 0, 0
  remuPEOut Routing D1(20)(2): 0, 0, 0, 0, 0, 0, 0, 0, 0
  remuPEOut Routing D1(20)(3): 0, 0, 0, 0, 0, 0, 0, 0, 0
  remuPEOut Routing D1(20)(4): 0, 0, 0, 0, 0, 0, 0, 0, 0
  remuPEOut Routing D1(20)(5): 0, 0, 0, 0, 0, 0, 0, 0, 0
  remuPEOut Routing D1(20)(6): 0, 0, 0, 0, 0, 0, 0, 0, 0
  remuPEOut Routing D1(20)(7): 0, 0, 0, 0, 0, 0, 0, 0, 0
  remuPEOut Routing D1(20)(8): 0, 0, 0, 0, 0, 0, 0, 0, 0
  remuPEOut Routing D1(20)(9): 0, 0, 0, 0, 0, 0, 0, 0, 0
  remuPEOut Routing D1(20)(10): 0, 0, 0, 0, 0, 0, 0, 0, 0
  remuPEOut Routing D1(20)(11): 0, 0, 0, 0, 0, 0, 0, 0, 0
  remuPEOut Routing D1(20)(12): 0, 0, 0, 0, 0, 0, 0, 0, 0
  remuPEOut Routing D1(20)(13): 0, 0, 0, 0, 0, 0, 0, 0, 0
  remuPEOut Routing D1(20)(14): 0, 0, 0, 0, 0, 0, 0, 0, 0
  remuPEOut Routing D1(20)(15): 0, 0, 0, 0, 0, 0, 0, 0, 0
remuPEOut(21) Routing D1:
  remuPEOut Routing D1(21)(0): 0, 0, 0, 0, 0, 0, 0, 0, 0
  remuPEOut Routing D1(21)(1): 0, 0, 0, 0, 0, 0, 0, 0, 0
  remuPEOut Routing D1(21)(2): 0, 0, 0, 0, 0, 0, 1, 0, 0
  remuPEOut Routing D1(21)(3): 0, 0, 0, 0, 0, 0, 0, 0, 0
  remuPEOut Routing D1(21)(4): 0, 0, 0, 0, 0, 0, 0, 0, 0
  remuPEOut Routing D1(21)(5): 0, 0, 0, 0, 0, 0, 0, 0, 0
  remuPEOut Routing D1(21)(6): 0, 0, 0, 0, 0, 0, 0, 0, 0
  remuPEOut Routing D1(21)(7): 0, 0, 0, 0, 0, 0, 0, 0, 0
  remuPEOut Routing D1(21)(8): 0, 0, 0, 0, 0, 0, 0, 0, 0
  remuPEOut Routing D1(21)(9): 0, 0, 0, 0, 0, 0, 0, 0, 0
  remuPEOut Routing D1(21)(10): 0, 0, 0, 0, 0, 0, 0, 0, 0
  remuPEOut Routing D1(21)(11): 0, 0, 0, 0, 0, 0, 0, 0, 0
  remuPEOut Routing D1(21)(12): 0, 0, 0, 0, 0, 0, 0, 0, 0
  remuPEOut Routing D1(21)(13): 0, 0, 0, 0, 0, 0, 0, 0, 0
  remuPEOut Routing D1(21)(14): 0, 0, 0, 0, 0, 0, 0, 0, 0
  remuPEOut Routing D1(21)(15): 0, 0, 0, 0, 0, 0, 0, 0, 0
remuPEOut(22) Routing D1:
  remuPEOut Routing D1(22)(0): 0, 0, 0, 0, 0, 0, 0, 0, 0
  remuPEOut Routing D1(22)(1): 0, 0, 0, 0, 0, 0, 0, 0, 0
  remuPEOut Routing D1(22)(2): 0, 0, 0, 0, 0, 0, 0, 0, 0
  remuPEOut Routing D1(22)(3): 0, 0, 0, 0, 0, 0, 0, 0, 0
  remuPEOut Routing D1(22)(4): 0, 0, 0, 0, 0, 0, 0, 0, 0
  remuPEOut Routing D1(22)(5): 0, 0, 0, 0, 0, 0, 0, 0, 0
  remuPEOut Routing D1(22)(6): 0, 0, 0, 0, 0, 0, 0, 0, 0
  remuPEOut Routing D1(22)(7): 0, 0, 0, 0, 0, 0, 0, 0, 0
  remuPEOut Routing D1(22)(8): 0, 0, 0, 0, 0, 0, 0, 0, 0
  remuPEOut Routing D1(22)(9): 0, 0, 0, 0, 0, 0, 0, 0, 0
  remuPEOut Routing D1(22)(10): 0, 0, 0, 0, 0, 0, 0, 0, 0
  remuPEOut Routing D1(22)(11): 0, 0, 0, 0, 0, 0, 0, 0, 0
  remuPEOut Routing D1(22)(12): 0, 0, 0, 0, 0, 0, 0, 0, 0
  remuPEOut Routing D1(22)(13): 0, 0, 0, 0, 0, 0, 0, 0, 0
  remuPEOut Routing D1(22)(14): 0, 0, 0, 0, 0, 0, 0, 0, 0
  remuPEOut Routing D1(22)(15): 0, 0, 0, 0, 0, 0, 0, 0, 0
remuPEOut(23) Routing D1:
  remuPEOut Routing D1(23)(0): 0, 0, 0, 0, 0, 0, 0, 0, 0
  remuPEOut Routing D1(23)(1): 0, 0, 0, 0, 0, 0, 1, 0, 0
  remuPEOut Routing D1(23)(2): 0, 0, 0, 0, 0, 0, 0, 0, 0
  remuPEOut Routing D1(23)(3): 0, 0, 0, 0, 0, 0, 0, 0, 0
  remuPEOut Routing D1(23)(4): 0, 0, 0, 0, 0, 0, 0, 0, 0
  remuPEOut Routing D1(23)(5): 0, 0, 0, 0, 0, 0, 0, 0, 0
  remuPEOut Routing D1(23)(6): 0, 0, 0, 0, 0, 0, 0, 0, 0
  remuPEOut Routing D1(23)(7): 0, 0, 0, 0, 0, 0, 0, 0, 0
  remuPEOut Routing D1(23)(8): 0, 0, 0, 0, 0, 0, 0, 0, 0
  remuPEOut Routing D1(23)(9): 0, 0, 0, 0, 0, 0, 0, 0, 0
  remuPEOut Routing D1(23)(10): 0, 0, 0, 0, 0, 0, 0, 0, 0
  remuPEOut Routing D1(23)(11): 0, 0, 0, 0, 0, 0, 0, 0, 0
  remuPEOut Routing D1(23)(12): 0, 0, 0, 0, 0, 0, 0, 0, 0
  remuPEOut Routing D1(23)(13): 0, 0, 0, 0, 0, 0, 0, 0, 0
  remuPEOut Routing D1(23)(14): 0, 0, 0, 0, 0, 0, 0, 0, 0
  remuPEOut Routing D1(23)(15): 0, 0, 0, 0, 0, 0, 0, 0, 0
remuPEOut(24) Routing D1:
  remuPEOut Routing D1(24)(0): 0, 0, 0, 0, 0, 0, 0, 0, 0
  remuPEOut Routing D1(24)(1): 0, 0, 0, 0, 0, 0, 0, 0, 0
  remuPEOut Routing D1(24)(2): 0, 0, 0, 0, 0, 0, 0, 0, 0
  remuPEOut Routing D1(24)(3): 0, 0, 0, 0, 0, 0, 0, 0, 0
  remuPEOut Routing D1(24)(4): 0, 0, 0, 0, 0, 0, 0, 0, 0
  remuPEOut Routing D1(24)(5): 0, 0, 0, 0, 0, 0, 0, 0, 0
  remuPEOut Routing D1(24)(6): 0, 0, 0, 0, 0, 0, 0, 0, 0
  remuPEOut Routing D1(24)(7): 0, 0, 0, 0, 0, 0, 0, 0, 0
  remuPEOut Routing D1(24)(8): 0, 0, 0, 0, 0, 0, 0, 0, 0
  remuPEOut Routing D1(24)(9): 0, 0, 0, 0, 0, 0, 0, 0, 0
  remuPEOut Routing D1(24)(10): 0, 0, 0, 0, 0, 0, 0, 0, 0
  remuPEOut Routing D1(24)(11): 0, 0, 0, 0, 0, 0, 0, 0, 0
  remuPEOut Routing D1(24)(12): 0, 0, 0, 0, 0, 0, 0, 0, 0
  remuPEOut Routing D1(24)(13): 0, 0, 0, 0, 0, 0, 0, 0, 0
  remuPEOut Routing D1(24)(14): 0, 0, 0, 0, 0, 0, 0, 0, 0
  remuPEOut Routing D1(24)(15): 0, 0, 0, 0, 0, 0, 0, 0, 0
remuPEOut(25) Routing D1:
  remuPEOut Routing D1(25)(0): 0, 0, 0, 0, 0, 0, 0, 0, 0
  remuPEOut Routing D1(25)(1): 0, 0, 0, 0, 0, 0, 0, 1, 0
  remuPEOut Routing D1(25)(2): 0, 0, 0, 0, 0, 0, 0, 0, 0
  remuPEOut Routing D1(25)(3): 0, 0, 0, 0, 0, 0, 0, 0, 0
  remuPEOut Routing D1(25)(4): 0, 0, 0, 0, 0, 0, 0, 0, 0
  remuPEOut Routing D1(25)(5): 0, 0, 0, 0, 0, 0, 0, 0, 0
  remuPEOut Routing D1(25)(6): 0, 0, 0, 0, 0, 0, 0, 0, 0
  remuPEOut Routing D1(25)(7): 0, 0, 0, 0, 0, 0, 0, 0, 0
  remuPEOut Routing D1(25)(8): 0, 0, 0, 0, 0, 0, 0, 0, 0
  remuPEOut Routing D1(25)(9): 0, 0, 0, 0, 0, 0, 0, 0, 0
  remuPEOut Routing D1(25)(10): 0, 0, 0, 0, 0, 0, 0, 0, 0
  remuPEOut Routing D1(25)(11): 0, 0, 0, 0, 0, 0, 0, 0, 0
  remuPEOut Routing D1(25)(12): 0, 0, 0, 0, 0, 0, 0, 0, 0
  remuPEOut Routing D1(25)(13): 0, 0, 0, 0, 0, 0, 0, 0, 0
  remuPEOut Routing D1(25)(14): 0, 0, 0, 0, 0, 0, 0, 0, 0
  remuPEOut Routing D1(25)(15): 0, 0, 0, 0, 0, 0, 0, 0, 0
remuPEOut(26) Routing D1:
  remuPEOut Routing D1(26)(0): 0, 0, 0, 0, 0, 0, 0, 0, 0
  remuPEOut Routing D1(26)(1): 0, 0, 0, 0, 0, 0, 0, 0, 0
  remuPEOut Routing D1(26)(2): 0, 0, 0, 1, 0, 0, 0, 0, 0
  remuPEOut Routing D1(26)(3): 0, 0, 0, 0, 0, 0, 0, 0, 1
  remuPEOut Routing D1(26)(4): 0, 0, 0, 0, 0, 1, 0, 0, 0
  remuPEOut Routing D1(26)(5): 0, 0, 0, 0, 0, 0, 0, 0, 0
  remuPEOut Routing D1(26)(6): 0, 0, 0, 0, 0, 0, 0, 0, 0
  remuPEOut Routing D1(26)(7): 0, 0, 0, 0, 0, 0, 0, 0, 0
  remuPEOut Routing D1(26)(8): 0, 0, 0, 0, 0, 0, 0, 0, 0
  remuPEOut Routing D1(26)(9): 0, 0, 0, 0, 0, 0, 0, 0, 0
  remuPEOut Routing D1(26)(10): 0, 0, 0, 0, 0, 0, 0, 0, 0
  remuPEOut Routing D1(26)(11): 0, 0, 0, 0, 0, 0, 0, 0, 0
  remuPEOut Routing D1(26)(12): 0, 0, 0, 0, 0, 0, 0, 0, 0
  remuPEOut Routing D1(26)(13): 0, 0, 0, 0, 0, 0, 0, 0, 0
  remuPEOut Routing D1(26)(14): 0, 0, 0, 0, 0, 0, 0, 0, 0
  remuPEOut Routing D1(26)(15): 0, 0, 0, 0, 0, 0, 0, 0, 0
remuPEOut(27) Routing D1:
  remuPEOut Routing D1(27)(0): 0, 0, 0, 0, 0, 0, 0, 0, 0
  remuPEOut Routing D1(27)(1): 0, 0, 0, 0, 0, 0, 0, 0, 0
  remuPEOut Routing D1(27)(2): 0, 0, 0, 1, 0, 0, 0, 0, 0
  remuPEOut Routing D1(27)(3): 0, 0, 0, 0, 0, 0, 0, 0, 0
  remuPEOut Routing D1(27)(4): 0, 0, 0, 0, 1, 0, 0, 0, 0
  remuPEOut Routing D1(27)(5): 0, 0, 0, 0, 0, 0, 0, 0, 0
  remuPEOut Routing D1(27)(6): 0, 0, 0, 0, 0, 0, 0, 0, 0
  remuPEOut Routing D1(27)(7): 0, 0, 0, 0, 0, 0, 0, 0, 0
  remuPEOut Routing D1(27)(8): 0, 0, 0, 0, 0, 0, 0, 0, 0
  remuPEOut Routing D1(27)(9): 0, 0, 0, 0, 0, 0, 0, 0, 0
  remuPEOut Routing D1(27)(10): 0, 0, 0, 0, 0, 0, 0, 0, 0
  remuPEOut Routing D1(27)(11): 0, 0, 0, 0, 0, 0, 0, 0, 0
  remuPEOut Routing D1(27)(12): 0, 0, 0, 0, 0, 0, 0, 0, 0
  remuPEOut Routing D1(27)(13): 0, 0, 0, 0, 0, 0, 0, 0, 0
  remuPEOut Routing D1(27)(14): 0, 0, 0, 0, 0, 0, 0, 0, 0
  remuPEOut Routing D1(27)(15): 0, 0, 0, 0, 0, 0, 0, 0, 0
remuPEOut(28) Routing D1:
  remuPEOut Routing D1(28)(0): 0, 0, 0, 0, 0, 0, 0, 0, 0
  remuPEOut Routing D1(28)(1): 0, 0, 0, 0, 0, 0, 0, 0, 1
  remuPEOut Routing D1(28)(2): 0, 0, 0, 0, 0, 0, 0, 0, 0
  remuPEOut Routing D1(28)(3): 0, 0, 0, 0, 1, 0, 0, 0, 0
  remuPEOut Routing D1(28)(4): 0, 0, 0, 0, 0, 0, 0, 0, 0
  remuPEOut Routing D1(28)(5): 0, 0, 0, 0, 0, 0, 0, 0, 0
  remuPEOut Routing D1(28)(6): 0, 0, 0, 0, 0, 0, 0, 0, 0
  remuPEOut Routing D1(28)(7): 0, 0, 0, 0, 0, 0, 0, 0, 0
  remuPEOut Routing D1(28)(8): 0, 0, 0, 0, 0, 0, 0, 0, 0
  remuPEOut Routing D1(28)(9): 0, 0, 0, 0, 0, 0, 0, 0, 0
  remuPEOut Routing D1(28)(10): 0, 0, 0, 0, 0, 0, 0, 0, 0
  remuPEOut Routing D1(28)(11): 0, 0, 0, 0, 0, 0, 0, 0, 0
  remuPEOut Routing D1(28)(12): 0, 0, 0, 0, 0, 0, 0, 0, 0
  remuPEOut Routing D1(28)(13): 0, 0, 0, 0, 0, 0, 0, 0, 0
  remuPEOut Routing D1(28)(14): 0, 0, 0, 0, 0, 0, 0, 0, 0
  remuPEOut Routing D1(28)(15): 0, 0, 0, 0, 0, 0, 0, 0, 0
remuPEOut(29) Routing D1:
  remuPEOut Routing D1(29)(0): 0, 0, 0, 0, 0, 0, 0, 0, 0
  remuPEOut Routing D1(29)(1): 0, 0, 0, 0, 0, 0, 1, 0, 0
  remuPEOut Routing D1(29)(2): 0, 0, 0, 0, 0, 0, 0, 0, 0
  remuPEOut Routing D1(29)(3): 1, 0, 0, 0, 0, 0, 0, 1, 0
  remuPEOut Routing D1(29)(4): 1, 0, 0, 0, 0, 0, 0, 1, 0
  remuPEOut Routing D1(29)(5): 0, 0, 0, 0, 0, 0, 0, 0, 0
  remuPEOut Routing D1(29)(6): 0, 0, 0, 0, 0, 0, 0, 0, 0
  remuPEOut Routing D1(29)(7): 0, 0, 0, 0, 0, 0, 0, 0, 0
  remuPEOut Routing D1(29)(8): 0, 0, 0, 0, 0, 0, 0, 0, 0
  remuPEOut Routing D1(29)(9): 0, 0, 0, 0, 0, 0, 0, 0, 0
  remuPEOut Routing D1(29)(10): 0, 0, 0, 0, 0, 0, 0, 0, 0
  remuPEOut Routing D1(29)(11): 0, 0, 0, 0, 0, 0, 0, 0, 0
  remuPEOut Routing D1(29)(12): 0, 0, 0, 0, 0, 0, 0, 0, 0
  remuPEOut Routing D1(29)(13): 0, 0, 0, 0, 0, 0, 0, 0, 0
  remuPEOut Routing D1(29)(14): 0, 0, 0, 0, 0, 0, 0, 0, 0
  remuPEOut Routing D1(29)(15): 0, 0, 0, 0, 0, 0, 0, 0, 0
remuPEOut(30) Routing D1:
  remuPEOut Routing D1(30)(0): 0, 0, 0, 0, 0, 0, 0, 0, 0
  remuPEOut Routing D1(30)(1): 1, 1, 1, 0, 0, 0, 0, 0, 0
  remuPEOut Routing D1(30)(2): 0, 0, 0, 0, 0, 0, 0, 0, 1
  remuPEOut Routing D1(30)(3): 0, 0, 0, 0, 0, 0, 1, 0, 1
  remuPEOut Routing D1(30)(4): 0, 0, 0, 0, 0, 0, 0, 0, 0
  remuPEOut Routing D1(30)(5): 0, 0, 0, 0, 0, 0, 0, 0, 0
  remuPEOut Routing D1(30)(6): 0, 0, 0, 0, 0, 0, 0, 0, 0
  remuPEOut Routing D1(30)(7): 0, 0, 0, 0, 0, 0, 0, 0, 0
  remuPEOut Routing D1(30)(8): 0, 0, 0, 0, 0, 0, 0, 0, 0
  remuPEOut Routing D1(30)(9): 0, 0, 0, 0, 0, 0, 0, 0, 0
  remuPEOut Routing D1(30)(10): 0, 0, 0, 0, 0, 0, 0, 0, 0
  remuPEOut Routing D1(30)(11): 0, 0, 0, 0, 0, 0, 0, 0, 0
  remuPEOut Routing D1(30)(12): 0, 0, 0, 0, 0, 0, 0, 0, 0
  remuPEOut Routing D1(30)(13): 0, 0, 0, 0, 0, 0, 0, 0, 0
  remuPEOut Routing D1(30)(14): 0, 0, 0, 0, 0, 0, 0, 0, 0
  remuPEOut Routing D1(30)(15): 0, 0, 0, 0, 0, 0, 0, 0, 0
remuPEOut(31) Routing D1:
  remuPEOut Routing D1(31)(0): 0, 0, 0, 0, 0, 0, 0, 0, 0
  remuPEOut Routing D1(31)(1): 0, 0, 0, 0, 0, 0, 0, 0, 0
  remuPEOut Routing D1(31)(2): 0, 0, 0, 0, 0, 0, 0, 0, 0
  remuPEOut Routing D1(31)(3): 0, 0, 0, 0, 0, 0, 0, 0, 0
  remuPEOut Routing D1(31)(4): 0, 0, 0, 0, 0, 0, 0, 0, 0
  remuPEOut Routing D1(31)(5): 0, 0, 0, 0, 0, 0, 0, 0, 0
  remuPEOut Routing D1(31)(6): 0, 0, 0, 0, 0, 0, 0, 0, 0
  remuPEOut Routing D1(31)(7): 0, 0, 0, 0, 0, 0, 0, 0, 0
  remuPEOut Routing D1(31)(8): 0, 0, 0, 0, 0, 0, 0, 0, 0
  remuPEOut Routing D1(31)(9): 0, 0, 0, 0, 0, 0, 0, 0, 0
  remuPEOut Routing D1(31)(10): 0, 0, 0, 0, 0, 0, 0, 0, 0
  remuPEOut Routing D1(31)(11): 0, 0, 0, 0, 0, 0, 0, 0, 0
  remuPEOut Routing D1(31)(12): 0, 0, 0, 0, 0, 0, 0, 0, 0
  remuPEOut Routing D1(31)(13): 0, 0, 0, 0, 0, 0, 0, 0, 0
  remuPEOut Routing D1(31)(14): 0, 0, 0, 0, 0, 0, 0, 0, 0
  remuPEOut Routing D1(31)(15): 0, 0, 0, 0, 0, 0, 0, 0, 0
remuPEOut(32) Routing D1:
  remuPEOut Routing D1(32)(0): 1, 0, 0, 0, 0, 0, 0, 0, 0
  remuPEOut Routing D1(32)(1): 1, 0, 0, 0, 0, 0, 0, 0, 0
  remuPEOut Routing D1(32)(2): 0, 0, 0, 0, 0, 0, 0, 0, 0
  remuPEOut Routing D1(32)(3): 1, 0, 0, 0, 0, 0, 1, 0, 1
  remuPEOut Routing D1(32)(4): 0, 0, 0, 0, 0, 0, 0, 0, 0
  remuPEOut Routing D1(32)(5): 0, 0, 0, 0, 0, 0, 0, 0, 0
  remuPEOut Routing D1(32)(6): 0, 0, 0, 0, 0, 0, 0, 0, 0
  remuPEOut Routing D1(32)(7): 0, 0, 0, 0, 0, 0, 0, 0, 0
  remuPEOut Routing D1(32)(8): 0, 0, 0, 0, 0, 0, 0, 0, 0
  remuPEOut Routing D1(32)(9): 0, 0, 0, 0, 0, 0, 0, 0, 0
  remuPEOut Routing D1(32)(10): 0, 0, 0, 0, 0, 0, 0, 0, 0
  remuPEOut Routing D1(32)(11): 0, 0, 0, 0, 0, 0, 0, 0, 0
  remuPEOut Routing D1(32)(12): 0, 0, 0, 0, 0, 0, 0, 0, 0
  remuPEOut Routing D1(32)(13): 0, 0, 0, 0, 0, 0, 0, 0, 0
  remuPEOut Routing D1(32)(14): 0, 0, 0, 0, 0, 0, 0, 0, 0
  remuPEOut Routing D1(32)(15): 0, 0, 0, 0, 0, 0, 0, 0, 0
remuPEOut(33) Routing D1:
  remuPEOut Routing D1(33)(0): 0, 0, 0, 0, 0, 0, 0, 0, 0
  remuPEOut Routing D1(33)(1): 0, 0, 0, 0, 0, 0, 0, 0, 0
  remuPEOut Routing D1(33)(2): 1, 0, 0, 0, 1, 0, 0, 0, 0
  remuPEOut Routing D1(33)(3): 0, 0, 0, 0, 0, 0, 1, 0, 0
  remuPEOut Routing D1(33)(4): 0, 0, 0, 0, 0, 0, 0, 0, 0
  remuPEOut Routing D1(33)(5): 0, 0, 0, 0, 0, 0, 0, 0, 0
  remuPEOut Routing D1(33)(6): 0, 0, 0, 0, 0, 0, 0, 0, 0
  remuPEOut Routing D1(33)(7): 0, 0, 0, 0, 0, 0, 0, 0, 0
  remuPEOut Routing D1(33)(8): 0, 0, 0, 0, 0, 0, 0, 0, 0
  remuPEOut Routing D1(33)(9): 0, 0, 0, 0, 0, 0, 0, 0, 0
  remuPEOut Routing D1(33)(10): 0, 0, 0, 0, 0, 0, 0, 0, 0
  remuPEOut Routing D1(33)(11): 0, 0, 0, 0, 0, 0, 0, 0, 0
  remuPEOut Routing D1(33)(12): 0, 0, 0, 0, 0, 0, 0, 0, 0
  remuPEOut Routing D1(33)(13): 0, 0, 0, 0, 0, 0, 0, 0, 0
  remuPEOut Routing D1(33)(14): 0, 0, 0, 0, 0, 0, 0, 0, 0
  remuPEOut Routing D1(33)(15): 0, 0, 0, 0, 0, 0, 0, 0, 0
remuPEOut(34) Routing D1:
  remuPEOut Routing D1(34)(0): 0, 0, 0, 0, 0, 0, 0, 0, 0
  remuPEOut Routing D1(34)(1): 1, 0, 0, 0, 1, 0, 0, 0, 0
  remuPEOut Routing D1(34)(2): 1, 0, 0, 0, 0, 0, 0, 0, 0
  remuPEOut Routing D1(34)(3): 0, 0, 0, 0, 0, 0, 0, 0, 0
  remuPEOut Routing D1(34)(4): 0, 0, 0, 0, 0, 0, 0, 0, 0
  remuPEOut Routing D1(34)(5): 1, 0, 0, 0, 0, 0, 0, 0, 0
  remuPEOut Routing D1(34)(6): 0, 0, 0, 0, 0, 0, 0, 0, 0
  remuPEOut Routing D1(34)(7): 0, 0, 0, 0, 0, 0, 0, 0, 0
  remuPEOut Routing D1(34)(8): 0, 0, 0, 0, 0, 0, 0, 0, 0
  remuPEOut Routing D1(34)(9): 0, 0, 0, 0, 0, 0, 0, 0, 0
  remuPEOut Routing D1(34)(10): 0, 0, 0, 0, 0, 0, 0, 0, 0
  remuPEOut Routing D1(34)(11): 0, 0, 0, 0, 0, 0, 0, 0, 0
  remuPEOut Routing D1(34)(12): 0, 0, 0, 0, 0, 0, 0, 0, 0
  remuPEOut Routing D1(34)(13): 0, 0, 0, 0, 0, 0, 0, 0, 0
  remuPEOut Routing D1(34)(14): 0, 0, 0, 0, 0, 0, 0, 0, 0
  remuPEOut Routing D1(34)(15): 0, 0, 0, 0, 0, 0, 0, 0, 0
remuPEOut(35) Routing D1:
  remuPEOut Routing D1(35)(0): 1, 0, 0, 0, 0, 0, 0, 0, 0
  remuPEOut Routing D1(35)(1): 0, 0, 0, 0, 0, 0, 0, 0, 0
  remuPEOut Routing D1(35)(2): 0, 0, 0, 0, 0, 1, 0, 0, 0
  remuPEOut Routing D1(35)(3): 0, 0, 0, 0, 0, 1, 0, 0, 0
  remuPEOut Routing D1(35)(4): 0, 0, 0, 0, 0, 0, 0, 0, 0
  remuPEOut Routing D1(35)(5): 0, 0, 0, 0, 0, 0, 0, 0, 0
  remuPEOut Routing D1(35)(6): 0, 0, 0, 0, 0, 0, 0, 0, 0
  remuPEOut Routing D1(35)(7): 0, 0, 0, 0, 0, 0, 0, 0, 0
  remuPEOut Routing D1(35)(8): 0, 0, 0, 0, 0, 0, 0, 0, 0
  remuPEOut Routing D1(35)(9): 0, 0, 0, 0, 0, 0, 0, 0, 0
  remuPEOut Routing D1(35)(10): 0, 0, 0, 0, 0, 0, 0, 0, 0
  remuPEOut Routing D1(35)(11): 0, 0, 0, 0, 0, 0, 0, 0, 0
  remuPEOut Routing D1(35)(12): 0, 0, 0, 0, 0, 0, 0, 0, 0
  remuPEOut Routing D1(35)(13): 0, 0, 0, 0, 0, 0, 0, 0, 0
  remuPEOut Routing D1(35)(14): 0, 0, 0, 0, 0, 0, 0, 0, 0
  remuPEOut Routing D1(35)(15): 0, 0, 0, 0, 0, 0, 0, 0, 0

remuPEOut Routing D2:
remuPEOut(0) Routing D2:
  remuPEOut Routing D2(0)(0): 0, 0, 0, 0, 0, 0, 0, 0, 0
  remuPEOut Routing D2(0)(1): 0, 0, 0, 0, 0, 0, 0, 0, 0
  remuPEOut Routing D2(0)(2): 0, 0, 0, 0, 0, 0, 0, 0, 0
  remuPEOut Routing D2(0)(3): 0, 0, 0, 0, 0, 0, 0, 0, 0
  remuPEOut Routing D2(0)(4): 0, 0, 0, 0, 0, 0, 0, 0, 0
  remuPEOut Routing D2(0)(5): 0, 0, 0, 0, 0, 0, 0, 0, 0
  remuPEOut Routing D2(0)(6): 0, 0, 0, 0, 0, 0, 0, 0, 0
  remuPEOut Routing D2(0)(7): 0, 0, 0, 0, 0, 0, 0, 0, 0
  remuPEOut Routing D2(0)(8): 0, 0, 0, 0, 0, 0, 0, 0, 0
  remuPEOut Routing D2(0)(9): 0, 0, 0, 0, 0, 0, 0, 0, 0
  remuPEOut Routing D2(0)(10): 0, 0, 0, 0, 0, 0, 0, 0, 0
  remuPEOut Routing D2(0)(11): 0, 0, 0, 0, 0, 0, 0, 0, 0
  remuPEOut Routing D2(0)(12): 0, 0, 0, 0, 0, 0, 0, 0, 0
  remuPEOut Routing D2(0)(13): 0, 0, 0, 0, 0, 0, 0, 0, 0
  remuPEOut Routing D2(0)(14): 0, 0, 0, 0, 0, 0, 0, 0, 0
  remuPEOut Routing D2(0)(15): 0, 0, 0, 0, 0, 0, 0, 0, 0
remuPEOut(1) Routing D2:
  remuPEOut Routing D2(1)(0): 0, 0, 0, 0, 0, 0, 0, 0, 0
  remuPEOut Routing D2(1)(1): 0, 0, 0, 0, 0, 0, 0, 0, 0
  remuPEOut Routing D2(1)(2): 0, 0, 0, 0, 0, 0, 0, 1, 0
  remuPEOut Routing D2(1)(3): 0, 0, 0, 0, 0, 0, 0, 0, 0
  remuPEOut Routing D2(1)(4): 0, 0, 0, 0, 0, 0, 0, 0, 0
  remuPEOut Routing D2(1)(5): 0, 0, 0, 0, 0, 0, 0, 0, 0
  remuPEOut Routing D2(1)(6): 0, 0, 0, 0, 0, 0, 0, 0, 0
  remuPEOut Routing D2(1)(7): 0, 0, 0, 0, 0, 0, 0, 0, 0
  remuPEOut Routing D2(1)(8): 0, 0, 0, 0, 0, 0, 0, 0, 0
  remuPEOut Routing D2(1)(9): 0, 0, 0, 0, 0, 0, 0, 0, 0
  remuPEOut Routing D2(1)(10): 0, 0, 0, 0, 0, 0, 0, 0, 0
  remuPEOut Routing D2(1)(11): 0, 0, 0, 0, 0, 0, 0, 0, 0
  remuPEOut Routing D2(1)(12): 0, 0, 0, 0, 0, 0, 0, 0, 0
  remuPEOut Routing D2(1)(13): 0, 0, 0, 0, 0, 0, 0, 0, 0
  remuPEOut Routing D2(1)(14): 0, 0, 0, 0, 0, 0, 0, 0, 0
  remuPEOut Routing D2(1)(15): 0, 0, 0, 0, 0, 0, 0, 0, 0
remuPEOut(2) Routing D2:
  remuPEOut Routing D2(2)(0): 0, 0, 0, 0, 0, 0, 0, 0, 0
  remuPEOut Routing D2(2)(1): 0, 0, 0, 0, 0, 0, 0, 1, 0
  remuPEOut Routing D2(2)(2): 0, 0, 0, 0, 0, 0, 0, 0, 0
  remuPEOut Routing D2(2)(3): 0, 0, 0, 0, 0, 0, 0, 0, 0
  remuPEOut Routing D2(2)(4): 0, 0, 0, 0, 0, 0, 0, 0, 0
  remuPEOut Routing D2(2)(5): 0, 0, 0, 0, 0, 0, 0, 0, 0
  remuPEOut Routing D2(2)(6): 0, 0, 0, 0, 0, 0, 0, 0, 0
  remuPEOut Routing D2(2)(7): 0, 0, 0, 0, 0, 0, 0, 0, 0
  remuPEOut Routing D2(2)(8): 0, 0, 0, 0, 0, 0, 0, 0, 0
  remuPEOut Routing D2(2)(9): 0, 0, 0, 0, 0, 0, 0, 0, 0
  remuPEOut Routing D2(2)(10): 0, 0, 0, 0, 0, 0, 0, 0, 0
  remuPEOut Routing D2(2)(11): 0, 0, 0, 0, 0, 0, 0, 0, 0
  remuPEOut Routing D2(2)(12): 0, 0, 0, 0, 0, 0, 0, 0, 0
  remuPEOut Routing D2(2)(13): 0, 0, 0, 0, 0, 0, 0, 0, 0
  remuPEOut Routing D2(2)(14): 0, 0, 0, 0, 0, 0, 0, 0, 0
  remuPEOut Routing D2(2)(15): 0, 0, 0, 0, 0, 0, 0, 0, 0
remuPEOut(3) Routing D2:
  remuPEOut Routing D2(3)(0): 0, 0, 0, 0, 0, 0, 0, 0, 0
  remuPEOut Routing D2(3)(1): 0, 0, 0, 0, 0, 0, 0, 0, 0
  remuPEOut Routing D2(3)(2): 0, 0, 0, 0, 0, 0, 0, 0, 0
  remuPEOut Routing D2(3)(3): 0, 0, 0, 0, 0, 0, 0, 0, 0
  remuPEOut Routing D2(3)(4): 0, 0, 0, 0, 0, 0, 0, 0, 0
  remuPEOut Routing D2(3)(5): 0, 0, 0, 0, 0, 0, 0, 0, 0
  remuPEOut Routing D2(3)(6): 0, 0, 0, 0, 0, 0, 0, 0, 0
  remuPEOut Routing D2(3)(7): 0, 0, 0, 0, 0, 0, 0, 0, 0
  remuPEOut Routing D2(3)(8): 0, 0, 0, 0, 0, 0, 0, 0, 0
  remuPEOut Routing D2(3)(9): 0, 0, 0, 0, 0, 0, 0, 0, 0
  remuPEOut Routing D2(3)(10): 0, 0, 0, 0, 0, 0, 0, 0, 0
  remuPEOut Routing D2(3)(11): 0, 0, 0, 0, 0, 0, 0, 0, 0
  remuPEOut Routing D2(3)(12): 0, 0, 0, 0, 0, 0, 0, 0, 0
  remuPEOut Routing D2(3)(13): 0, 0, 0, 0, 0, 0, 0, 0, 0
  remuPEOut Routing D2(3)(14): 0, 0, 0, 0, 0, 0, 0, 0, 0
  remuPEOut Routing D2(3)(15): 0, 0, 0, 0, 0, 0, 0, 0, 0
remuPEOut(4) Routing D2:
  remuPEOut Routing D2(4)(0): 0, 0, 0, 0, 0, 0, 0, 0, 0
  remuPEOut Routing D2(4)(1): 0, 0, 0, 0, 0, 0, 0, 0, 0
  remuPEOut Routing D2(4)(2): 0, 0, 0, 0, 0, 0, 0, 0, 1
  remuPEOut Routing D2(4)(3): 0, 0, 0, 0, 0, 0, 0, 0, 0
  remuPEOut Routing D2(4)(4): 0, 0, 0, 0, 0, 0, 0, 0, 0
  remuPEOut Routing D2(4)(5): 0, 0, 0, 0, 0, 0, 0, 0, 0
  remuPEOut Routing D2(4)(6): 0, 0, 0, 0, 0, 0, 0, 0, 0
  remuPEOut Routing D2(4)(7): 0, 0, 0, 0, 0, 0, 0, 0, 0
  remuPEOut Routing D2(4)(8): 0, 0, 0, 0, 0, 0, 0, 0, 0
  remuPEOut Routing D2(4)(9): 0, 0, 0, 0, 0, 0, 0, 0, 0
  remuPEOut Routing D2(4)(10): 0, 0, 0, 0, 0, 0, 0, 0, 0
  remuPEOut Routing D2(4)(11): 0, 0, 0, 0, 0, 0, 0, 0, 0
  remuPEOut Routing D2(4)(12): 0, 0, 0, 0, 0, 0, 0, 0, 0
  remuPEOut Routing D2(4)(13): 0, 0, 0, 0, 0, 0, 0, 0, 0
  remuPEOut Routing D2(4)(14): 0, 0, 0, 0, 0, 0, 0, 0, 0
  remuPEOut Routing D2(4)(15): 0, 0, 0, 0, 0, 0, 0, 0, 0
remuPEOut(5) Routing D2:
  remuPEOut Routing D2(5)(0): 0, 0, 0, 0, 0, 0, 0, 0, 0
  remuPEOut Routing D2(5)(1): 0, 1, 0, 0, 0, 0, 1, 0, 1
  remuPEOut Routing D2(5)(2): 0, 0, 0, 0, 0, 0, 0, 0, 0
  remuPEOut Routing D2(5)(3): 0, 0, 0, 0, 0, 0, 0, 0, 0
  remuPEOut Routing D2(5)(4): 0, 0, 0, 0, 0, 0, 0, 0, 0
  remuPEOut Routing D2(5)(5): 0, 0, 0, 0, 0, 0, 0, 0, 0
  remuPEOut Routing D2(5)(6): 0, 0, 0, 0, 0, 0, 0, 0, 0
  remuPEOut Routing D2(5)(7): 0, 0, 0, 0, 0, 0, 0, 0, 0
  remuPEOut Routing D2(5)(8): 0, 0, 0, 0, 0, 0, 0, 0, 0
  remuPEOut Routing D2(5)(9): 0, 0, 0, 0, 0, 0, 0, 0, 0
  remuPEOut Routing D2(5)(10): 0, 0, 0, 0, 0, 0, 0, 0, 0
  remuPEOut Routing D2(5)(11): 0, 0, 0, 0, 0, 0, 0, 0, 0
  remuPEOut Routing D2(5)(12): 0, 0, 0, 0, 0, 0, 0, 0, 0
  remuPEOut Routing D2(5)(13): 0, 0, 0, 0, 0, 0, 0, 0, 0
  remuPEOut Routing D2(5)(14): 0, 0, 0, 0, 0, 0, 0, 0, 0
  remuPEOut Routing D2(5)(15): 0, 0, 0, 0, 0, 0, 0, 0, 0
remuPEOut(6) Routing D2:
  remuPEOut Routing D2(6)(0): 0, 0, 0, 0, 0, 0, 0, 0, 0
  remuPEOut Routing D2(6)(1): 0, 0, 0, 0, 0, 0, 0, 0, 0
  remuPEOut Routing D2(6)(2): 0, 0, 0, 0, 0, 0, 0, 0, 0
  remuPEOut Routing D2(6)(3): 0, 0, 0, 0, 0, 0, 0, 0, 0
  remuPEOut Routing D2(6)(4): 0, 0, 0, 0, 0, 0, 0, 0, 0
  remuPEOut Routing D2(6)(5): 0, 0, 0, 0, 0, 0, 0, 0, 0
  remuPEOut Routing D2(6)(6): 0, 0, 0, 0, 0, 0, 0, 0, 0
  remuPEOut Routing D2(6)(7): 0, 0, 0, 0, 0, 0, 0, 0, 0
  remuPEOut Routing D2(6)(8): 0, 0, 0, 0, 0, 0, 0, 0, 0
  remuPEOut Routing D2(6)(9): 0, 0, 0, 0, 0, 0, 0, 0, 0
  remuPEOut Routing D2(6)(10): 0, 0, 0, 0, 0, 0, 0, 0, 0
  remuPEOut Routing D2(6)(11): 0, 0, 0, 0, 0, 0, 0, 0, 0
  remuPEOut Routing D2(6)(12): 0, 0, 0, 0, 0, 0, 0, 0, 0
  remuPEOut Routing D2(6)(13): 0, 0, 0, 0, 0, 0, 0, 0, 0
  remuPEOut Routing D2(6)(14): 0, 0, 0, 0, 0, 0, 0, 0, 0
  remuPEOut Routing D2(6)(15): 0, 0, 0, 0, 0, 0, 0, 0, 0
remuPEOut(7) Routing D2:
  remuPEOut Routing D2(7)(0): 0, 0, 0, 0, 0, 0, 0, 0, 0
  remuPEOut Routing D2(7)(1): 0, 0, 0, 0, 0, 0, 0, 0, 0
  remuPEOut Routing D2(7)(2): 0, 0, 0, 0, 0, 0, 0, 0, 0
  remuPEOut Routing D2(7)(3): 0, 0, 0, 0, 0, 0, 0, 0, 0
  remuPEOut Routing D2(7)(4): 0, 0, 0, 0, 0, 0, 0, 0, 0
  remuPEOut Routing D2(7)(5): 0, 0, 0, 0, 0, 0, 0, 0, 0
  remuPEOut Routing D2(7)(6): 0, 0, 0, 0, 0, 0, 0, 0, 0
  remuPEOut Routing D2(7)(7): 0, 0, 0, 0, 0, 0, 0, 0, 0
  remuPEOut Routing D2(7)(8): 0, 0, 0, 0, 0, 0, 0, 0, 0
  remuPEOut Routing D2(7)(9): 0, 0, 0, 0, 0, 0, 0, 0, 0
  remuPEOut Routing D2(7)(10): 0, 0, 0, 0, 0, 0, 0, 0, 0
  remuPEOut Routing D2(7)(11): 0, 0, 0, 0, 0, 0, 0, 0, 0
  remuPEOut Routing D2(7)(12): 0, 0, 0, 0, 0, 0, 0, 0, 0
  remuPEOut Routing D2(7)(13): 0, 0, 0, 0, 0, 0, 0, 0, 0
  remuPEOut Routing D2(7)(14): 0, 0, 0, 0, 0, 0, 0, 0, 0
  remuPEOut Routing D2(7)(15): 0, 0, 0, 0, 0, 0, 0, 0, 0
remuPEOut(8) Routing D2:
  remuPEOut Routing D2(8)(0): 0, 0, 0, 0, 0, 0, 0, 0, 0
  remuPEOut Routing D2(8)(1): 0, 0, 0, 0, 0, 0, 0, 0, 0
  remuPEOut Routing D2(8)(2): 0, 0, 0, 0, 0, 0, 0, 0, 0
  remuPEOut Routing D2(8)(3): 0, 0, 0, 0, 0, 0, 0, 0, 0
  remuPEOut Routing D2(8)(4): 0, 0, 0, 0, 0, 0, 0, 0, 0
  remuPEOut Routing D2(8)(5): 0, 0, 0, 0, 0, 0, 0, 0, 0
  remuPEOut Routing D2(8)(6): 0, 0, 0, 0, 0, 0, 0, 0, 0
  remuPEOut Routing D2(8)(7): 0, 0, 0, 0, 0, 0, 0, 0, 0
  remuPEOut Routing D2(8)(8): 0, 0, 0, 0, 0, 0, 0, 0, 0
  remuPEOut Routing D2(8)(9): 0, 0, 0, 0, 0, 0, 0, 0, 0
  remuPEOut Routing D2(8)(10): 0, 0, 0, 0, 0, 0, 0, 0, 0
  remuPEOut Routing D2(8)(11): 0, 0, 0, 0, 0, 0, 0, 0, 0
  remuPEOut Routing D2(8)(12): 0, 0, 0, 0, 0, 0, 0, 0, 0
  remuPEOut Routing D2(8)(13): 0, 0, 0, 0, 0, 0, 0, 0, 0
  remuPEOut Routing D2(8)(14): 0, 0, 0, 0, 0, 0, 0, 0, 0
  remuPEOut Routing D2(8)(15): 0, 0, 0, 0, 0, 0, 0, 0, 0
remuPEOut(9) Routing D2:
  remuPEOut Routing D2(9)(0): 0, 0, 0, 0, 0, 0, 0, 0, 0
  remuPEOut Routing D2(9)(1): 0, 0, 0, 0, 0, 0, 0, 0, 0
  remuPEOut Routing D2(9)(2): 0, 0, 0, 0, 0, 0, 0, 0, 0
  remuPEOut Routing D2(9)(3): 0, 0, 0, 0, 0, 0, 0, 0, 0
  remuPEOut Routing D2(9)(4): 0, 0, 0, 0, 0, 0, 0, 0, 0
  remuPEOut Routing D2(9)(5): 0, 0, 0, 0, 0, 0, 0, 0, 0
  remuPEOut Routing D2(9)(6): 0, 0, 0, 0, 0, 0, 0, 0, 0
  remuPEOut Routing D2(9)(7): 0, 0, 0, 0, 0, 0, 0, 0, 0
  remuPEOut Routing D2(9)(8): 0, 0, 0, 0, 0, 0, 0, 0, 0
  remuPEOut Routing D2(9)(9): 0, 0, 0, 0, 0, 0, 0, 0, 0
  remuPEOut Routing D2(9)(10): 0, 0, 0, 0, 0, 0, 0, 0, 0
  remuPEOut Routing D2(9)(11): 0, 0, 0, 0, 0, 0, 0, 0, 0
  remuPEOut Routing D2(9)(12): 0, 0, 0, 0, 0, 0, 0, 0, 0
  remuPEOut Routing D2(9)(13): 0, 0, 0, 0, 0, 0, 0, 0, 0
  remuPEOut Routing D2(9)(14): 0, 0, 0, 0, 0, 0, 0, 0, 0
  remuPEOut Routing D2(9)(15): 0, 0, 0, 0, 0, 0, 0, 0, 0
remuPEOut(10) Routing D2:
  remuPEOut Routing D2(10)(0): 0, 0, 0, 0, 0, 0, 0, 0, 0
  remuPEOut Routing D2(10)(1): 0, 0, 0, 0, 0, 0, 0, 0, 0
  remuPEOut Routing D2(10)(2): 0, 0, 0, 0, 0, 0, 0, 0, 0
  remuPEOut Routing D2(10)(3): 0, 0, 0, 0, 0, 0, 0, 0, 0
  remuPEOut Routing D2(10)(4): 0, 0, 0, 0, 0, 0, 0, 0, 0
  remuPEOut Routing D2(10)(5): 0, 0, 0, 0, 0, 0, 0, 0, 0
  remuPEOut Routing D2(10)(6): 0, 0, 0, 0, 0, 0, 0, 0, 0
  remuPEOut Routing D2(10)(7): 0, 0, 0, 0, 0, 0, 0, 0, 0
  remuPEOut Routing D2(10)(8): 0, 0, 0, 0, 0, 0, 0, 0, 0
  remuPEOut Routing D2(10)(9): 0, 0, 0, 0, 0, 0, 0, 0, 0
  remuPEOut Routing D2(10)(10): 0, 0, 0, 0, 0, 0, 0, 0, 0
  remuPEOut Routing D2(10)(11): 0, 0, 0, 0, 0, 0, 0, 0, 0
  remuPEOut Routing D2(10)(12): 0, 0, 0, 0, 0, 0, 0, 0, 0
  remuPEOut Routing D2(10)(13): 0, 0, 0, 0, 0, 0, 0, 0, 0
  remuPEOut Routing D2(10)(14): 0, 0, 0, 0, 0, 0, 0, 0, 0
  remuPEOut Routing D2(10)(15): 0, 0, 0, 0, 0, 0, 0, 0, 0
remuPEOut(11) Routing D2:
  remuPEOut Routing D2(11)(0): 0, 0, 0, 0, 0, 0, 0, 0, 0
  remuPEOut Routing D2(11)(1): 0, 0, 0, 0, 0, 0, 0, 0, 0
  remuPEOut Routing D2(11)(2): 0, 0, 0, 0, 0, 0, 0, 0, 0
  remuPEOut Routing D2(11)(3): 0, 0, 0, 0, 0, 0, 0, 0, 0
  remuPEOut Routing D2(11)(4): 0, 0, 0, 0, 0, 0, 0, 0, 0
  remuPEOut Routing D2(11)(5): 0, 0, 0, 0, 0, 0, 0, 0, 0
  remuPEOut Routing D2(11)(6): 0, 0, 0, 0, 0, 0, 0, 0, 0
  remuPEOut Routing D2(11)(7): 0, 0, 0, 0, 0, 0, 0, 0, 0
  remuPEOut Routing D2(11)(8): 0, 0, 0, 0, 0, 0, 0, 0, 0
  remuPEOut Routing D2(11)(9): 0, 0, 0, 0, 0, 0, 0, 0, 0
  remuPEOut Routing D2(11)(10): 0, 0, 0, 0, 0, 0, 0, 0, 0
  remuPEOut Routing D2(11)(11): 0, 0, 0, 0, 0, 0, 0, 0, 0
  remuPEOut Routing D2(11)(12): 0, 0, 0, 0, 0, 0, 0, 0, 0
  remuPEOut Routing D2(11)(13): 0, 0, 0, 0, 0, 0, 0, 0, 0
  remuPEOut Routing D2(11)(14): 0, 0, 0, 0, 0, 0, 0, 0, 0
  remuPEOut Routing D2(11)(15): 0, 0, 0, 0, 0, 0, 0, 0, 0
remuPEOut(12) Routing D2:
  remuPEOut Routing D2(12)(0): 0, 0, 0, 0, 0, 0, 0, 0, 0
  remuPEOut Routing D2(12)(1): 0, 0, 0, 0, 0, 0, 0, 0, 0
  remuPEOut Routing D2(12)(2): 0, 0, 0, 0, 0, 0, 0, 0, 0
  remuPEOut Routing D2(12)(3): 0, 0, 0, 0, 0, 0, 0, 0, 0
  remuPEOut Routing D2(12)(4): 0, 0, 0, 0, 0, 0, 0, 0, 0
  remuPEOut Routing D2(12)(5): 0, 0, 0, 0, 0, 0, 0, 0, 0
  remuPEOut Routing D2(12)(6): 0, 0, 0, 0, 0, 0, 0, 0, 0
  remuPEOut Routing D2(12)(7): 0, 0, 0, 0, 0, 0, 0, 0, 0
  remuPEOut Routing D2(12)(8): 0, 0, 0, 0, 0, 0, 0, 0, 0
  remuPEOut Routing D2(12)(9): 0, 0, 0, 0, 0, 0, 0, 0, 0
  remuPEOut Routing D2(12)(10): 0, 0, 0, 0, 0, 0, 0, 0, 0
  remuPEOut Routing D2(12)(11): 0, 0, 0, 0, 0, 0, 0, 0, 0
  remuPEOut Routing D2(12)(12): 0, 0, 0, 0, 0, 0, 0, 0, 0
  remuPEOut Routing D2(12)(13): 0, 0, 0, 0, 0, 0, 0, 0, 0
  remuPEOut Routing D2(12)(14): 0, 0, 0, 0, 0, 0, 0, 0, 0
  remuPEOut Routing D2(12)(15): 0, 0, 0, 0, 0, 0, 0, 0, 0
remuPEOut(13) Routing D2:
  remuPEOut Routing D2(13)(0): 0, 0, 0, 0, 0, 0, 0, 0, 0
  remuPEOut Routing D2(13)(1): 0, 0, 0, 0, 0, 0, 0, 0, 0
  remuPEOut Routing D2(13)(2): 0, 0, 0, 0, 0, 0, 0, 0, 0
  remuPEOut Routing D2(13)(3): 0, 0, 0, 0, 0, 0, 0, 0, 0
  remuPEOut Routing D2(13)(4): 0, 0, 0, 0, 0, 0, 0, 0, 0
  remuPEOut Routing D2(13)(5): 0, 0, 0, 0, 0, 0, 0, 0, 0
  remuPEOut Routing D2(13)(6): 0, 0, 0, 0, 0, 0, 0, 0, 0
  remuPEOut Routing D2(13)(7): 0, 0, 0, 0, 0, 0, 0, 0, 0
  remuPEOut Routing D2(13)(8): 0, 0, 0, 0, 0, 0, 0, 0, 0
  remuPEOut Routing D2(13)(9): 0, 0, 0, 0, 0, 0, 0, 0, 0
  remuPEOut Routing D2(13)(10): 0, 0, 0, 0, 0, 0, 0, 0, 0
  remuPEOut Routing D2(13)(11): 0, 0, 0, 0, 0, 0, 0, 0, 0
  remuPEOut Routing D2(13)(12): 0, 0, 0, 0, 0, 0, 0, 0, 0
  remuPEOut Routing D2(13)(13): 0, 0, 0, 0, 0, 0, 0, 0, 0
  remuPEOut Routing D2(13)(14): 0, 0, 0, 0, 0, 0, 0, 0, 0
  remuPEOut Routing D2(13)(15): 0, 0, 0, 0, 0, 0, 0, 0, 0
remuPEOut(14) Routing D2:
  remuPEOut Routing D2(14)(0): 0, 0, 0, 0, 0, 0, 0, 0, 0
  remuPEOut Routing D2(14)(1): 0, 0, 0, 0, 0, 0, 0, 0, 0
  remuPEOut Routing D2(14)(2): 0, 0, 0, 0, 0, 0, 0, 0, 0
  remuPEOut Routing D2(14)(3): 0, 0, 0, 0, 0, 0, 0, 0, 0
  remuPEOut Routing D2(14)(4): 0, 0, 0, 0, 0, 0, 0, 0, 0
  remuPEOut Routing D2(14)(5): 0, 0, 0, 0, 0, 0, 0, 0, 0
  remuPEOut Routing D2(14)(6): 0, 0, 0, 0, 0, 0, 0, 0, 0
  remuPEOut Routing D2(14)(7): 0, 0, 0, 0, 0, 0, 0, 0, 0
  remuPEOut Routing D2(14)(8): 0, 0, 0, 0, 0, 0, 0, 0, 0
  remuPEOut Routing D2(14)(9): 0, 0, 0, 0, 0, 0, 0, 0, 0
  remuPEOut Routing D2(14)(10): 0, 0, 0, 0, 0, 0, 0, 0, 0
  remuPEOut Routing D2(14)(11): 0, 0, 0, 0, 0, 0, 0, 0, 0
  remuPEOut Routing D2(14)(12): 0, 0, 0, 0, 0, 0, 0, 0, 0
  remuPEOut Routing D2(14)(13): 0, 0, 0, 0, 0, 0, 0, 0, 0
  remuPEOut Routing D2(14)(14): 0, 0, 0, 0, 0, 0, 0, 0, 0
  remuPEOut Routing D2(14)(15): 0, 0, 0, 0, 0, 0, 0, 0, 0
remuPEOut(15) Routing D2:
  remuPEOut Routing D2(15)(0): 0, 0, 0, 0, 1, 0, 0, 1, 0
  remuPEOut Routing D2(15)(1): 0, 0, 0, 0, 0, 0, 0, 0, 0
  remuPEOut Routing D2(15)(2): 0, 0, 0, 0, 0, 0, 0, 0, 0
  remuPEOut Routing D2(15)(3): 0, 0, 0, 0, 0, 0, 0, 0, 0
  remuPEOut Routing D2(15)(4): 0, 0, 0, 0, 0, 0, 0, 0, 0
  remuPEOut Routing D2(15)(5): 0, 0, 0, 0, 0, 0, 0, 0, 0
  remuPEOut Routing D2(15)(6): 0, 0, 0, 0, 0, 0, 0, 0, 0
  remuPEOut Routing D2(15)(7): 0, 0, 0, 0, 0, 0, 0, 0, 0
  remuPEOut Routing D2(15)(8): 0, 0, 0, 0, 0, 0, 0, 0, 0
  remuPEOut Routing D2(15)(9): 0, 0, 0, 0, 0, 0, 0, 0, 0
  remuPEOut Routing D2(15)(10): 0, 0, 0, 0, 0, 0, 0, 0, 0
  remuPEOut Routing D2(15)(11): 0, 0, 0, 0, 0, 0, 0, 0, 0
  remuPEOut Routing D2(15)(12): 0, 0, 0, 0, 0, 0, 0, 0, 0
  remuPEOut Routing D2(15)(13): 0, 0, 0, 0, 0, 0, 0, 0, 0
  remuPEOut Routing D2(15)(14): 0, 0, 0, 0, 0, 0, 0, 0, 0
  remuPEOut Routing D2(15)(15): 0, 0, 0, 0, 0, 0, 0, 0, 0
remuPEOut(16) Routing D2:
  remuPEOut Routing D2(16)(0): 0, 0, 0, 0, 0, 0, 0, 0, 0
  remuPEOut Routing D2(16)(1): 0, 0, 0, 0, 0, 0, 0, 0, 0
  remuPEOut Routing D2(16)(2): 0, 0, 0, 0, 0, 0, 0, 0, 0
  remuPEOut Routing D2(16)(3): 0, 0, 0, 0, 0, 0, 0, 0, 0
  remuPEOut Routing D2(16)(4): 0, 0, 0, 0, 0, 0, 0, 0, 0
  remuPEOut Routing D2(16)(5): 0, 0, 0, 0, 0, 0, 0, 0, 0
  remuPEOut Routing D2(16)(6): 0, 0, 0, 0, 0, 0, 0, 0, 0
  remuPEOut Routing D2(16)(7): 0, 0, 0, 0, 0, 0, 0, 0, 0
  remuPEOut Routing D2(16)(8): 0, 0, 0, 0, 0, 0, 0, 0, 0
  remuPEOut Routing D2(16)(9): 0, 0, 0, 0, 0, 0, 0, 0, 0
  remuPEOut Routing D2(16)(10): 0, 0, 0, 0, 0, 0, 0, 0, 0
  remuPEOut Routing D2(16)(11): 0, 0, 0, 0, 0, 0, 0, 0, 0
  remuPEOut Routing D2(16)(12): 0, 0, 0, 0, 0, 0, 0, 0, 0
  remuPEOut Routing D2(16)(13): 0, 0, 0, 0, 0, 0, 0, 0, 0
  remuPEOut Routing D2(16)(14): 0, 0, 0, 0, 0, 0, 0, 0, 0
  remuPEOut Routing D2(16)(15): 0, 0, 0, 0, 0, 0, 0, 0, 0
remuPEOut(17) Routing D2:
  remuPEOut Routing D2(17)(0): 0, 0, 0, 0, 0, 0, 0, 0, 0
  remuPEOut Routing D2(17)(1): 0, 0, 0, 0, 0, 0, 0, 0, 0
  remuPEOut Routing D2(17)(2): 0, 0, 0, 0, 0, 0, 0, 0, 0
  remuPEOut Routing D2(17)(3): 0, 0, 0, 0, 0, 0, 0, 0, 0
  remuPEOut Routing D2(17)(4): 0, 0, 0, 0, 0, 0, 0, 0, 0
  remuPEOut Routing D2(17)(5): 0, 0, 0, 0, 0, 0, 0, 0, 0
  remuPEOut Routing D2(17)(6): 0, 0, 0, 0, 0, 0, 0, 0, 0
  remuPEOut Routing D2(17)(7): 0, 0, 0, 0, 0, 0, 0, 0, 0
  remuPEOut Routing D2(17)(8): 0, 0, 0, 0, 0, 0, 0, 0, 0
  remuPEOut Routing D2(17)(9): 0, 0, 0, 0, 0, 0, 0, 0, 0
  remuPEOut Routing D2(17)(10): 0, 0, 0, 0, 0, 0, 0, 0, 0
  remuPEOut Routing D2(17)(11): 0, 0, 0, 0, 0, 0, 0, 0, 0
  remuPEOut Routing D2(17)(12): 0, 0, 0, 0, 0, 0, 0, 0, 0
  remuPEOut Routing D2(17)(13): 0, 0, 0, 0, 0, 0, 0, 0, 0
  remuPEOut Routing D2(17)(14): 0, 0, 0, 0, 0, 0, 0, 0, 0
  remuPEOut Routing D2(17)(15): 0, 0, 0, 0, 0, 0, 0, 0, 0
remuPEOut(18) Routing D2:
  remuPEOut Routing D2(18)(0): 0, 0, 0, 0, 0, 0, 0, 0, 0
  remuPEOut Routing D2(18)(1): 0, 0, 0, 0, 0, 0, 0, 0, 0
  remuPEOut Routing D2(18)(2): 0, 0, 0, 0, 0, 0, 0, 0, 0
  remuPEOut Routing D2(18)(3): 0, 0, 0, 0, 0, 0, 0, 0, 0
  remuPEOut Routing D2(18)(4): 0, 0, 0, 0, 0, 0, 0, 0, 0
  remuPEOut Routing D2(18)(5): 0, 0, 0, 0, 0, 0, 0, 0, 0
  remuPEOut Routing D2(18)(6): 0, 0, 0, 0, 0, 0, 0, 0, 0
  remuPEOut Routing D2(18)(7): 0, 0, 0, 0, 0, 0, 0, 0, 0
  remuPEOut Routing D2(18)(8): 0, 0, 0, 0, 0, 0, 0, 0, 0
  remuPEOut Routing D2(18)(9): 0, 0, 0, 0, 0, 0, 0, 0, 0
  remuPEOut Routing D2(18)(10): 0, 0, 0, 0, 0, 0, 0, 0, 0
  remuPEOut Routing D2(18)(11): 0, 0, 0, 0, 0, 0, 0, 0, 0
  remuPEOut Routing D2(18)(12): 0, 0, 0, 0, 0, 0, 0, 0, 0
  remuPEOut Routing D2(18)(13): 0, 0, 0, 0, 0, 0, 0, 0, 0
  remuPEOut Routing D2(18)(14): 0, 0, 0, 0, 0, 0, 0, 0, 0
  remuPEOut Routing D2(18)(15): 0, 0, 0, 0, 0, 0, 0, 0, 0
remuPEOut(19) Routing D2:
  remuPEOut Routing D2(19)(0): 0, 0, 0, 0, 0, 0, 0, 0, 0
  remuPEOut Routing D2(19)(1): 0, 0, 0, 0, 0, 0, 0, 0, 0
  remuPEOut Routing D2(19)(2): 0, 0, 0, 0, 0, 0, 1, 0, 0
  remuPEOut Routing D2(19)(3): 0, 0, 0, 0, 0, 0, 0, 0, 0
  remuPEOut Routing D2(19)(4): 0, 0, 0, 0, 0, 0, 0, 0, 0
  remuPEOut Routing D2(19)(5): 0, 0, 0, 0, 0, 0, 0, 0, 0
  remuPEOut Routing D2(19)(6): 0, 0, 0, 0, 0, 0, 0, 0, 0
  remuPEOut Routing D2(19)(7): 0, 0, 0, 0, 0, 0, 0, 0, 0
  remuPEOut Routing D2(19)(8): 0, 0, 0, 0, 0, 0, 0, 0, 0
  remuPEOut Routing D2(19)(9): 0, 0, 0, 0, 0, 0, 0, 0, 0
  remuPEOut Routing D2(19)(10): 0, 0, 0, 0, 0, 0, 0, 0, 0
  remuPEOut Routing D2(19)(11): 0, 0, 0, 0, 0, 0, 0, 0, 0
  remuPEOut Routing D2(19)(12): 0, 0, 0, 0, 0, 0, 0, 0, 0
  remuPEOut Routing D2(19)(13): 0, 0, 0, 0, 0, 0, 0, 0, 0
  remuPEOut Routing D2(19)(14): 0, 0, 0, 0, 0, 0, 0, 0, 0
  remuPEOut Routing D2(19)(15): 0, 0, 0, 0, 0, 0, 0, 0, 0
remuPEOut(20) Routing D2:
  remuPEOut Routing D2(20)(0): 0, 0, 0, 0, 0, 0, 0, 0, 0
  remuPEOut Routing D2(20)(1): 0, 0, 0, 0, 0, 0, 0, 0, 0
  remuPEOut Routing D2(20)(2): 0, 0, 0, 0, 0, 0, 0, 0, 0
  remuPEOut Routing D2(20)(3): 0, 0, 0, 0, 0, 0, 0, 0, 0
  remuPEOut Routing D2(20)(4): 0, 0, 0, 0, 0, 0, 0, 0, 0
  remuPEOut Routing D2(20)(5): 0, 0, 0, 0, 0, 0, 0, 0, 0
  remuPEOut Routing D2(20)(6): 0, 0, 0, 0, 0, 0, 0, 0, 0
  remuPEOut Routing D2(20)(7): 0, 0, 0, 0, 0, 0, 0, 0, 0
  remuPEOut Routing D2(20)(8): 0, 0, 0, 0, 0, 0, 0, 0, 0
  remuPEOut Routing D2(20)(9): 0, 0, 0, 0, 0, 0, 0, 0, 0
  remuPEOut Routing D2(20)(10): 0, 0, 0, 0, 0, 0, 0, 0, 0
  remuPEOut Routing D2(20)(11): 0, 0, 0, 0, 0, 0, 0, 0, 0
  remuPEOut Routing D2(20)(12): 0, 0, 0, 0, 0, 0, 0, 0, 0
  remuPEOut Routing D2(20)(13): 0, 0, 0, 0, 0, 0, 0, 0, 0
  remuPEOut Routing D2(20)(14): 0, 0, 0, 0, 0, 0, 0, 0, 0
  remuPEOut Routing D2(20)(15): 0, 0, 0, 0, 0, 0, 0, 0, 0
remuPEOut(21) Routing D2:
  remuPEOut Routing D2(21)(0): 0, 0, 0, 0, 0, 0, 0, 0, 0
  remuPEOut Routing D2(21)(1): 0, 0, 0, 0, 0, 0, 0, 0, 0
  remuPEOut Routing D2(21)(2): 0, 0, 0, 0, 0, 0, 0, 0, 0
  remuPEOut Routing D2(21)(3): 0, 0, 0, 0, 0, 0, 0, 0, 0
  remuPEOut Routing D2(21)(4): 0, 0, 0, 0, 0, 0, 0, 0, 0
  remuPEOut Routing D2(21)(5): 0, 0, 0, 0, 0, 0, 0, 0, 0
  remuPEOut Routing D2(21)(6): 0, 0, 0, 0, 0, 0, 0, 0, 0
  remuPEOut Routing D2(21)(7): 0, 0, 0, 0, 0, 0, 0, 0, 0
  remuPEOut Routing D2(21)(8): 0, 0, 0, 0, 0, 0, 0, 0, 0
  remuPEOut Routing D2(21)(9): 0, 0, 0, 0, 0, 0, 0, 0, 0
  remuPEOut Routing D2(21)(10): 0, 0, 0, 0, 0, 0, 0, 0, 0
  remuPEOut Routing D2(21)(11): 0, 0, 0, 0, 0, 0, 0, 0, 0
  remuPEOut Routing D2(21)(12): 0, 0, 0, 0, 0, 0, 0, 0, 0
  remuPEOut Routing D2(21)(13): 0, 0, 0, 0, 0, 0, 0, 0, 0
  remuPEOut Routing D2(21)(14): 0, 0, 0, 0, 0, 0, 0, 0, 0
  remuPEOut Routing D2(21)(15): 0, 0, 0, 0, 0, 0, 0, 0, 0
remuPEOut(22) Routing D2:
  remuPEOut Routing D2(22)(0): 0, 0, 0, 0, 0, 0, 0, 0, 0
  remuPEOut Routing D2(22)(1): 0, 0, 0, 0, 0, 0, 0, 0, 0
  remuPEOut Routing D2(22)(2): 1, 0, 0, 0, 0, 0, 0, 1, 1
  remuPEOut Routing D2(22)(3): 0, 0, 0, 0, 0, 0, 0, 0, 0
  remuPEOut Routing D2(22)(4): 0, 0, 0, 0, 0, 0, 0, 0, 0
  remuPEOut Routing D2(22)(5): 0, 0, 0, 0, 0, 0, 0, 0, 0
  remuPEOut Routing D2(22)(6): 0, 0, 0, 0, 0, 0, 0, 0, 0
  remuPEOut Routing D2(22)(7): 0, 0, 0, 0, 0, 0, 0, 0, 0
  remuPEOut Routing D2(22)(8): 0, 0, 0, 0, 0, 0, 0, 0, 0
  remuPEOut Routing D2(22)(9): 0, 0, 0, 0, 0, 0, 0, 0, 0
  remuPEOut Routing D2(22)(10): 0, 0, 0, 0, 0, 0, 0, 0, 0
  remuPEOut Routing D2(22)(11): 0, 0, 0, 0, 0, 0, 0, 0, 0
  remuPEOut Routing D2(22)(12): 0, 0, 0, 0, 0, 0, 0, 0, 0
  remuPEOut Routing D2(22)(13): 0, 0, 0, 0, 0, 0, 0, 0, 0
  remuPEOut Routing D2(22)(14): 0, 0, 0, 0, 0, 0, 0, 0, 0
  remuPEOut Routing D2(22)(15): 0, 0, 0, 0, 0, 0, 0, 0, 0
remuPEOut(23) Routing D2:
  remuPEOut Routing D2(23)(0): 0, 0, 0, 0, 0, 0, 0, 0, 0
  remuPEOut Routing D2(23)(1): 0, 0, 0, 0, 0, 0, 0, 0, 0
  remuPEOut Routing D2(23)(2): 0, 0, 0, 0, 0, 0, 0, 0, 0
  remuPEOut Routing D2(23)(3): 0, 0, 0, 0, 0, 0, 0, 0, 0
  remuPEOut Routing D2(23)(4): 0, 0, 0, 0, 0, 0, 0, 0, 0
  remuPEOut Routing D2(23)(5): 0, 0, 0, 0, 0, 0, 0, 0, 0
  remuPEOut Routing D2(23)(6): 0, 0, 0, 0, 0, 0, 0, 0, 0
  remuPEOut Routing D2(23)(7): 0, 0, 0, 0, 0, 0, 0, 0, 0
  remuPEOut Routing D2(23)(8): 0, 0, 0, 0, 0, 0, 0, 0, 0
  remuPEOut Routing D2(23)(9): 0, 0, 0, 0, 0, 0, 0, 0, 0
  remuPEOut Routing D2(23)(10): 0, 0, 0, 0, 0, 0, 0, 0, 0
  remuPEOut Routing D2(23)(11): 0, 0, 0, 0, 0, 0, 0, 0, 0
  remuPEOut Routing D2(23)(12): 0, 0, 0, 0, 0, 0, 0, 0, 0
  remuPEOut Routing D2(23)(13): 0, 0, 0, 0, 0, 0, 0, 0, 0
  remuPEOut Routing D2(23)(14): 0, 0, 0, 0, 0, 0, 0, 0, 0
  remuPEOut Routing D2(23)(15): 0, 0, 0, 0, 0, 0, 0, 0, 0
remuPEOut(24) Routing D2:
  remuPEOut Routing D2(24)(0): 0, 0, 0, 0, 0, 0, 0, 0, 0
  remuPEOut Routing D2(24)(1): 0, 0, 0, 0, 0, 0, 0, 0, 0
  remuPEOut Routing D2(24)(2): 0, 0, 0, 0, 0, 0, 0, 0, 0
  remuPEOut Routing D2(24)(3): 0, 0, 0, 0, 0, 0, 0, 0, 0
  remuPEOut Routing D2(24)(4): 0, 0, 0, 0, 0, 0, 0, 0, 0
  remuPEOut Routing D2(24)(5): 0, 0, 0, 0, 0, 0, 0, 0, 0
  remuPEOut Routing D2(24)(6): 0, 0, 0, 0, 0, 0, 0, 0, 0
  remuPEOut Routing D2(24)(7): 0, 0, 0, 0, 0, 0, 0, 0, 0
  remuPEOut Routing D2(24)(8): 0, 0, 0, 0, 0, 0, 0, 0, 0
  remuPEOut Routing D2(24)(9): 0, 0, 0, 0, 0, 0, 0, 0, 0
  remuPEOut Routing D2(24)(10): 0, 0, 0, 0, 0, 0, 0, 0, 0
  remuPEOut Routing D2(24)(11): 0, 0, 0, 0, 0, 0, 0, 0, 0
  remuPEOut Routing D2(24)(12): 0, 0, 0, 0, 0, 0, 0, 0, 0
  remuPEOut Routing D2(24)(13): 0, 0, 0, 0, 0, 0, 0, 0, 0
  remuPEOut Routing D2(24)(14): 0, 0, 0, 0, 0, 0, 0, 0, 0
  remuPEOut Routing D2(24)(15): 0, 0, 0, 0, 0, 0, 0, 0, 0
remuPEOut(25) Routing D2:
  remuPEOut Routing D2(25)(0): 0, 0, 0, 0, 0, 0, 0, 0, 0
  remuPEOut Routing D2(25)(1): 0, 0, 0, 0, 0, 0, 0, 0, 0
  remuPEOut Routing D2(25)(2): 0, 0, 0, 0, 0, 0, 0, 0, 0
  remuPEOut Routing D2(25)(3): 0, 0, 0, 0, 0, 0, 0, 0, 0
  remuPEOut Routing D2(25)(4): 0, 0, 0, 0, 0, 0, 0, 0, 0
  remuPEOut Routing D2(25)(5): 0, 0, 0, 0, 0, 0, 0, 0, 0
  remuPEOut Routing D2(25)(6): 0, 0, 0, 0, 0, 0, 0, 0, 0
  remuPEOut Routing D2(25)(7): 0, 0, 0, 0, 0, 0, 0, 0, 0
  remuPEOut Routing D2(25)(8): 0, 0, 0, 0, 0, 0, 0, 0, 0
  remuPEOut Routing D2(25)(9): 0, 0, 0, 0, 0, 0, 0, 0, 0
  remuPEOut Routing D2(25)(10): 0, 0, 0, 0, 0, 0, 0, 0, 0
  remuPEOut Routing D2(25)(11): 0, 0, 0, 0, 0, 0, 0, 0, 0
  remuPEOut Routing D2(25)(12): 0, 0, 0, 0, 0, 0, 0, 0, 0
  remuPEOut Routing D2(25)(13): 0, 0, 0, 0, 0, 0, 0, 0, 0
  remuPEOut Routing D2(25)(14): 0, 0, 0, 0, 0, 0, 0, 0, 0
  remuPEOut Routing D2(25)(15): 0, 0, 0, 0, 0, 0, 0, 0, 0
remuPEOut(26) Routing D2:
  remuPEOut Routing D2(26)(0): 0, 1, 1, 0, 0, 0, 0, 0, 1
  remuPEOut Routing D2(26)(1): 0, 0, 0, 0, 0, 0, 0, 0, 0
  remuPEOut Routing D2(26)(2): 0, 0, 0, 0, 0, 0, 0, 0, 0
  remuPEOut Routing D2(26)(3): 0, 0, 0, 0, 0, 0, 0, 0, 0
  remuPEOut Routing D2(26)(4): 0, 0, 0, 0, 0, 0, 0, 0, 0
  remuPEOut Routing D2(26)(5): 0, 0, 0, 0, 0, 0, 0, 0, 0
  remuPEOut Routing D2(26)(6): 0, 0, 0, 0, 0, 0, 0, 0, 0
  remuPEOut Routing D2(26)(7): 0, 0, 0, 0, 0, 0, 0, 0, 0
  remuPEOut Routing D2(26)(8): 0, 0, 0, 0, 0, 0, 0, 0, 0
  remuPEOut Routing D2(26)(9): 0, 0, 0, 0, 0, 0, 0, 0, 0
  remuPEOut Routing D2(26)(10): 0, 0, 0, 0, 0, 0, 0, 0, 0
  remuPEOut Routing D2(26)(11): 0, 0, 0, 0, 0, 0, 0, 0, 0
  remuPEOut Routing D2(26)(12): 0, 0, 0, 0, 0, 0, 0, 0, 0
  remuPEOut Routing D2(26)(13): 0, 0, 0, 0, 0, 0, 0, 0, 0
  remuPEOut Routing D2(26)(14): 0, 0, 0, 0, 0, 0, 0, 0, 0
  remuPEOut Routing D2(26)(15): 0, 0, 0, 0, 0, 0, 0, 0, 0
remuPEOut(27) Routing D2:
  remuPEOut Routing D2(27)(0): 0, 1, 1, 0, 0, 0, 0, 0, 0
  remuPEOut Routing D2(27)(1): 0, 0, 0, 0, 0, 0, 0, 0, 0
  remuPEOut Routing D2(27)(2): 0, 0, 0, 0, 0, 0, 0, 0, 0
  remuPEOut Routing D2(27)(3): 0, 0, 0, 0, 0, 0, 0, 0, 0
  remuPEOut Routing D2(27)(4): 0, 0, 0, 0, 0, 0, 0, 0, 0
  remuPEOut Routing D2(27)(5): 0, 0, 0, 0, 0, 0, 0, 0, 0
  remuPEOut Routing D2(27)(6): 0, 0, 0, 0, 1, 0, 0, 0, 1
  remuPEOut Routing D2(27)(7): 0, 0, 0, 0, 0, 0, 0, 0, 0
  remuPEOut Routing D2(27)(8): 0, 0, 0, 0, 0, 0, 0, 0, 0
  remuPEOut Routing D2(27)(9): 0, 0, 0, 0, 0, 0, 0, 0, 0
  remuPEOut Routing D2(27)(10): 0, 0, 0, 0, 0, 0, 0, 0, 0
  remuPEOut Routing D2(27)(11): 0, 0, 0, 0, 0, 0, 0, 0, 0
  remuPEOut Routing D2(27)(12): 0, 0, 0, 0, 0, 0, 0, 0, 0
  remuPEOut Routing D2(27)(13): 0, 0, 0, 0, 0, 0, 0, 0, 0
  remuPEOut Routing D2(27)(14): 0, 0, 0, 0, 0, 0, 0, 0, 0
  remuPEOut Routing D2(27)(15): 0, 0, 0, 0, 0, 0, 0, 0, 0
remuPEOut(28) Routing D2:
  remuPEOut Routing D2(28)(0): 0, 0, 0, 0, 0, 0, 0, 0, 0
  remuPEOut Routing D2(28)(1): 0, 0, 0, 0, 0, 0, 0, 0, 0
  remuPEOut Routing D2(28)(2): 0, 0, 0, 0, 0, 0, 0, 0, 0
  remuPEOut Routing D2(28)(3): 0, 0, 0, 0, 0, 0, 0, 0, 0
  remuPEOut Routing D2(28)(4): 0, 0, 0, 0, 0, 0, 0, 0, 0
  remuPEOut Routing D2(28)(5): 0, 0, 0, 0, 0, 0, 0, 0, 0
  remuPEOut Routing D2(28)(6): 0, 0, 0, 0, 0, 0, 0, 0, 0
  remuPEOut Routing D2(28)(7): 0, 0, 0, 0, 0, 0, 0, 0, 0
  remuPEOut Routing D2(28)(8): 0, 0, 0, 0, 0, 0, 0, 0, 0
  remuPEOut Routing D2(28)(9): 0, 0, 0, 0, 0, 0, 0, 0, 0
  remuPEOut Routing D2(28)(10): 0, 0, 0, 0, 0, 0, 0, 0, 0
  remuPEOut Routing D2(28)(11): 0, 0, 0, 0, 0, 0, 0, 0, 0
  remuPEOut Routing D2(28)(12): 0, 0, 0, 0, 0, 0, 0, 0, 0
  remuPEOut Routing D2(28)(13): 0, 0, 0, 0, 0, 0, 0, 0, 0
  remuPEOut Routing D2(28)(14): 0, 0, 0, 0, 0, 0, 0, 0, 0
  remuPEOut Routing D2(28)(15): 0, 0, 0, 0, 0, 0, 0, 0, 0
remuPEOut(29) Routing D2:
  remuPEOut Routing D2(29)(0): 0, 0, 0, 0, 0, 0, 0, 0, 0
  remuPEOut Routing D2(29)(1): 0, 0, 0, 0, 0, 0, 0, 0, 0
  remuPEOut Routing D2(29)(2): 0, 0, 0, 0, 0, 0, 0, 0, 0
  remuPEOut Routing D2(29)(3): 0, 0, 0, 0, 0, 0, 0, 0, 0
  remuPEOut Routing D2(29)(4): 0, 0, 0, 0, 0, 0, 0, 0, 0
  remuPEOut Routing D2(29)(5): 0, 0, 0, 0, 0, 0, 0, 0, 0
  remuPEOut Routing D2(29)(6): 0, 0, 0, 0, 0, 0, 0, 0, 0
  remuPEOut Routing D2(29)(7): 0, 0, 0, 0, 0, 0, 0, 0, 0
  remuPEOut Routing D2(29)(8): 0, 0, 0, 0, 0, 0, 0, 0, 0
  remuPEOut Routing D2(29)(9): 0, 0, 0, 0, 0, 0, 0, 0, 0
  remuPEOut Routing D2(29)(10): 0, 0, 0, 0, 0, 0, 0, 0, 0
  remuPEOut Routing D2(29)(11): 0, 0, 0, 0, 0, 0, 0, 0, 0
  remuPEOut Routing D2(29)(12): 0, 0, 0, 0, 0, 0, 0, 0, 0
  remuPEOut Routing D2(29)(13): 0, 0, 0, 0, 0, 0, 0, 0, 0
  remuPEOut Routing D2(29)(14): 0, 0, 0, 0, 0, 0, 0, 0, 0
  remuPEOut Routing D2(29)(15): 0, 0, 0, 0, 0, 0, 0, 0, 0
remuPEOut(30) Routing D2:
  remuPEOut Routing D2(30)(0): 0, 0, 0, 0, 0, 0, 0, 0, 0
  remuPEOut Routing D2(30)(1): 0, 0, 0, 0, 0, 0, 0, 0, 0
  remuPEOut Routing D2(30)(2): 0, 0, 0, 0, 0, 0, 0, 0, 0
  remuPEOut Routing D2(30)(3): 0, 0, 0, 0, 0, 0, 0, 0, 0
  remuPEOut Routing D2(30)(4): 0, 0, 0, 0, 0, 0, 0, 0, 0
  remuPEOut Routing D2(30)(5): 0, 0, 0, 0, 0, 0, 0, 0, 0
  remuPEOut Routing D2(30)(6): 0, 0, 0, 0, 0, 0, 0, 0, 0
  remuPEOut Routing D2(30)(7): 0, 0, 0, 0, 0, 0, 0, 0, 0
  remuPEOut Routing D2(30)(8): 0, 0, 0, 0, 0, 0, 0, 0, 0
  remuPEOut Routing D2(30)(9): 0, 0, 0, 0, 0, 0, 0, 0, 0
  remuPEOut Routing D2(30)(10): 0, 0, 0, 0, 0, 0, 0, 0, 0
  remuPEOut Routing D2(30)(11): 0, 0, 0, 0, 0, 0, 0, 0, 0
  remuPEOut Routing D2(30)(12): 0, 0, 0, 0, 0, 0, 0, 0, 0
  remuPEOut Routing D2(30)(13): 0, 0, 0, 0, 0, 0, 0, 0, 0
  remuPEOut Routing D2(30)(14): 0, 0, 0, 0, 0, 0, 0, 0, 0
  remuPEOut Routing D2(30)(15): 0, 0, 0, 0, 0, 0, 0, 0, 0
remuPEOut(31) Routing D2:
  remuPEOut Routing D2(31)(0): 0, 0, 0, 0, 0, 0, 0, 0, 0
  remuPEOut Routing D2(31)(1): 0, 0, 0, 0, 0, 0, 0, 0, 0
  remuPEOut Routing D2(31)(2): 0, 0, 0, 0, 0, 0, 0, 0, 0
  remuPEOut Routing D2(31)(3): 0, 0, 0, 0, 0, 0, 0, 0, 0
  remuPEOut Routing D2(31)(4): 0, 0, 0, 0, 0, 0, 0, 0, 0
  remuPEOut Routing D2(31)(5): 0, 0, 0, 0, 0, 0, 0, 0, 0
  remuPEOut Routing D2(31)(6): 0, 0, 0, 0, 0, 0, 0, 0, 0
  remuPEOut Routing D2(31)(7): 0, 0, 0, 0, 0, 0, 0, 0, 0
  remuPEOut Routing D2(31)(8): 0, 0, 0, 0, 0, 0, 0, 0, 0
  remuPEOut Routing D2(31)(9): 0, 0, 0, 0, 0, 0, 0, 0, 0
  remuPEOut Routing D2(31)(10): 0, 0, 0, 0, 0, 0, 0, 0, 0
  remuPEOut Routing D2(31)(11): 0, 0, 0, 0, 0, 0, 0, 0, 0
  remuPEOut Routing D2(31)(12): 0, 0, 0, 0, 0, 0, 0, 0, 0
  remuPEOut Routing D2(31)(13): 0, 0, 0, 0, 0, 0, 0, 0, 0
  remuPEOut Routing D2(31)(14): 0, 0, 0, 0, 0, 0, 0, 0, 0
  remuPEOut Routing D2(31)(15): 0, 0, 0, 0, 0, 0, 0, 0, 0
remuPEOut(32) Routing D2:
  remuPEOut Routing D2(32)(0): 0, 0, 0, 0, 0, 0, 0, 0, 0
  remuPEOut Routing D2(32)(1): 0, 0, 0, 0, 0, 0, 0, 0, 0
  remuPEOut Routing D2(32)(2): 0, 0, 1, 0, 1, 1, 1, 0, 0
  remuPEOut Routing D2(32)(3): 0, 0, 0, 0, 0, 0, 0, 0, 0
  remuPEOut Routing D2(32)(4): 0, 0, 0, 0, 0, 0, 0, 0, 0
  remuPEOut Routing D2(32)(5): 0, 0, 0, 0, 0, 0, 0, 0, 0
  remuPEOut Routing D2(32)(6): 0, 0, 0, 0, 0, 0, 0, 0, 0
  remuPEOut Routing D2(32)(7): 0, 0, 0, 0, 0, 0, 0, 0, 0
  remuPEOut Routing D2(32)(8): 0, 0, 0, 0, 0, 0, 0, 0, 0
  remuPEOut Routing D2(32)(9): 0, 0, 0, 0, 0, 0, 0, 0, 0
  remuPEOut Routing D2(32)(10): 0, 0, 0, 0, 0, 0, 0, 0, 0
  remuPEOut Routing D2(32)(11): 0, 0, 0, 0, 0, 0, 0, 0, 0
  remuPEOut Routing D2(32)(12): 0, 0, 0, 0, 0, 0, 0, 0, 0
  remuPEOut Routing D2(32)(13): 0, 0, 0, 0, 0, 0, 0, 0, 0
  remuPEOut Routing D2(32)(14): 0, 0, 0, 0, 0, 0, 0, 0, 0
  remuPEOut Routing D2(32)(15): 0, 0, 0, 0, 0, 0, 0, 0, 0
remuPEOut(33) Routing D2:
  remuPEOut Routing D2(33)(0): 0, 0, 0, 0, 0, 0, 0, 0, 0
  remuPEOut Routing D2(33)(1): 0, 0, 0, 0, 0, 0, 0, 0, 0
  remuPEOut Routing D2(33)(2): 0, 0, 0, 0, 0, 0, 0, 0, 0
  remuPEOut Routing D2(33)(3): 0, 0, 0, 0, 0, 0, 0, 0, 0
  remuPEOut Routing D2(33)(4): 0, 0, 0, 0, 0, 0, 0, 0, 0
  remuPEOut Routing D2(33)(5): 0, 0, 0, 0, 0, 0, 0, 0, 0
  remuPEOut Routing D2(33)(6): 0, 0, 0, 0, 0, 0, 0, 0, 0
  remuPEOut Routing D2(33)(7): 0, 0, 0, 0, 0, 0, 0, 0, 0
  remuPEOut Routing D2(33)(8): 0, 0, 0, 0, 0, 0, 0, 0, 0
  remuPEOut Routing D2(33)(9): 0, 0, 0, 0, 0, 0, 0, 0, 0
  remuPEOut Routing D2(33)(10): 0, 0, 0, 0, 0, 0, 0, 0, 0
  remuPEOut Routing D2(33)(11): 0, 0, 0, 0, 0, 0, 0, 0, 0
  remuPEOut Routing D2(33)(12): 0, 0, 0, 0, 0, 0, 0, 0, 0
  remuPEOut Routing D2(33)(13): 0, 0, 0, 0, 0, 0, 0, 0, 0
  remuPEOut Routing D2(33)(14): 0, 0, 0, 0, 0, 0, 0, 0, 0
  remuPEOut Routing D2(33)(15): 0, 0, 0, 0, 0, 0, 0, 0, 0
remuPEOut(34) Routing D2:
  remuPEOut Routing D2(34)(0): 0, 1, 0, 1, 0, 0, 1, 0, 0
  remuPEOut Routing D2(34)(1): 0, 0, 0, 0, 0, 0, 0, 0, 0
  remuPEOut Routing D2(34)(2): 0, 0, 0, 0, 0, 0, 0, 0, 0
  remuPEOut Routing D2(34)(3): 0, 0, 0, 0, 0, 0, 0, 0, 0
  remuPEOut Routing D2(34)(4): 0, 0, 0, 0, 0, 0, 0, 0, 0
  remuPEOut Routing D2(34)(5): 0, 0, 0, 0, 0, 0, 0, 0, 0
  remuPEOut Routing D2(34)(6): 0, 0, 0, 1, 1, 0, 1, 0, 0
  remuPEOut Routing D2(34)(7): 1, 0, 0, 0, 0, 0, 1, 1, 0
  remuPEOut Routing D2(34)(8): 0, 0, 0, 0, 0, 0, 0, 0, 0
  remuPEOut Routing D2(34)(9): 0, 0, 0, 0, 0, 0, 0, 0, 0
  remuPEOut Routing D2(34)(10): 0, 0, 0, 0, 0, 0, 0, 0, 0
  remuPEOut Routing D2(34)(11): 0, 0, 0, 0, 0, 0, 0, 0, 0
  remuPEOut Routing D2(34)(12): 0, 0, 0, 0, 0, 0, 0, 0, 0
  remuPEOut Routing D2(34)(13): 0, 0, 0, 0, 0, 0, 0, 0, 0
  remuPEOut Routing D2(34)(14): 0, 0, 0, 0, 0, 0, 0, 0, 0
  remuPEOut Routing D2(34)(15): 0, 0, 0, 0, 0, 0, 0, 0, 0
remuPEOut(35) Routing D2:
  remuPEOut Routing D2(35)(0): 0, 0, 0, 0, 0, 0, 0, 0, 0
  remuPEOut Routing D2(35)(1): 0, 0, 0, 0, 0, 0, 0, 0, 0
  remuPEOut Routing D2(35)(2): 0, 0, 0, 0, 0, 0, 0, 0, 0
  remuPEOut Routing D2(35)(3): 0, 0, 1, 0, 0, 0, 0, 1, 0
  remuPEOut Routing D2(35)(4): 0, 0, 0, 0, 0, 0, 0, 0, 0
  remuPEOut Routing D2(35)(5): 0, 0, 0, 0, 0, 0, 0, 0, 0
  remuPEOut Routing D2(35)(6): 0, 0, 0, 0, 0, 0, 0, 0, 0
  remuPEOut Routing D2(35)(7): 0, 0, 0, 0, 0, 0, 0, 0, 0
  remuPEOut Routing D2(35)(8): 0, 0, 0, 0, 0, 0, 0, 0, 0
  remuPEOut Routing D2(35)(9): 0, 0, 0, 0, 0, 0, 0, 0, 0
  remuPEOut Routing D2(35)(10): 0, 0, 0, 0, 0, 0, 0, 0, 0
  remuPEOut Routing D2(35)(11): 0, 0, 0, 0, 0, 0, 0, 0, 0
  remuPEOut Routing D2(35)(12): 0, 0, 0, 0, 0, 0, 0, 0, 0
  remuPEOut Routing D2(35)(13): 0, 0, 0, 0, 0, 0, 0, 0, 0
  remuPEOut Routing D2(35)(14): 0, 0, 0, 0, 0, 0, 0, 0, 0
  remuPEOut Routing D2(35)(15): 0, 0, 0, 0, 0, 0, 0, 0, 0

remuPEOut Routing D3:
remuPEOut(0) Routing D3:
  remuPEOut Routing D3(0)(0): 0, 0, 0, 0, 0, 0, 0, 0, 0
  remuPEOut Routing D3(0)(1): 0, 0, 0, 0, 0, 0, 0, 0, 0
  remuPEOut Routing D3(0)(2): 0, 0, 0, 0, 0, 0, 0, 0, 0
  remuPEOut Routing D3(0)(3): 0, 0, 0, 0, 0, 0, 0, 0, 0
  remuPEOut Routing D3(0)(4): 0, 0, 0, 0, 0, 0, 0, 0, 0
  remuPEOut Routing D3(0)(5): 0, 0, 0, 0, 0, 0, 0, 0, 0
  remuPEOut Routing D3(0)(6): 0, 0, 0, 0, 0, 0, 0, 0, 0
  remuPEOut Routing D3(0)(7): 0, 0, 0, 0, 0, 0, 0, 0, 0
  remuPEOut Routing D3(0)(8): 0, 0, 0, 0, 0, 0, 0, 0, 0
  remuPEOut Routing D3(0)(9): 0, 0, 0, 0, 0, 0, 0, 0, 0
  remuPEOut Routing D3(0)(10): 0, 0, 0, 0, 0, 0, 0, 0, 0
  remuPEOut Routing D3(0)(11): 0, 0, 0, 0, 0, 0, 0, 0, 0
  remuPEOut Routing D3(0)(12): 0, 0, 0, 0, 0, 0, 0, 0, 0
  remuPEOut Routing D3(0)(13): 0, 0, 0, 0, 0, 0, 0, 0, 0
  remuPEOut Routing D3(0)(14): 0, 0, 0, 0, 0, 0, 0, 0, 0
  remuPEOut Routing D3(0)(15): 0, 0, 0, 0, 0, 0, 0, 0, 0
remuPEOut(1) Routing D3:
  remuPEOut Routing D3(1)(0): 0, 0, 0, 0, 0, 0, 0, 0, 0
  remuPEOut Routing D3(1)(1): 0, 0, 0, 0, 0, 0, 0, 0, 0
  remuPEOut Routing D3(1)(2): 0, 0, 0, 0, 0, 0, 0, 0, 0
  remuPEOut Routing D3(1)(3): 0, 0, 0, 0, 0, 0, 0, 0, 0
  remuPEOut Routing D3(1)(4): 0, 0, 0, 0, 0, 0, 0, 0, 0
  remuPEOut Routing D3(1)(5): 0, 0, 0, 0, 0, 0, 0, 0, 0
  remuPEOut Routing D3(1)(6): 0, 0, 0, 0, 0, 0, 0, 0, 0
  remuPEOut Routing D3(1)(7): 0, 0, 0, 0, 0, 0, 0, 0, 0
  remuPEOut Routing D3(1)(8): 0, 0, 0, 0, 0, 0, 0, 0, 0
  remuPEOut Routing D3(1)(9): 0, 0, 0, 0, 0, 0, 0, 0, 0
  remuPEOut Routing D3(1)(10): 0, 0, 0, 0, 0, 0, 0, 0, 0
  remuPEOut Routing D3(1)(11): 0, 0, 0, 0, 0, 0, 0, 0, 0
  remuPEOut Routing D3(1)(12): 0, 0, 0, 0, 0, 0, 0, 0, 0
  remuPEOut Routing D3(1)(13): 0, 0, 0, 0, 0, 0, 0, 0, 0
  remuPEOut Routing D3(1)(14): 0, 0, 0, 0, 0, 0, 0, 0, 0
  remuPEOut Routing D3(1)(15): 0, 0, 0, 0, 0, 0, 0, 0, 0
remuPEOut(2) Routing D3:
  remuPEOut Routing D3(2)(0): 0, 0, 0, 0, 0, 0, 0, 0, 0
  remuPEOut Routing D3(2)(1): 0, 0, 0, 0, 0, 0, 0, 0, 0
  remuPEOut Routing D3(2)(2): 0, 0, 0, 0, 0, 0, 0, 0, 0
  remuPEOut Routing D3(2)(3): 0, 0, 0, 0, 0, 0, 0, 0, 0
  remuPEOut Routing D3(2)(4): 0, 0, 0, 0, 0, 0, 0, 0, 0
  remuPEOut Routing D3(2)(5): 0, 0, 0, 0, 0, 0, 0, 0, 0
  remuPEOut Routing D3(2)(6): 0, 0, 0, 0, 0, 0, 0, 0, 0
  remuPEOut Routing D3(2)(7): 0, 0, 0, 0, 0, 0, 0, 0, 0
  remuPEOut Routing D3(2)(8): 0, 0, 0, 0, 0, 0, 0, 0, 0
  remuPEOut Routing D3(2)(9): 0, 0, 0, 0, 0, 0, 0, 0, 0
  remuPEOut Routing D3(2)(10): 0, 0, 0, 0, 0, 0, 0, 0, 0
  remuPEOut Routing D3(2)(11): 0, 0, 0, 0, 0, 0, 0, 0, 0
  remuPEOut Routing D3(2)(12): 0, 0, 0, 0, 0, 0, 0, 0, 0
  remuPEOut Routing D3(2)(13): 0, 0, 0, 0, 0, 0, 0, 0, 0
  remuPEOut Routing D3(2)(14): 0, 0, 0, 0, 0, 0, 0, 0, 0
  remuPEOut Routing D3(2)(15): 0, 0, 0, 0, 0, 0, 0, 0, 0
remuPEOut(3) Routing D3:
  remuPEOut Routing D3(3)(0): 0, 0, 0, 0, 0, 0, 0, 0, 0
  remuPEOut Routing D3(3)(1): 0, 0, 0, 0, 0, 0, 0, 0, 0
  remuPEOut Routing D3(3)(2): 0, 0, 0, 0, 0, 0, 0, 0, 0
  remuPEOut Routing D3(3)(3): 0, 0, 0, 0, 0, 0, 0, 0, 0
  remuPEOut Routing D3(3)(4): 0, 0, 0, 0, 0, 0, 0, 0, 0
  remuPEOut Routing D3(3)(5): 0, 0, 0, 0, 0, 0, 0, 0, 0
  remuPEOut Routing D3(3)(6): 0, 0, 0, 0, 0, 0, 0, 0, 0
  remuPEOut Routing D3(3)(7): 0, 0, 0, 0, 0, 0, 0, 0, 0
  remuPEOut Routing D3(3)(8): 0, 0, 0, 0, 0, 0, 0, 0, 0
  remuPEOut Routing D3(3)(9): 0, 0, 0, 0, 0, 0, 0, 0, 0
  remuPEOut Routing D3(3)(10): 0, 0, 0, 0, 0, 0, 0, 0, 0
  remuPEOut Routing D3(3)(11): 0, 0, 0, 0, 0, 0, 0, 0, 0
  remuPEOut Routing D3(3)(12): 0, 0, 0, 0, 0, 0, 0, 0, 0
  remuPEOut Routing D3(3)(13): 0, 0, 0, 0, 0, 0, 0, 0, 0
  remuPEOut Routing D3(3)(14): 0, 0, 0, 0, 0, 0, 0, 0, 0
  remuPEOut Routing D3(3)(15): 0, 0, 0, 0, 0, 0, 0, 0, 0
remuPEOut(4) Routing D3:
  remuPEOut Routing D3(4)(0): 0, 0, 0, 0, 0, 0, 0, 0, 0
  remuPEOut Routing D3(4)(1): 0, 0, 0, 0, 0, 0, 0, 0, 0
  remuPEOut Routing D3(4)(2): 0, 0, 0, 0, 0, 0, 0, 0, 0
  remuPEOut Routing D3(4)(3): 0, 0, 0, 0, 0, 0, 0, 0, 0
  remuPEOut Routing D3(4)(4): 0, 0, 0, 0, 0, 0, 0, 0, 0
  remuPEOut Routing D3(4)(5): 0, 0, 0, 0, 0, 0, 0, 0, 0
  remuPEOut Routing D3(4)(6): 0, 0, 0, 0, 0, 0, 0, 0, 0
  remuPEOut Routing D3(4)(7): 0, 0, 0, 0, 0, 0, 0, 0, 0
  remuPEOut Routing D3(4)(8): 0, 0, 0, 0, 0, 0, 0, 0, 0
  remuPEOut Routing D3(4)(9): 0, 0, 0, 0, 0, 0, 0, 0, 0
  remuPEOut Routing D3(4)(10): 0, 0, 0, 0, 0, 0, 0, 0, 0
  remuPEOut Routing D3(4)(11): 0, 0, 0, 0, 0, 0, 0, 0, 0
  remuPEOut Routing D3(4)(12): 0, 0, 0, 0, 0, 0, 0, 0, 0
  remuPEOut Routing D3(4)(13): 0, 0, 0, 0, 0, 0, 0, 0, 0
  remuPEOut Routing D3(4)(14): 0, 0, 0, 0, 0, 0, 0, 0, 0
  remuPEOut Routing D3(4)(15): 0, 0, 0, 0, 0, 0, 0, 0, 0
remuPEOut(5) Routing D3:
  remuPEOut Routing D3(5)(0): 0, 0, 0, 0, 0, 0, 0, 0, 0
  remuPEOut Routing D3(5)(1): 0, 0, 0, 0, 0, 0, 0, 0, 0
  remuPEOut Routing D3(5)(2): 0, 0, 0, 0, 0, 0, 0, 0, 0
  remuPEOut Routing D3(5)(3): 0, 0, 0, 0, 0, 0, 0, 0, 0
  remuPEOut Routing D3(5)(4): 0, 0, 0, 0, 0, 0, 0, 0, 0
  remuPEOut Routing D3(5)(5): 0, 0, 0, 0, 0, 0, 0, 0, 0
  remuPEOut Routing D3(5)(6): 0, 0, 0, 0, 0, 0, 0, 0, 0
  remuPEOut Routing D3(5)(7): 0, 0, 0, 0, 0, 0, 0, 0, 0
  remuPEOut Routing D3(5)(8): 0, 0, 0, 0, 0, 0, 0, 0, 0
  remuPEOut Routing D3(5)(9): 0, 0, 0, 0, 0, 0, 0, 0, 0
  remuPEOut Routing D3(5)(10): 0, 0, 0, 0, 0, 0, 0, 0, 0
  remuPEOut Routing D3(5)(11): 0, 0, 0, 0, 0, 0, 0, 0, 0
  remuPEOut Routing D3(5)(12): 0, 0, 0, 0, 0, 0, 0, 0, 0
  remuPEOut Routing D3(5)(13): 0, 0, 0, 0, 0, 0, 0, 0, 0
  remuPEOut Routing D3(5)(14): 0, 0, 0, 0, 0, 0, 0, 0, 0
  remuPEOut Routing D3(5)(15): 0, 0, 0, 0, 0, 0, 0, 0, 0
remuPEOut(6) Routing D3:
  remuPEOut Routing D3(6)(0): 0, 0, 0, 0, 0, 0, 0, 0, 0
  remuPEOut Routing D3(6)(1): 0, 0, 0, 0, 0, 0, 0, 0, 0
  remuPEOut Routing D3(6)(2): 0, 0, 0, 0, 0, 0, 0, 0, 0
  remuPEOut Routing D3(6)(3): 0, 0, 0, 0, 0, 0, 0, 0, 0
  remuPEOut Routing D3(6)(4): 0, 0, 0, 0, 0, 0, 0, 0, 0
  remuPEOut Routing D3(6)(5): 0, 0, 0, 0, 0, 0, 0, 0, 0
  remuPEOut Routing D3(6)(6): 0, 0, 0, 0, 0, 0, 0, 0, 0
  remuPEOut Routing D3(6)(7): 0, 0, 0, 0, 0, 0, 0, 0, 0
  remuPEOut Routing D3(6)(8): 0, 0, 0, 0, 0, 0, 0, 0, 0
  remuPEOut Routing D3(6)(9): 0, 0, 0, 0, 0, 0, 0, 0, 0
  remuPEOut Routing D3(6)(10): 0, 0, 0, 0, 0, 0, 0, 0, 0
  remuPEOut Routing D3(6)(11): 0, 0, 0, 0, 0, 0, 0, 0, 0
  remuPEOut Routing D3(6)(12): 0, 0, 0, 0, 0, 0, 0, 0, 0
  remuPEOut Routing D3(6)(13): 0, 0, 0, 0, 0, 0, 0, 0, 0
  remuPEOut Routing D3(6)(14): 0, 0, 0, 0, 0, 0, 0, 0, 0
  remuPEOut Routing D3(6)(15): 0, 0, 0, 0, 0, 0, 0, 0, 0
remuPEOut(7) Routing D3:
  remuPEOut Routing D3(7)(0): 0, 0, 0, 0, 0, 0, 0, 0, 0
  remuPEOut Routing D3(7)(1): 0, 0, 0, 0, 0, 0, 0, 0, 0
  remuPEOut Routing D3(7)(2): 0, 0, 0, 0, 0, 0, 0, 0, 0
  remuPEOut Routing D3(7)(3): 0, 0, 0, 0, 0, 0, 0, 0, 0
  remuPEOut Routing D3(7)(4): 0, 0, 0, 0, 0, 0, 0, 0, 0
  remuPEOut Routing D3(7)(5): 0, 0, 0, 0, 0, 0, 0, 0, 0
  remuPEOut Routing D3(7)(6): 0, 0, 0, 0, 0, 0, 0, 0, 0
  remuPEOut Routing D3(7)(7): 0, 0, 0, 0, 0, 0, 0, 0, 0
  remuPEOut Routing D3(7)(8): 0, 0, 0, 0, 0, 0, 0, 0, 0
  remuPEOut Routing D3(7)(9): 0, 0, 0, 0, 0, 0, 0, 0, 0
  remuPEOut Routing D3(7)(10): 0, 0, 0, 0, 0, 0, 0, 0, 0
  remuPEOut Routing D3(7)(11): 0, 0, 0, 0, 0, 0, 0, 0, 0
  remuPEOut Routing D3(7)(12): 0, 0, 0, 0, 0, 0, 0, 0, 0
  remuPEOut Routing D3(7)(13): 0, 0, 0, 0, 0, 0, 0, 0, 0
  remuPEOut Routing D3(7)(14): 0, 0, 0, 0, 0, 0, 0, 0, 0
  remuPEOut Routing D3(7)(15): 0, 0, 0, 0, 0, 0, 0, 0, 0
remuPEOut(8) Routing D3:
  remuPEOut Routing D3(8)(0): 0, 0, 0, 0, 0, 0, 0, 0, 0
  remuPEOut Routing D3(8)(1): 0, 0, 0, 0, 0, 0, 0, 0, 0
  remuPEOut Routing D3(8)(2): 0, 0, 0, 0, 0, 0, 0, 0, 0
  remuPEOut Routing D3(8)(3): 0, 0, 0, 0, 0, 0, 0, 0, 0
  remuPEOut Routing D3(8)(4): 0, 0, 0, 0, 0, 0, 0, 0, 0
  remuPEOut Routing D3(8)(5): 0, 0, 0, 0, 0, 0, 0, 0, 0
  remuPEOut Routing D3(8)(6): 0, 0, 0, 0, 0, 0, 0, 0, 0
  remuPEOut Routing D3(8)(7): 0, 0, 0, 0, 0, 0, 0, 0, 0
  remuPEOut Routing D3(8)(8): 0, 0, 0, 0, 0, 0, 0, 0, 0
  remuPEOut Routing D3(8)(9): 0, 0, 0, 0, 0, 0, 0, 0, 0
  remuPEOut Routing D3(8)(10): 0, 0, 0, 0, 0, 0, 0, 0, 0
  remuPEOut Routing D3(8)(11): 0, 0, 0, 0, 0, 0, 0, 0, 0
  remuPEOut Routing D3(8)(12): 0, 0, 0, 0, 0, 0, 0, 0, 0
  remuPEOut Routing D3(8)(13): 0, 0, 0, 0, 0, 0, 0, 0, 0
  remuPEOut Routing D3(8)(14): 0, 0, 0, 0, 0, 0, 0, 0, 0
  remuPEOut Routing D3(8)(15): 0, 0, 0, 0, 0, 0, 0, 0, 0
remuPEOut(9) Routing D3:
  remuPEOut Routing D3(9)(0): 0, 0, 0, 0, 0, 0, 0, 0, 0
  remuPEOut Routing D3(9)(1): 0, 0, 0, 0, 0, 0, 0, 0, 0
  remuPEOut Routing D3(9)(2): 0, 0, 0, 0, 0, 0, 0, 0, 0
  remuPEOut Routing D3(9)(3): 0, 0, 0, 0, 0, 0, 0, 0, 0
  remuPEOut Routing D3(9)(4): 0, 0, 0, 0, 0, 0, 0, 0, 0
  remuPEOut Routing D3(9)(5): 0, 0, 0, 0, 0, 0, 0, 0, 0
  remuPEOut Routing D3(9)(6): 0, 0, 0, 0, 0, 0, 0, 0, 0
  remuPEOut Routing D3(9)(7): 0, 0, 0, 0, 0, 0, 0, 0, 0
  remuPEOut Routing D3(9)(8): 0, 0, 0, 0, 0, 0, 0, 0, 0
  remuPEOut Routing D3(9)(9): 0, 0, 0, 0, 0, 0, 0, 0, 0
  remuPEOut Routing D3(9)(10): 0, 0, 0, 0, 0, 0, 0, 0, 0
  remuPEOut Routing D3(9)(11): 0, 0, 0, 0, 0, 0, 0, 0, 0
  remuPEOut Routing D3(9)(12): 0, 0, 0, 0, 0, 0, 0, 0, 0
  remuPEOut Routing D3(9)(13): 0, 0, 0, 0, 0, 0, 0, 0, 0
  remuPEOut Routing D3(9)(14): 0, 0, 0, 0, 0, 0, 0, 0, 0
  remuPEOut Routing D3(9)(15): 0, 0, 0, 0, 0, 0, 0, 0, 0
remuPEOut(10) Routing D3:
  remuPEOut Routing D3(10)(0): 0, 0, 0, 0, 0, 0, 0, 0, 0
  remuPEOut Routing D3(10)(1): 0, 0, 0, 0, 0, 0, 0, 0, 0
  remuPEOut Routing D3(10)(2): 0, 0, 0, 0, 0, 0, 0, 0, 0
  remuPEOut Routing D3(10)(3): 0, 0, 0, 0, 0, 0, 0, 0, 0
  remuPEOut Routing D3(10)(4): 0, 0, 0, 0, 0, 0, 0, 0, 0
  remuPEOut Routing D3(10)(5): 0, 0, 0, 0, 0, 0, 0, 0, 0
  remuPEOut Routing D3(10)(6): 0, 0, 0, 0, 0, 0, 0, 0, 0
  remuPEOut Routing D3(10)(7): 0, 0, 0, 0, 0, 0, 0, 0, 0
  remuPEOut Routing D3(10)(8): 0, 0, 0, 0, 0, 0, 0, 0, 0
  remuPEOut Routing D3(10)(9): 0, 0, 0, 0, 0, 0, 0, 0, 0
  remuPEOut Routing D3(10)(10): 0, 0, 0, 0, 0, 0, 0, 0, 0
  remuPEOut Routing D3(10)(11): 0, 0, 0, 0, 0, 0, 0, 0, 0
  remuPEOut Routing D3(10)(12): 0, 0, 0, 0, 0, 0, 0, 0, 0
  remuPEOut Routing D3(10)(13): 0, 0, 0, 0, 0, 0, 0, 0, 0
  remuPEOut Routing D3(10)(14): 0, 0, 0, 0, 0, 0, 0, 0, 0
  remuPEOut Routing D3(10)(15): 0, 0, 0, 0, 0, 0, 0, 0, 0
remuPEOut(11) Routing D3:
  remuPEOut Routing D3(11)(0): 0, 0, 0, 0, 0, 0, 0, 0, 0
  remuPEOut Routing D3(11)(1): 0, 0, 0, 0, 0, 0, 0, 0, 0
  remuPEOut Routing D3(11)(2): 0, 0, 0, 0, 0, 0, 0, 0, 0
  remuPEOut Routing D3(11)(3): 0, 0, 0, 0, 0, 0, 0, 0, 0
  remuPEOut Routing D3(11)(4): 0, 0, 0, 0, 0, 0, 0, 0, 0
  remuPEOut Routing D3(11)(5): 0, 0, 0, 0, 0, 0, 0, 0, 0
  remuPEOut Routing D3(11)(6): 0, 0, 0, 0, 0, 0, 0, 0, 0
  remuPEOut Routing D3(11)(7): 0, 0, 0, 0, 0, 0, 0, 0, 0
  remuPEOut Routing D3(11)(8): 0, 0, 0, 0, 0, 0, 0, 0, 0
  remuPEOut Routing D3(11)(9): 0, 0, 0, 0, 0, 0, 0, 0, 0
  remuPEOut Routing D3(11)(10): 0, 0, 0, 0, 0, 0, 0, 0, 0
  remuPEOut Routing D3(11)(11): 0, 0, 0, 0, 0, 0, 0, 0, 0
  remuPEOut Routing D3(11)(12): 0, 0, 0, 0, 0, 0, 0, 0, 0
  remuPEOut Routing D3(11)(13): 0, 0, 0, 0, 0, 0, 0, 0, 0
  remuPEOut Routing D3(11)(14): 0, 0, 0, 0, 0, 0, 0, 0, 0
  remuPEOut Routing D3(11)(15): 0, 0, 0, 0, 0, 0, 0, 0, 0
remuPEOut(12) Routing D3:
  remuPEOut Routing D3(12)(0): 0, 0, 0, 0, 0, 0, 0, 0, 0
  remuPEOut Routing D3(12)(1): 0, 0, 0, 0, 0, 0, 0, 0, 0
  remuPEOut Routing D3(12)(2): 0, 0, 0, 0, 0, 0, 0, 0, 0
  remuPEOut Routing D3(12)(3): 0, 0, 0, 0, 0, 0, 0, 0, 0
  remuPEOut Routing D3(12)(4): 0, 0, 0, 0, 0, 0, 0, 0, 0
  remuPEOut Routing D3(12)(5): 0, 0, 0, 0, 0, 0, 0, 0, 0
  remuPEOut Routing D3(12)(6): 0, 0, 0, 0, 0, 0, 0, 0, 0
  remuPEOut Routing D3(12)(7): 0, 0, 0, 0, 0, 0, 0, 0, 0
  remuPEOut Routing D3(12)(8): 0, 0, 0, 0, 0, 0, 0, 0, 0
  remuPEOut Routing D3(12)(9): 0, 0, 0, 0, 0, 0, 0, 0, 0
  remuPEOut Routing D3(12)(10): 0, 0, 0, 0, 0, 0, 0, 0, 0
  remuPEOut Routing D3(12)(11): 0, 0, 0, 0, 0, 0, 0, 0, 0
  remuPEOut Routing D3(12)(12): 0, 0, 0, 0, 0, 0, 0, 0, 0
  remuPEOut Routing D3(12)(13): 0, 0, 0, 0, 0, 0, 0, 0, 0
  remuPEOut Routing D3(12)(14): 0, 0, 0, 0, 0, 0, 0, 0, 0
  remuPEOut Routing D3(12)(15): 0, 0, 0, 0, 0, 0, 0, 0, 0
remuPEOut(13) Routing D3:
  remuPEOut Routing D3(13)(0): 0, 0, 0, 0, 0, 0, 0, 0, 0
  remuPEOut Routing D3(13)(1): 0, 0, 0, 0, 0, 0, 0, 0, 0
  remuPEOut Routing D3(13)(2): 0, 0, 0, 0, 0, 0, 0, 0, 0
  remuPEOut Routing D3(13)(3): 0, 0, 0, 0, 0, 0, 0, 0, 0
  remuPEOut Routing D3(13)(4): 0, 0, 0, 0, 0, 0, 0, 0, 0
  remuPEOut Routing D3(13)(5): 0, 0, 0, 0, 0, 0, 0, 0, 0
  remuPEOut Routing D3(13)(6): 0, 0, 0, 0, 0, 0, 0, 0, 0
  remuPEOut Routing D3(13)(7): 0, 0, 0, 0, 0, 0, 0, 0, 0
  remuPEOut Routing D3(13)(8): 0, 0, 0, 0, 0, 0, 0, 0, 0
  remuPEOut Routing D3(13)(9): 0, 0, 0, 0, 0, 0, 0, 0, 0
  remuPEOut Routing D3(13)(10): 0, 0, 0, 0, 0, 0, 0, 0, 0
  remuPEOut Routing D3(13)(11): 0, 0, 0, 0, 0, 0, 0, 0, 0
  remuPEOut Routing D3(13)(12): 0, 0, 0, 0, 0, 0, 0, 0, 0
  remuPEOut Routing D3(13)(13): 0, 0, 0, 0, 0, 0, 0, 0, 0
  remuPEOut Routing D3(13)(14): 0, 0, 0, 0, 0, 0, 0, 0, 0
  remuPEOut Routing D3(13)(15): 0, 0, 0, 0, 0, 0, 0, 0, 0
remuPEOut(14) Routing D3:
  remuPEOut Routing D3(14)(0): 0, 0, 0, 0, 0, 0, 0, 0, 0
  remuPEOut Routing D3(14)(1): 0, 0, 0, 0, 0, 0, 0, 0, 0
  remuPEOut Routing D3(14)(2): 0, 0, 0, 0, 0, 0, 0, 0, 0
  remuPEOut Routing D3(14)(3): 0, 0, 0, 0, 0, 0, 0, 0, 0
  remuPEOut Routing D3(14)(4): 0, 0, 0, 0, 0, 0, 0, 0, 0
  remuPEOut Routing D3(14)(5): 0, 0, 0, 0, 0, 0, 0, 0, 0
  remuPEOut Routing D3(14)(6): 0, 0, 0, 0, 0, 0, 0, 0, 0
  remuPEOut Routing D3(14)(7): 0, 0, 0, 0, 0, 0, 0, 0, 0
  remuPEOut Routing D3(14)(8): 0, 0, 0, 0, 0, 0, 0, 0, 0
  remuPEOut Routing D3(14)(9): 0, 0, 0, 0, 0, 0, 0, 0, 0
  remuPEOut Routing D3(14)(10): 0, 0, 0, 0, 0, 0, 0, 0, 0
  remuPEOut Routing D3(14)(11): 0, 0, 0, 0, 0, 0, 0, 0, 0
  remuPEOut Routing D3(14)(12): 0, 0, 0, 0, 0, 0, 0, 0, 0
  remuPEOut Routing D3(14)(13): 0, 0, 0, 0, 0, 0, 0, 0, 0
  remuPEOut Routing D3(14)(14): 0, 0, 0, 0, 0, 0, 0, 0, 0
  remuPEOut Routing D3(14)(15): 0, 0, 0, 0, 0, 0, 0, 0, 0
remuPEOut(15) Routing D3:
  remuPEOut Routing D3(15)(0): 0, 0, 0, 0, 0, 0, 0, 0, 0
  remuPEOut Routing D3(15)(1): 0, 0, 0, 0, 0, 0, 0, 0, 0
  remuPEOut Routing D3(15)(2): 0, 0, 0, 0, 0, 0, 0, 0, 0
  remuPEOut Routing D3(15)(3): 0, 0, 0, 0, 0, 0, 0, 0, 0
  remuPEOut Routing D3(15)(4): 0, 0, 0, 0, 0, 0, 0, 0, 0
  remuPEOut Routing D3(15)(5): 0, 0, 0, 0, 0, 0, 0, 0, 0
  remuPEOut Routing D3(15)(6): 0, 0, 0, 0, 0, 0, 0, 0, 0
  remuPEOut Routing D3(15)(7): 0, 0, 0, 0, 0, 0, 0, 0, 0
  remuPEOut Routing D3(15)(8): 0, 0, 0, 0, 0, 0, 0, 0, 0
  remuPEOut Routing D3(15)(9): 0, 0, 0, 0, 0, 0, 0, 0, 0
  remuPEOut Routing D3(15)(10): 0, 0, 0, 0, 0, 0, 0, 0, 0
  remuPEOut Routing D3(15)(11): 0, 0, 0, 0, 0, 0, 0, 0, 0
  remuPEOut Routing D3(15)(12): 0, 0, 0, 0, 0, 0, 0, 0, 0
  remuPEOut Routing D3(15)(13): 0, 0, 0, 0, 0, 0, 0, 0, 0
  remuPEOut Routing D3(15)(14): 0, 0, 0, 0, 0, 0, 0, 0, 0
  remuPEOut Routing D3(15)(15): 0, 0, 0, 0, 0, 0, 0, 0, 0
remuPEOut(16) Routing D3:
  remuPEOut Routing D3(16)(0): 0, 0, 0, 0, 0, 0, 0, 0, 0
  remuPEOut Routing D3(16)(1): 0, 0, 0, 0, 0, 0, 0, 0, 0
  remuPEOut Routing D3(16)(2): 0, 0, 0, 0, 0, 0, 0, 0, 0
  remuPEOut Routing D3(16)(3): 0, 0, 0, 0, 0, 0, 0, 0, 0
  remuPEOut Routing D3(16)(4): 0, 0, 0, 0, 0, 0, 0, 0, 0
  remuPEOut Routing D3(16)(5): 0, 0, 0, 0, 0, 0, 0, 0, 0
  remuPEOut Routing D3(16)(6): 0, 0, 0, 0, 0, 0, 0, 0, 0
  remuPEOut Routing D3(16)(7): 0, 0, 0, 0, 0, 0, 0, 0, 0
  remuPEOut Routing D3(16)(8): 0, 0, 0, 0, 0, 0, 0, 0, 0
  remuPEOut Routing D3(16)(9): 0, 0, 0, 0, 0, 0, 0, 0, 0
  remuPEOut Routing D3(16)(10): 0, 0, 0, 0, 0, 0, 0, 0, 0
  remuPEOut Routing D3(16)(11): 0, 0, 0, 0, 0, 0, 0, 0, 0
  remuPEOut Routing D3(16)(12): 0, 0, 0, 0, 0, 0, 0, 0, 0
  remuPEOut Routing D3(16)(13): 0, 0, 0, 0, 0, 0, 0, 0, 0
  remuPEOut Routing D3(16)(14): 0, 0, 0, 0, 0, 0, 0, 0, 0
  remuPEOut Routing D3(16)(15): 0, 0, 0, 0, 0, 0, 0, 0, 0
remuPEOut(17) Routing D3:
  remuPEOut Routing D3(17)(0): 0, 0, 0, 0, 0, 0, 0, 0, 0
  remuPEOut Routing D3(17)(1): 0, 0, 0, 0, 0, 0, 0, 0, 0
  remuPEOut Routing D3(17)(2): 0, 0, 0, 0, 0, 0, 0, 0, 0
  remuPEOut Routing D3(17)(3): 0, 0, 0, 0, 0, 0, 0, 0, 0
  remuPEOut Routing D3(17)(4): 0, 0, 0, 0, 0, 0, 0, 0, 0
  remuPEOut Routing D3(17)(5): 0, 0, 0, 0, 0, 0, 0, 0, 0
  remuPEOut Routing D3(17)(6): 0, 0, 0, 0, 0, 0, 0, 0, 0
  remuPEOut Routing D3(17)(7): 0, 0, 0, 0, 0, 0, 0, 0, 0
  remuPEOut Routing D3(17)(8): 0, 0, 0, 0, 0, 0, 0, 0, 0
  remuPEOut Routing D3(17)(9): 0, 0, 0, 0, 0, 0, 0, 0, 0
  remuPEOut Routing D3(17)(10): 0, 0, 0, 0, 0, 0, 0, 0, 0
  remuPEOut Routing D3(17)(11): 0, 0, 0, 0, 0, 0, 0, 0, 0
  remuPEOut Routing D3(17)(12): 0, 0, 0, 0, 0, 0, 0, 0, 0
  remuPEOut Routing D3(17)(13): 0, 0, 0, 0, 0, 0, 0, 0, 0
  remuPEOut Routing D3(17)(14): 0, 0, 0, 0, 0, 0, 0, 0, 0
  remuPEOut Routing D3(17)(15): 0, 0, 0, 0, 0, 0, 0, 0, 0
remuPEOut(18) Routing D3:
  remuPEOut Routing D3(18)(0): 0, 0, 0, 0, 0, 0, 0, 0, 0
  remuPEOut Routing D3(18)(1): 0, 0, 0, 0, 0, 0, 0, 0, 0
  remuPEOut Routing D3(18)(2): 0, 0, 0, 0, 0, 0, 0, 0, 0
  remuPEOut Routing D3(18)(3): 0, 0, 0, 0, 0, 0, 0, 0, 0
  remuPEOut Routing D3(18)(4): 0, 0, 0, 0, 0, 0, 0, 0, 0
  remuPEOut Routing D3(18)(5): 0, 0, 0, 0, 0, 0, 0, 0, 0
  remuPEOut Routing D3(18)(6): 0, 0, 0, 0, 0, 0, 0, 0, 0
  remuPEOut Routing D3(18)(7): 0, 0, 0, 0, 0, 0, 0, 0, 0
  remuPEOut Routing D3(18)(8): 0, 0, 0, 0, 0, 0, 0, 0, 0
  remuPEOut Routing D3(18)(9): 0, 0, 0, 0, 0, 0, 0, 0, 0
  remuPEOut Routing D3(18)(10): 0, 0, 0, 0, 0, 0, 0, 0, 0
  remuPEOut Routing D3(18)(11): 0, 0, 0, 0, 0, 0, 0, 0, 0
  remuPEOut Routing D3(18)(12): 0, 0, 0, 0, 0, 0, 0, 0, 0
  remuPEOut Routing D3(18)(13): 0, 0, 0, 0, 0, 0, 0, 0, 0
  remuPEOut Routing D3(18)(14): 0, 0, 0, 0, 0, 0, 0, 0, 0
  remuPEOut Routing D3(18)(15): 0, 0, 0, 0, 0, 0, 0, 0, 0
remuPEOut(19) Routing D3:
  remuPEOut Routing D3(19)(0): 0, 0, 0, 0, 0, 0, 0, 0, 0
  remuPEOut Routing D3(19)(1): 0, 0, 0, 0, 0, 0, 0, 0, 0
  remuPEOut Routing D3(19)(2): 0, 0, 0, 0, 0, 0, 0, 0, 0
  remuPEOut Routing D3(19)(3): 0, 0, 0, 0, 0, 0, 0, 0, 0
  remuPEOut Routing D3(19)(4): 0, 0, 0, 0, 0, 0, 0, 0, 0
  remuPEOut Routing D3(19)(5): 0, 0, 0, 0, 0, 0, 0, 0, 0
  remuPEOut Routing D3(19)(6): 0, 0, 0, 0, 0, 0, 0, 0, 0
  remuPEOut Routing D3(19)(7): 0, 0, 0, 0, 0, 0, 0, 0, 0
  remuPEOut Routing D3(19)(8): 0, 0, 0, 0, 0, 0, 0, 0, 0
  remuPEOut Routing D3(19)(9): 0, 0, 0, 0, 0, 0, 0, 0, 0
  remuPEOut Routing D3(19)(10): 0, 0, 0, 0, 0, 0, 0, 0, 0
  remuPEOut Routing D3(19)(11): 0, 0, 0, 0, 0, 0, 0, 0, 0
  remuPEOut Routing D3(19)(12): 0, 0, 0, 0, 0, 0, 0, 0, 0
  remuPEOut Routing D3(19)(13): 0, 0, 0, 0, 0, 0, 0, 0, 0
  remuPEOut Routing D3(19)(14): 0, 0, 0, 0, 0, 0, 0, 0, 0
  remuPEOut Routing D3(19)(15): 0, 0, 0, 0, 0, 0, 0, 0, 0
remuPEOut(20) Routing D3:
  remuPEOut Routing D3(20)(0): 0, 0, 0, 0, 0, 0, 0, 0, 0
  remuPEOut Routing D3(20)(1): 0, 0, 0, 0, 0, 0, 0, 0, 0
  remuPEOut Routing D3(20)(2): 0, 0, 0, 0, 0, 0, 0, 0, 0
  remuPEOut Routing D3(20)(3): 0, 0, 0, 0, 0, 0, 0, 0, 0
  remuPEOut Routing D3(20)(4): 0, 0, 0, 0, 0, 0, 0, 0, 0
  remuPEOut Routing D3(20)(5): 0, 0, 0, 0, 0, 0, 0, 0, 0
  remuPEOut Routing D3(20)(6): 0, 0, 0, 0, 0, 0, 0, 0, 0
  remuPEOut Routing D3(20)(7): 0, 0, 0, 0, 0, 0, 0, 0, 0
  remuPEOut Routing D3(20)(8): 0, 0, 0, 0, 0, 0, 0, 0, 0
  remuPEOut Routing D3(20)(9): 0, 0, 0, 0, 0, 0, 0, 0, 0
  remuPEOut Routing D3(20)(10): 0, 0, 0, 0, 0, 0, 0, 0, 0
  remuPEOut Routing D3(20)(11): 0, 0, 0, 0, 0, 0, 0, 0, 0
  remuPEOut Routing D3(20)(12): 0, 0, 0, 0, 0, 0, 0, 0, 0
  remuPEOut Routing D3(20)(13): 0, 0, 0, 0, 0, 0, 0, 0, 0
  remuPEOut Routing D3(20)(14): 0, 0, 0, 0, 0, 0, 0, 0, 0
  remuPEOut Routing D3(20)(15): 0, 0, 0, 0, 0, 0, 0, 0, 0
remuPEOut(21) Routing D3:
  remuPEOut Routing D3(21)(0): 0, 0, 0, 0, 0, 0, 0, 0, 0
  remuPEOut Routing D3(21)(1): 0, 0, 0, 0, 0, 0, 0, 0, 0
  remuPEOut Routing D3(21)(2): 0, 0, 0, 0, 0, 0, 0, 0, 0
  remuPEOut Routing D3(21)(3): 0, 0, 0, 0, 0, 0, 0, 0, 0
  remuPEOut Routing D3(21)(4): 0, 0, 0, 0, 0, 0, 0, 0, 0
  remuPEOut Routing D3(21)(5): 0, 0, 0, 0, 0, 0, 0, 0, 0
  remuPEOut Routing D3(21)(6): 0, 0, 0, 0, 0, 0, 0, 0, 0
  remuPEOut Routing D3(21)(7): 0, 0, 0, 0, 0, 0, 0, 0, 0
  remuPEOut Routing D3(21)(8): 0, 0, 0, 0, 0, 0, 0, 0, 0
  remuPEOut Routing D3(21)(9): 0, 0, 0, 0, 0, 0, 0, 0, 0
  remuPEOut Routing D3(21)(10): 0, 0, 0, 0, 0, 0, 0, 0, 0
  remuPEOut Routing D3(21)(11): 0, 0, 0, 0, 0, 0, 0, 0, 0
  remuPEOut Routing D3(21)(12): 0, 0, 0, 0, 0, 0, 0, 0, 0
  remuPEOut Routing D3(21)(13): 0, 0, 0, 0, 0, 0, 0, 0, 0
  remuPEOut Routing D3(21)(14): 0, 0, 0, 0, 0, 0, 0, 0, 0
  remuPEOut Routing D3(21)(15): 0, 0, 0, 0, 0, 0, 0, 0, 0
remuPEOut(22) Routing D3:
  remuPEOut Routing D3(22)(0): 0, 0, 0, 0, 0, 0, 0, 0, 0
  remuPEOut Routing D3(22)(1): 0, 0, 0, 0, 0, 0, 0, 0, 0
  remuPEOut Routing D3(22)(2): 0, 0, 0, 0, 0, 0, 0, 0, 0
  remuPEOut Routing D3(22)(3): 0, 0, 0, 0, 0, 0, 0, 0, 0
  remuPEOut Routing D3(22)(4): 0, 0, 0, 0, 0, 0, 0, 0, 0
  remuPEOut Routing D3(22)(5): 0, 0, 0, 0, 0, 0, 0, 0, 0
  remuPEOut Routing D3(22)(6): 0, 0, 0, 0, 0, 0, 0, 0, 0
  remuPEOut Routing D3(22)(7): 0, 0, 0, 0, 0, 0, 0, 0, 0
  remuPEOut Routing D3(22)(8): 0, 0, 0, 0, 0, 0, 0, 0, 0
  remuPEOut Routing D3(22)(9): 0, 0, 0, 0, 0, 0, 0, 0, 0
  remuPEOut Routing D3(22)(10): 0, 0, 0, 0, 0, 0, 0, 0, 0
  remuPEOut Routing D3(22)(11): 0, 0, 0, 0, 0, 0, 0, 0, 0
  remuPEOut Routing D3(22)(12): 0, 0, 0, 0, 0, 0, 0, 0, 0
  remuPEOut Routing D3(22)(13): 0, 0, 0, 0, 0, 0, 0, 0, 0
  remuPEOut Routing D3(22)(14): 0, 0, 0, 0, 0, 0, 0, 0, 0
  remuPEOut Routing D3(22)(15): 0, 0, 0, 0, 0, 0, 0, 0, 0
remuPEOut(23) Routing D3:
  remuPEOut Routing D3(23)(0): 0, 0, 0, 0, 0, 0, 0, 0, 0
  remuPEOut Routing D3(23)(1): 0, 0, 0, 0, 0, 0, 0, 0, 0
  remuPEOut Routing D3(23)(2): 0, 0, 0, 0, 0, 0, 0, 0, 0
  remuPEOut Routing D3(23)(3): 0, 0, 0, 0, 0, 0, 0, 0, 0
  remuPEOut Routing D3(23)(4): 0, 0, 0, 0, 0, 0, 0, 0, 0
  remuPEOut Routing D3(23)(5): 0, 0, 0, 0, 0, 0, 0, 0, 0
  remuPEOut Routing D3(23)(6): 0, 0, 0, 0, 0, 0, 0, 0, 0
  remuPEOut Routing D3(23)(7): 0, 0, 0, 0, 0, 0, 0, 0, 0
  remuPEOut Routing D3(23)(8): 0, 0, 0, 0, 0, 0, 0, 0, 0
  remuPEOut Routing D3(23)(9): 0, 0, 0, 0, 0, 0, 0, 0, 0
  remuPEOut Routing D3(23)(10): 0, 0, 0, 0, 0, 0, 0, 0, 0
  remuPEOut Routing D3(23)(11): 0, 0, 0, 0, 0, 0, 0, 0, 0
  remuPEOut Routing D3(23)(12): 0, 0, 0, 0, 0, 0, 0, 0, 0
  remuPEOut Routing D3(23)(13): 0, 0, 0, 0, 0, 0, 0, 0, 0
  remuPEOut Routing D3(23)(14): 0, 0, 0, 0, 0, 0, 0, 0, 0
  remuPEOut Routing D3(23)(15): 0, 0, 0, 0, 0, 0, 0, 0, 0
remuPEOut(24) Routing D3:
  remuPEOut Routing D3(24)(0): 0, 0, 0, 0, 0, 0, 0, 0, 0
  remuPEOut Routing D3(24)(1): 0, 0, 0, 0, 0, 0, 0, 0, 0
  remuPEOut Routing D3(24)(2): 0, 0, 0, 0, 0, 0, 0, 0, 0
  remuPEOut Routing D3(24)(3): 0, 0, 0, 0, 0, 0, 0, 0, 0
  remuPEOut Routing D3(24)(4): 0, 0, 0, 0, 0, 0, 0, 0, 0
  remuPEOut Routing D3(24)(5): 0, 0, 0, 0, 0, 0, 0, 0, 0
  remuPEOut Routing D3(24)(6): 0, 0, 0, 0, 0, 0, 0, 0, 0
  remuPEOut Routing D3(24)(7): 0, 0, 0, 0, 0, 0, 0, 0, 0
  remuPEOut Routing D3(24)(8): 0, 0, 0, 0, 0, 0, 0, 0, 0
  remuPEOut Routing D3(24)(9): 0, 0, 0, 0, 0, 0, 0, 0, 0
  remuPEOut Routing D3(24)(10): 0, 0, 0, 0, 0, 0, 0, 0, 0
  remuPEOut Routing D3(24)(11): 0, 0, 0, 0, 0, 0, 0, 0, 0
  remuPEOut Routing D3(24)(12): 0, 0, 0, 0, 0, 0, 0, 0, 0
  remuPEOut Routing D3(24)(13): 0, 0, 0, 0, 0, 0, 0, 0, 0
  remuPEOut Routing D3(24)(14): 0, 0, 0, 0, 0, 0, 0, 0, 0
  remuPEOut Routing D3(24)(15): 0, 0, 0, 0, 0, 0, 0, 0, 0
remuPEOut(25) Routing D3:
  remuPEOut Routing D3(25)(0): 0, 0, 0, 0, 0, 0, 0, 0, 0
  remuPEOut Routing D3(25)(1): 0, 0, 0, 0, 0, 0, 0, 0, 0
  remuPEOut Routing D3(25)(2): 0, 0, 0, 0, 0, 0, 0, 0, 0
  remuPEOut Routing D3(25)(3): 0, 0, 0, 0, 0, 0, 0, 0, 0
  remuPEOut Routing D3(25)(4): 0, 0, 0, 0, 0, 0, 0, 0, 0
  remuPEOut Routing D3(25)(5): 0, 0, 0, 0, 0, 0, 0, 0, 0
  remuPEOut Routing D3(25)(6): 0, 0, 0, 0, 0, 0, 0, 0, 0
  remuPEOut Routing D3(25)(7): 0, 0, 0, 0, 0, 0, 0, 0, 0
  remuPEOut Routing D3(25)(8): 0, 0, 0, 0, 0, 0, 0, 0, 0
  remuPEOut Routing D3(25)(9): 0, 0, 0, 0, 0, 0, 0, 0, 0
  remuPEOut Routing D3(25)(10): 0, 0, 0, 0, 0, 0, 0, 0, 0
  remuPEOut Routing D3(25)(11): 0, 0, 0, 0, 0, 0, 0, 0, 0
  remuPEOut Routing D3(25)(12): 0, 0, 0, 0, 0, 0, 0, 0, 0
  remuPEOut Routing D3(25)(13): 0, 0, 0, 0, 0, 0, 0, 0, 0
  remuPEOut Routing D3(25)(14): 0, 0, 0, 0, 0, 0, 0, 0, 0
  remuPEOut Routing D3(25)(15): 0, 0, 0, 0, 0, 0, 0, 0, 0
remuPEOut(26) Routing D3:
  remuPEOut Routing D3(26)(0): 0, 0, 0, 0, 0, 0, 0, 0, 0
  remuPEOut Routing D3(26)(1): 0, 0, 0, 0, 0, 0, 0, 0, 0
  remuPEOut Routing D3(26)(2): 0, 0, 0, 0, 0, 0, 0, 0, 0
  remuPEOut Routing D3(26)(3): 0, 0, 0, 0, 0, 0, 0, 0, 0
  remuPEOut Routing D3(26)(4): 0, 0, 0, 0, 0, 0, 0, 0, 0
  remuPEOut Routing D3(26)(5): 0, 0, 0, 0, 0, 0, 0, 0, 0
  remuPEOut Routing D3(26)(6): 0, 0, 0, 0, 0, 0, 0, 0, 0
  remuPEOut Routing D3(26)(7): 0, 0, 0, 0, 0, 0, 0, 0, 0
  remuPEOut Routing D3(26)(8): 0, 0, 0, 0, 0, 0, 0, 0, 0
  remuPEOut Routing D3(26)(9): 0, 0, 0, 0, 0, 0, 0, 0, 0
  remuPEOut Routing D3(26)(10): 0, 0, 0, 0, 0, 0, 0, 0, 0
  remuPEOut Routing D3(26)(11): 0, 0, 0, 0, 0, 0, 0, 0, 0
  remuPEOut Routing D3(26)(12): 0, 0, 0, 0, 0, 0, 0, 0, 0
  remuPEOut Routing D3(26)(13): 0, 0, 0, 0, 0, 0, 0, 0, 0
  remuPEOut Routing D3(26)(14): 0, 0, 0, 0, 0, 0, 0, 0, 0
  remuPEOut Routing D3(26)(15): 0, 0, 0, 0, 0, 0, 0, 0, 0
remuPEOut(27) Routing D3:
  remuPEOut Routing D3(27)(0): 0, 0, 0, 0, 0, 0, 0, 0, 0
  remuPEOut Routing D3(27)(1): 0, 0, 0, 0, 0, 0, 0, 0, 0
  remuPEOut Routing D3(27)(2): 0, 0, 0, 0, 0, 0, 0, 0, 0
  remuPEOut Routing D3(27)(3): 0, 0, 0, 0, 0, 0, 0, 0, 0
  remuPEOut Routing D3(27)(4): 0, 0, 0, 0, 0, 0, 0, 0, 0
  remuPEOut Routing D3(27)(5): 0, 0, 0, 0, 0, 0, 0, 0, 0
  remuPEOut Routing D3(27)(6): 0, 0, 0, 0, 0, 0, 0, 0, 0
  remuPEOut Routing D3(27)(7): 0, 0, 0, 0, 0, 0, 0, 0, 0
  remuPEOut Routing D3(27)(8): 0, 0, 0, 0, 0, 0, 0, 0, 0
  remuPEOut Routing D3(27)(9): 0, 0, 0, 0, 0, 0, 0, 0, 0
  remuPEOut Routing D3(27)(10): 0, 0, 0, 0, 0, 0, 0, 0, 0
  remuPEOut Routing D3(27)(11): 0, 0, 0, 0, 0, 0, 0, 0, 0
  remuPEOut Routing D3(27)(12): 0, 0, 0, 0, 0, 0, 0, 0, 0
  remuPEOut Routing D3(27)(13): 0, 0, 0, 0, 0, 0, 0, 0, 0
  remuPEOut Routing D3(27)(14): 0, 0, 0, 0, 0, 0, 0, 0, 0
  remuPEOut Routing D3(27)(15): 0, 0, 0, 0, 0, 0, 0, 0, 0
remuPEOut(28) Routing D3:
  remuPEOut Routing D3(28)(0): 0, 0, 0, 0, 0, 0, 0, 0, 0
  remuPEOut Routing D3(28)(1): 0, 0, 0, 0, 0, 0, 0, 0, 0
  remuPEOut Routing D3(28)(2): 0, 0, 0, 0, 0, 0, 0, 0, 0
  remuPEOut Routing D3(28)(3): 0, 0, 0, 0, 0, 0, 0, 0, 0
  remuPEOut Routing D3(28)(4): 0, 0, 0, 0, 0, 0, 0, 0, 0
  remuPEOut Routing D3(28)(5): 0, 0, 0, 0, 0, 0, 0, 0, 0
  remuPEOut Routing D3(28)(6): 0, 0, 0, 0, 0, 0, 0, 0, 0
  remuPEOut Routing D3(28)(7): 0, 0, 0, 0, 0, 0, 0, 0, 0
  remuPEOut Routing D3(28)(8): 0, 0, 0, 0, 0, 0, 0, 0, 0
  remuPEOut Routing D3(28)(9): 0, 0, 0, 0, 0, 0, 0, 0, 0
  remuPEOut Routing D3(28)(10): 0, 0, 0, 0, 0, 0, 0, 0, 0
  remuPEOut Routing D3(28)(11): 0, 0, 0, 0, 0, 0, 0, 0, 0
  remuPEOut Routing D3(28)(12): 0, 0, 0, 0, 0, 0, 0, 0, 0
  remuPEOut Routing D3(28)(13): 0, 0, 0, 0, 0, 0, 0, 0, 0
  remuPEOut Routing D3(28)(14): 0, 0, 0, 0, 0, 0, 0, 0, 0
  remuPEOut Routing D3(28)(15): 0, 0, 0, 0, 0, 0, 0, 0, 0
remuPEOut(29) Routing D3:
  remuPEOut Routing D3(29)(0): 0, 0, 0, 0, 0, 0, 0, 0, 0
  remuPEOut Routing D3(29)(1): 0, 0, 0, 0, 0, 0, 0, 0, 0
  remuPEOut Routing D3(29)(2): 0, 0, 0, 0, 0, 0, 0, 0, 0
  remuPEOut Routing D3(29)(3): 0, 0, 0, 0, 0, 0, 0, 0, 0
  remuPEOut Routing D3(29)(4): 0, 0, 0, 0, 0, 0, 0, 0, 0
  remuPEOut Routing D3(29)(5): 0, 0, 0, 0, 0, 0, 0, 0, 0
  remuPEOut Routing D3(29)(6): 0, 0, 0, 0, 0, 0, 0, 0, 0
  remuPEOut Routing D3(29)(7): 0, 0, 0, 0, 0, 0, 0, 0, 0
  remuPEOut Routing D3(29)(8): 0, 0, 0, 0, 0, 0, 0, 0, 0
  remuPEOut Routing D3(29)(9): 0, 0, 0, 0, 0, 0, 0, 0, 0
  remuPEOut Routing D3(29)(10): 0, 0, 0, 0, 0, 0, 0, 0, 0
  remuPEOut Routing D3(29)(11): 0, 0, 0, 0, 0, 0, 0, 0, 0
  remuPEOut Routing D3(29)(12): 0, 0, 0, 0, 0, 0, 0, 0, 0
  remuPEOut Routing D3(29)(13): 0, 0, 0, 0, 0, 0, 0, 0, 0
  remuPEOut Routing D3(29)(14): 0, 0, 0, 0, 0, 0, 0, 0, 0
  remuPEOut Routing D3(29)(15): 0, 0, 0, 0, 0, 0, 0, 0, 0
remuPEOut(30) Routing D3:
  remuPEOut Routing D3(30)(0): 0, 0, 0, 0, 0, 0, 0, 0, 0
  remuPEOut Routing D3(30)(1): 0, 0, 0, 0, 0, 0, 0, 0, 0
  remuPEOut Routing D3(30)(2): 0, 0, 0, 0, 0, 0, 0, 0, 0
  remuPEOut Routing D3(30)(3): 0, 0, 0, 0, 0, 0, 0, 0, 0
  remuPEOut Routing D3(30)(4): 0, 0, 0, 0, 0, 0, 0, 0, 0
  remuPEOut Routing D3(30)(5): 0, 0, 0, 0, 0, 0, 0, 0, 0
  remuPEOut Routing D3(30)(6): 0, 0, 0, 0, 0, 0, 0, 0, 0
  remuPEOut Routing D3(30)(7): 0, 0, 0, 0, 0, 0, 0, 0, 0
  remuPEOut Routing D3(30)(8): 0, 0, 0, 0, 0, 0, 0, 0, 0
  remuPEOut Routing D3(30)(9): 0, 0, 0, 0, 0, 0, 0, 0, 0
  remuPEOut Routing D3(30)(10): 0, 0, 0, 0, 0, 0, 0, 0, 0
  remuPEOut Routing D3(30)(11): 0, 0, 0, 0, 0, 0, 0, 0, 0
  remuPEOut Routing D3(30)(12): 0, 0, 0, 0, 0, 0, 0, 0, 0
  remuPEOut Routing D3(30)(13): 0, 0, 0, 0, 0, 0, 0, 0, 0
  remuPEOut Routing D3(30)(14): 0, 0, 0, 0, 0, 0, 0, 0, 0
  remuPEOut Routing D3(30)(15): 0, 0, 0, 0, 0, 0, 0, 0, 0
remuPEOut(31) Routing D3:
  remuPEOut Routing D3(31)(0): 0, 0, 0, 0, 0, 0, 0, 0, 0
  remuPEOut Routing D3(31)(1): 0, 0, 0, 0, 0, 0, 0, 0, 0
  remuPEOut Routing D3(31)(2): 0, 0, 0, 0, 0, 0, 0, 0, 0
  remuPEOut Routing D3(31)(3): 0, 0, 0, 0, 0, 0, 0, 0, 0
  remuPEOut Routing D3(31)(4): 0, 0, 0, 0, 0, 0, 0, 0, 0
  remuPEOut Routing D3(31)(5): 0, 0, 0, 0, 0, 0, 0, 0, 0
  remuPEOut Routing D3(31)(6): 0, 0, 0, 0, 0, 0, 0, 0, 0
  remuPEOut Routing D3(31)(7): 0, 0, 0, 0, 0, 0, 0, 0, 0
  remuPEOut Routing D3(31)(8): 0, 0, 0, 0, 0, 0, 0, 0, 0
  remuPEOut Routing D3(31)(9): 0, 0, 0, 0, 0, 0, 0, 0, 0
  remuPEOut Routing D3(31)(10): 0, 0, 0, 0, 0, 0, 0, 0, 0
  remuPEOut Routing D3(31)(11): 0, 0, 0, 0, 0, 0, 0, 0, 0
  remuPEOut Routing D3(31)(12): 0, 0, 0, 0, 0, 0, 0, 0, 0
  remuPEOut Routing D3(31)(13): 0, 0, 0, 0, 0, 0, 0, 0, 0
  remuPEOut Routing D3(31)(14): 0, 0, 0, 0, 0, 0, 0, 0, 0
  remuPEOut Routing D3(31)(15): 0, 0, 0, 0, 0, 0, 0, 0, 0
remuPEOut(32) Routing D3:
  remuPEOut Routing D3(32)(0): 0, 0, 0, 0, 0, 0, 0, 0, 0
  remuPEOut Routing D3(32)(1): 0, 0, 0, 0, 0, 0, 0, 0, 0
  remuPEOut Routing D3(32)(2): 0, 0, 0, 0, 0, 0, 0, 0, 0
  remuPEOut Routing D3(32)(3): 0, 0, 0, 0, 0, 0, 0, 0, 0
  remuPEOut Routing D3(32)(4): 0, 0, 0, 0, 0, 0, 0, 0, 0
  remuPEOut Routing D3(32)(5): 0, 0, 0, 0, 0, 0, 0, 0, 0
  remuPEOut Routing D3(32)(6): 0, 0, 0, 0, 0, 0, 0, 0, 0
  remuPEOut Routing D3(32)(7): 0, 0, 0, 0, 0, 0, 0, 0, 0
  remuPEOut Routing D3(32)(8): 0, 0, 0, 0, 0, 0, 0, 0, 0
  remuPEOut Routing D3(32)(9): 0, 0, 0, 0, 0, 0, 0, 0, 0
  remuPEOut Routing D3(32)(10): 0, 0, 0, 0, 0, 0, 0, 0, 0
  remuPEOut Routing D3(32)(11): 0, 0, 0, 0, 0, 0, 0, 0, 0
  remuPEOut Routing D3(32)(12): 0, 0, 0, 0, 0, 0, 0, 0, 0
  remuPEOut Routing D3(32)(13): 0, 0, 0, 0, 0, 0, 0, 0, 0
  remuPEOut Routing D3(32)(14): 0, 0, 0, 0, 0, 0, 0, 0, 0
  remuPEOut Routing D3(32)(15): 0, 0, 0, 0, 0, 0, 0, 0, 0
remuPEOut(33) Routing D3:
  remuPEOut Routing D3(33)(0): 0, 0, 0, 0, 0, 0, 0, 0, 0
  remuPEOut Routing D3(33)(1): 0, 0, 0, 0, 0, 0, 0, 0, 0
  remuPEOut Routing D3(33)(2): 0, 0, 0, 0, 0, 0, 0, 0, 0
  remuPEOut Routing D3(33)(3): 0, 0, 0, 0, 0, 0, 0, 0, 0
  remuPEOut Routing D3(33)(4): 0, 0, 0, 0, 0, 0, 0, 0, 0
  remuPEOut Routing D3(33)(5): 0, 0, 0, 0, 0, 0, 0, 0, 0
  remuPEOut Routing D3(33)(6): 0, 0, 0, 0, 0, 0, 0, 0, 0
  remuPEOut Routing D3(33)(7): 0, 0, 0, 0, 0, 0, 0, 0, 0
  remuPEOut Routing D3(33)(8): 0, 0, 0, 0, 0, 0, 0, 0, 0
  remuPEOut Routing D3(33)(9): 0, 0, 0, 0, 0, 0, 0, 0, 0
  remuPEOut Routing D3(33)(10): 0, 0, 0, 0, 0, 0, 0, 0, 0
  remuPEOut Routing D3(33)(11): 0, 0, 0, 0, 0, 0, 0, 0, 0
  remuPEOut Routing D3(33)(12): 0, 0, 0, 0, 0, 0, 0, 0, 0
  remuPEOut Routing D3(33)(13): 0, 0, 0, 0, 0, 0, 0, 0, 0
  remuPEOut Routing D3(33)(14): 0, 0, 0, 0, 0, 0, 0, 0, 0
  remuPEOut Routing D3(33)(15): 0, 0, 0, 0, 0, 0, 0, 0, 0
remuPEOut(34) Routing D3:
  remuPEOut Routing D3(34)(0): 0, 0, 0, 0, 0, 0, 0, 0, 0
  remuPEOut Routing D3(34)(1): 0, 0, 0, 0, 0, 0, 0, 0, 0
  remuPEOut Routing D3(34)(2): 0, 0, 0, 0, 0, 0, 0, 0, 0
  remuPEOut Routing D3(34)(3): 0, 0, 0, 0, 0, 0, 0, 0, 0
  remuPEOut Routing D3(34)(4): 0, 0, 0, 0, 0, 0, 0, 0, 0
  remuPEOut Routing D3(34)(5): 0, 0, 0, 0, 0, 0, 0, 0, 0
  remuPEOut Routing D3(34)(6): 0, 0, 0, 0, 0, 0, 0, 0, 0
  remuPEOut Routing D3(34)(7): 0, 0, 0, 0, 0, 0, 0, 0, 0
  remuPEOut Routing D3(34)(8): 0, 0, 0, 0, 0, 0, 0, 0, 0
  remuPEOut Routing D3(34)(9): 0, 0, 0, 0, 0, 0, 0, 0, 0
  remuPEOut Routing D3(34)(10): 0, 0, 0, 0, 0, 0, 0, 0, 0
  remuPEOut Routing D3(34)(11): 0, 0, 0, 0, 0, 0, 0, 0, 0
  remuPEOut Routing D3(34)(12): 0, 0, 0, 0, 0, 0, 0, 0, 0
  remuPEOut Routing D3(34)(13): 0, 0, 0, 0, 0, 0, 0, 0, 0
  remuPEOut Routing D3(34)(14): 0, 0, 0, 0, 0, 0, 0, 0, 0
  remuPEOut Routing D3(34)(15): 0, 0, 0, 0, 0, 0, 0, 0, 0
remuPEOut(35) Routing D3:
  remuPEOut Routing D3(35)(0): 0, 0, 0, 0, 0, 0, 0, 0, 0
  remuPEOut Routing D3(35)(1): 0, 0, 0, 0, 0, 0, 0, 0, 0
  remuPEOut Routing D3(35)(2): 0, 0, 0, 0, 0, 0, 0, 0, 0
  remuPEOut Routing D3(35)(3): 0, 0, 0, 0, 0, 0, 0, 0, 0
  remuPEOut Routing D3(35)(4): 0, 0, 0, 0, 0, 0, 0, 0, 0
  remuPEOut Routing D3(35)(5): 0, 0, 0, 0, 0, 0, 0, 0, 0
  remuPEOut Routing D3(35)(6): 0, 0, 0, 0, 0, 0, 0, 0, 0
  remuPEOut Routing D3(35)(7): 0, 0, 0, 0, 0, 0, 0, 0, 0
  remuPEOut Routing D3(35)(8): 0, 0, 0, 0, 0, 0, 0, 0, 0
  remuPEOut Routing D3(35)(9): 0, 0, 0, 0, 0, 0, 0, 0, 0
  remuPEOut Routing D3(35)(10): 0, 0, 0, 0, 0, 0, 0, 0, 0
  remuPEOut Routing D3(35)(11): 0, 0, 0, 0, 0, 0, 0, 0, 0
  remuPEOut Routing D3(35)(12): 0, 0, 0, 0, 0, 0, 0, 0, 0
  remuPEOut Routing D3(35)(13): 0, 0, 0, 0, 0, 0, 0, 0, 0
  remuPEOut Routing D3(35)(14): 0, 0, 0, 0, 0, 0, 0, 0, 0
  remuPEOut Routing D3(35)(15): 0, 0, 0, 0, 0, 0, 0, 0, 0

remuPEData:
remuPEData(0):
  remuPEData(0)(0): 1, 0, 0, 1
  remuPEData(0)(1): 1, 0, 0, 0
  remuPEData(0)(2): 0, 0, 0, 0
  remuPEData(0)(3): 0, 0, 0, 0
  remuPEData(0)(4): 0, 0, 0, 0
  remuPEData(0)(5): 0, 0, 0, 0
  remuPEData(0)(6): 0, 0, 0, 0
  remuPEData(0)(7): 0, 0, 0, 0
  remuPEData(0)(8): 0, 0, 0, 0
  remuPEData(0)(9): 0, 0, 0, 0
  remuPEData(0)(10): 0, 0, 0, 0
  remuPEData(0)(11): 0, 0, 0, 0
  remuPEData(0)(12): 0, 0, 0, 0
  remuPEData(0)(13): 0, 0, 0, 0
  remuPEData(0)(14): 0, 0, 0, 0
  remuPEData(0)(15): 0, 0, 0, 0
remuPEData(1):
  remuPEData(1)(0): 1, 0, 0, 0
  remuPEData(1)(1): 0, 0, 0, 0
  remuPEData(1)(2): 0, 0, 0, 0
  remuPEData(1)(3): 0, 0, 0, 0
  remuPEData(1)(4): 0, 0, 0, 0
  remuPEData(1)(5): 0, 0, 0, 0
  remuPEData(1)(6): 0, 0, 0, 0
  remuPEData(1)(7): 0, 0, 0, 0
  remuPEData(1)(8): 0, 0, 0, 0
  remuPEData(1)(9): 0, 0, 0, 0
  remuPEData(1)(10): 0, 0, 0, 0
  remuPEData(1)(11): 0, 0, 0, 0
  remuPEData(1)(12): 0, 0, 0, 0
  remuPEData(1)(13): 0, 0, 0, 0
  remuPEData(1)(14): 0, 0, 0, 0
  remuPEData(1)(15): 0, 0, 0, 0
remuPEData(2):
  remuPEData(2)(0): 0, 1, 0, 1
  remuPEData(2)(1): 0, 0, 0, 0
  remuPEData(2)(2): 0, 0, 0, 0
  remuPEData(2)(3): 0, 0, 0, 0
  remuPEData(2)(4): 0, 0, 0, 0
  remuPEData(2)(5): 0, 0, 0, 0
  remuPEData(2)(6): 0, 0, 0, 0
  remuPEData(2)(7): 0, 0, 0, 0
  remuPEData(2)(8): 0, 0, 0, 0
  remuPEData(2)(9): 0, 0, 0, 0
  remuPEData(2)(10): 0, 0, 0, 0
  remuPEData(2)(11): 0, 0, 0, 0
  remuPEData(2)(12): 0, 0, 0, 0
  remuPEData(2)(13): 0, 0, 0, 0
  remuPEData(2)(14): 0, 0, 0, 0
  remuPEData(2)(15): 0, 0, 0, 0
remuPEData(3):
  remuPEData(3)(0): 1, 1, 1, 0
  remuPEData(3)(1): 0, 0, 0, 0
  remuPEData(3)(2): 0, 0, 0, 0
  remuPEData(3)(3): 0, 0, 0, 0
  remuPEData(3)(4): 0, 0, 0, 0
  remuPEData(3)(5): 0, 0, 0, 0
  remuPEData(3)(6): 0, 0, 0, 0
  remuPEData(3)(7): 0, 0, 0, 0
  remuPEData(3)(8): 0, 0, 0, 0
  remuPEData(3)(9): 0, 0, 0, 0
  remuPEData(3)(10): 0, 0, 0, 0
  remuPEData(3)(11): 0, 0, 0, 0
  remuPEData(3)(12): 0, 0, 0, 0
  remuPEData(3)(13): 0, 0, 0, 0
  remuPEData(3)(14): 0, 0, 0, 0
  remuPEData(3)(15): 0, 0, 0, 0
remuPEData(4):
  remuPEData(4)(0): 1, 1, 1, 0
  remuPEData(4)(1): 0, 0, 0, 0
  remuPEData(4)(2): 0, 0, 0, 0
  remuPEData(4)(3): 0, 0, 0, 0
  remuPEData(4)(4): 0, 0, 0, 0
  remuPEData(4)(5): 0, 0, 0, 0
  remuPEData(4)(6): 0, 0, 0, 0
  remuPEData(4)(7): 0, 0, 0, 0
  remuPEData(4)(8): 0, 0, 0, 0
  remuPEData(4)(9): 0, 0, 0, 0
  remuPEData(4)(10): 0, 0, 0, 0
  remuPEData(4)(11): 0, 0, 0, 0
  remuPEData(4)(12): 0, 0, 0, 0
  remuPEData(4)(13): 0, 0, 0, 0
  remuPEData(4)(14): 0, 0, 0, 0
  remuPEData(4)(15): 0, 0, 0, 0
remuPEData(5):
  remuPEData(5)(0): 1, 1, 1, 0
  remuPEData(5)(1): 0, 0, 0, 0
  remuPEData(5)(2): 1, 0, 0, 1
  remuPEData(5)(3): 0, 0, 0, 0
  remuPEData(5)(4): 0, 0, 0, 0
  remuPEData(5)(5): 0, 0, 0, 0
  remuPEData(5)(6): 0, 0, 0, 0
  remuPEData(5)(7): 0, 0, 0, 0
  remuPEData(5)(8): 0, 0, 0, 0
  remuPEData(5)(9): 0, 0, 0, 0
  remuPEData(5)(10): 0, 0, 0, 0
  remuPEData(5)(11): 0, 0, 0, 0
  remuPEData(5)(12): 0, 0, 0, 0
  remuPEData(5)(13): 0, 0, 0, 0
  remuPEData(5)(14): 0, 0, 0, 0
  remuPEData(5)(15): 0, 0, 0, 0
remuPEData(6):
  remuPEData(6)(0): 0, 0, 0, 0
  remuPEData(6)(1): 0, 0, 0, 0
  remuPEData(6)(2): 0, 0, 0, 0
  remuPEData(6)(3): 0, 0, 0, 0
  remuPEData(6)(4): 0, 0, 0, 0
  remuPEData(6)(5): 0, 0, 0, 0
  remuPEData(6)(6): 0, 0, 0, 0
  remuPEData(6)(7): 0, 0, 0, 0
  remuPEData(6)(8): 0, 0, 0, 0
  remuPEData(6)(9): 0, 0, 0, 0
  remuPEData(6)(10): 0, 0, 0, 0
  remuPEData(6)(11): 0, 0, 0, 0
  remuPEData(6)(12): 0, 0, 0, 0
  remuPEData(6)(13): 0, 0, 0, 0
  remuPEData(6)(14): 0, 0, 0, 0
  remuPEData(6)(15): 0, 0, 0, 0
remuPEData(7):
  remuPEData(7)(0): 0, 0, 0, 0
  remuPEData(7)(1): 0, 0, 0, 0
  remuPEData(7)(2): 0, 0, 0, 0
  remuPEData(7)(3): 0, 0, 0, 0
  remuPEData(7)(4): 0, 0, 0, 0
  remuPEData(7)(5): 0, 0, 0, 0
  remuPEData(7)(6): 0, 0, 0, 0
  remuPEData(7)(7): 0, 0, 0, 0
  remuPEData(7)(8): 0, 0, 0, 0
  remuPEData(7)(9): 0, 0, 0, 0
  remuPEData(7)(10): 0, 0, 0, 0
  remuPEData(7)(11): 0, 0, 0, 0
  remuPEData(7)(12): 0, 0, 0, 0
  remuPEData(7)(13): 0, 0, 0, 0
  remuPEData(7)(14): 0, 0, 0, 0
  remuPEData(7)(15): 0, 0, 0, 0
remuPEData(8):
  remuPEData(8)(0): 0, 0, 0, 0
  remuPEData(8)(1): 0, 0, 0, 0
  remuPEData(8)(2): 0, 0, 0, 0
  remuPEData(8)(3): 0, 0, 0, 0
  remuPEData(8)(4): 0, 0, 0, 0
  remuPEData(8)(5): 0, 0, 0, 0
  remuPEData(8)(6): 0, 0, 0, 0
  remuPEData(8)(7): 0, 0, 0, 0
  remuPEData(8)(8): 0, 0, 0, 0
  remuPEData(8)(9): 0, 0, 0, 0
  remuPEData(8)(10): 0, 0, 0, 0
  remuPEData(8)(11): 0, 0, 0, 0
  remuPEData(8)(12): 0, 0, 0, 0
  remuPEData(8)(13): 0, 0, 0, 0
  remuPEData(8)(14): 0, 0, 0, 0
  remuPEData(8)(15): 0, 0, 0, 0
remuPEData(9):
  remuPEData(9)(0): 0, 0, 0, 0
  remuPEData(9)(1): 0, 0, 0, 0
  remuPEData(9)(2): 0, 0, 0, 0
  remuPEData(9)(3): 0, 0, 0, 0
  remuPEData(9)(4): 0, 0, 0, 0
  remuPEData(9)(5): 0, 0, 0, 0
  remuPEData(9)(6): 0, 0, 0, 0
  remuPEData(9)(7): 0, 0, 0, 0
  remuPEData(9)(8): 0, 0, 0, 0
  remuPEData(9)(9): 0, 0, 0, 0
  remuPEData(9)(10): 0, 0, 0, 0
  remuPEData(9)(11): 0, 0, 0, 0
  remuPEData(9)(12): 0, 0, 0, 0
  remuPEData(9)(13): 0, 0, 0, 0
  remuPEData(9)(14): 0, 0, 0, 0
  remuPEData(9)(15): 0, 0, 0, 0
remuPEData(10):
  remuPEData(10)(0): 0, 0, 0, 0
  remuPEData(10)(1): 0, 0, 0, 0
  remuPEData(10)(2): 0, 0, 0, 0
  remuPEData(10)(3): 0, 0, 0, 0
  remuPEData(10)(4): 0, 0, 0, 0
  remuPEData(10)(5): 0, 0, 0, 0
  remuPEData(10)(6): 0, 0, 0, 0
  remuPEData(10)(7): 0, 0, 0, 0
  remuPEData(10)(8): 0, 0, 0, 0
  remuPEData(10)(9): 0, 0, 0, 0
  remuPEData(10)(10): 0, 0, 0, 0
  remuPEData(10)(11): 0, 0, 0, 0
  remuPEData(10)(12): 0, 0, 0, 0
  remuPEData(10)(13): 0, 0, 0, 0
  remuPEData(10)(14): 0, 0, 0, 0
  remuPEData(10)(15): 0, 0, 0, 0
remuPEData(11):
  remuPEData(11)(0): 0, 0, 0, 0
  remuPEData(11)(1): 0, 0, 0, 0
  remuPEData(11)(2): 0, 0, 0, 0
  remuPEData(11)(3): 0, 0, 0, 0
  remuPEData(11)(4): 0, 0, 0, 0
  remuPEData(11)(5): 0, 0, 0, 0
  remuPEData(11)(6): 0, 0, 0, 0
  remuPEData(11)(7): 0, 0, 0, 0
  remuPEData(11)(8): 0, 0, 0, 0
  remuPEData(11)(9): 0, 0, 0, 0
  remuPEData(11)(10): 0, 0, 0, 0
  remuPEData(11)(11): 0, 0, 0, 0
  remuPEData(11)(12): 0, 0, 0, 0
  remuPEData(11)(13): 0, 0, 0, 0
  remuPEData(11)(14): 0, 0, 0, 0
  remuPEData(11)(15): 0, 0, 0, 0
remuPEData(12):
  remuPEData(12)(0): 0, 0, 0, 0
  remuPEData(12)(1): 0, 0, 0, 0
  remuPEData(12)(2): 0, 0, 0, 0
  remuPEData(12)(3): 0, 0, 0, 0
  remuPEData(12)(4): 0, 0, 0, 0
  remuPEData(12)(5): 0, 0, 0, 0
  remuPEData(12)(6): 0, 0, 0, 0
  remuPEData(12)(7): 0, 0, 0, 0
  remuPEData(12)(8): 0, 0, 0, 0
  remuPEData(12)(9): 0, 0, 0, 0
  remuPEData(12)(10): 0, 0, 0, 0
  remuPEData(12)(11): 0, 0, 0, 0
  remuPEData(12)(12): 0, 0, 0, 0
  remuPEData(12)(13): 0, 0, 0, 0
  remuPEData(12)(14): 0, 0, 0, 0
  remuPEData(12)(15): 0, 0, 0, 0
remuPEData(13):
  remuPEData(13)(0): 0, 0, 0, 0
  remuPEData(13)(1): 0, 0, 0, 0
  remuPEData(13)(2): 0, 0, 0, 0
  remuPEData(13)(3): 0, 0, 0, 0
  remuPEData(13)(4): 0, 0, 0, 0
  remuPEData(13)(5): 0, 0, 0, 0
  remuPEData(13)(6): 0, 0, 0, 0
  remuPEData(13)(7): 0, 0, 0, 0
  remuPEData(13)(8): 0, 0, 0, 0
  remuPEData(13)(9): 0, 0, 0, 0
  remuPEData(13)(10): 0, 0, 0, 0
  remuPEData(13)(11): 0, 0, 0, 0
  remuPEData(13)(12): 0, 0, 0, 0
  remuPEData(13)(13): 0, 0, 0, 0
  remuPEData(13)(14): 0, 0, 0, 0
  remuPEData(13)(15): 0, 0, 0, 0
remuPEData(14):
  remuPEData(14)(0): 1, 0, 0, 1
  remuPEData(14)(1): 0, 0, 0, 0
  remuPEData(14)(2): 0, 0, 0, 0
  remuPEData(14)(3): 0, 0, 0, 0
  remuPEData(14)(4): 0, 0, 0, 0
  remuPEData(14)(5): 0, 0, 0, 0
  remuPEData(14)(6): 0, 0, 0, 0
  remuPEData(14)(7): 0, 0, 0, 0
  remuPEData(14)(8): 0, 0, 0, 0
  remuPEData(14)(9): 0, 0, 0, 0
  remuPEData(14)(10): 0, 0, 0, 0
  remuPEData(14)(11): 0, 0, 0, 0
  remuPEData(14)(12): 0, 0, 0, 0
  remuPEData(14)(13): 0, 0, 0, 0
  remuPEData(14)(14): 0, 0, 0, 0
  remuPEData(14)(15): 0, 0, 0, 0
remuPEData(15):
  remuPEData(15)(0): 0, 0, 0, 0
  remuPEData(15)(1): 0, 0, 0, 0
  remuPEData(15)(2): 0, 0, 0, 0
  remuPEData(15)(3): 0, 0, 0, 0
  remuPEData(15)(4): 0, 0, 0, 0
  remuPEData(15)(5): 0, 0, 0, 0
  remuPEData(15)(6): 0, 0, 0, 0
  remuPEData(15)(7): 0, 0, 0, 0
  remuPEData(15)(8): 0, 0, 0, 0
  remuPEData(15)(9): 0, 0, 0, 0
  remuPEData(15)(10): 0, 0, 0, 0
  remuPEData(15)(11): 0, 0, 0, 0
  remuPEData(15)(12): 0, 0, 0, 0
  remuPEData(15)(13): 0, 0, 0, 0
  remuPEData(15)(14): 0, 0, 0, 0
  remuPEData(15)(15): 0, 0, 0, 0
remuPEData(16):
  remuPEData(16)(0): 0, 0, 0, 0
  remuPEData(16)(1): 0, 0, 0, 0
  remuPEData(16)(2): 0, 0, 0, 0
  remuPEData(16)(3): 0, 0, 0, 0
  remuPEData(16)(4): 0, 0, 0, 0
  remuPEData(16)(5): 0, 0, 0, 0
  remuPEData(16)(6): 0, 0, 0, 0
  remuPEData(16)(7): 0, 0, 0, 0
  remuPEData(16)(8): 0, 0, 0, 0
  remuPEData(16)(9): 0, 0, 0, 0
  remuPEData(16)(10): 0, 0, 0, 0
  remuPEData(16)(11): 0, 0, 0, 0
  remuPEData(16)(12): 0, 0, 0, 0
  remuPEData(16)(13): 0, 0, 0, 0
  remuPEData(16)(14): 0, 0, 0, 0
  remuPEData(16)(15): 0, 0, 0, 0
remuPEData(17):
  remuPEData(17)(0): 0, 0, 0, 0
  remuPEData(17)(1): 0, 0, 0, 0
  remuPEData(17)(2): 0, 0, 0, 0
  remuPEData(17)(3): 0, 0, 0, 0
  remuPEData(17)(4): 0, 0, 0, 0
  remuPEData(17)(5): 0, 0, 0, 0
  remuPEData(17)(6): 0, 0, 0, 0
  remuPEData(17)(7): 0, 0, 0, 0
  remuPEData(17)(8): 0, 0, 0, 0
  remuPEData(17)(9): 0, 0, 0, 0
  remuPEData(17)(10): 0, 0, 0, 0
  remuPEData(17)(11): 0, 0, 0, 0
  remuPEData(17)(12): 0, 0, 0, 0
  remuPEData(17)(13): 0, 0, 0, 0
  remuPEData(17)(14): 0, 0, 0, 0
  remuPEData(17)(15): 0, 0, 0, 0
remuPEData(18):
  remuPEData(18)(0): 0, 0, 0, 0
  remuPEData(18)(1): 0, 0, 0, 0
  remuPEData(18)(2): 0, 0, 0, 0
  remuPEData(18)(3): 0, 0, 0, 0
  remuPEData(18)(4): 0, 0, 0, 0
  remuPEData(18)(5): 0, 0, 0, 0
  remuPEData(18)(6): 0, 0, 0, 0
  remuPEData(18)(7): 0, 0, 0, 0
  remuPEData(18)(8): 0, 0, 0, 0
  remuPEData(18)(9): 0, 0, 0, 0
  remuPEData(18)(10): 0, 0, 0, 0
  remuPEData(18)(11): 0, 0, 0, 0
  remuPEData(18)(12): 0, 0, 0, 0
  remuPEData(18)(13): 0, 0, 0, 0
  remuPEData(18)(14): 0, 0, 0, 0
  remuPEData(18)(15): 0, 0, 0, 0
remuPEData(19):
  remuPEData(19)(0): 1, 1, 1, 0
  remuPEData(19)(1): 0, 0, 0, 0
  remuPEData(19)(2): 0, 0, 0, 0
  remuPEData(19)(3): 0, 0, 0, 0
  remuPEData(19)(4): 0, 0, 0, 0
  remuPEData(19)(5): 0, 0, 0, 0
  remuPEData(19)(6): 0, 0, 0, 0
  remuPEData(19)(7): 0, 0, 0, 0
  remuPEData(19)(8): 0, 0, 0, 0
  remuPEData(19)(9): 0, 0, 0, 0
  remuPEData(19)(10): 0, 0, 0, 0
  remuPEData(19)(11): 0, 0, 0, 0
  remuPEData(19)(12): 0, 0, 0, 0
  remuPEData(19)(13): 0, 0, 0, 0
  remuPEData(19)(14): 0, 0, 0, 0
  remuPEData(19)(15): 0, 0, 0, 0
remuPEData(20):
  remuPEData(20)(0): 1, 1, 1, 0
  remuPEData(20)(1): 1, 1, 1, 0
  remuPEData(20)(2): 0, 0, 0, 0
  remuPEData(20)(3): 0, 0, 0, 0
  remuPEData(20)(4): 0, 0, 0, 0
  remuPEData(20)(5): 0, 0, 0, 0
  remuPEData(20)(6): 0, 0, 0, 0
  remuPEData(20)(7): 0, 0, 0, 0
  remuPEData(20)(8): 0, 0, 0, 0
  remuPEData(20)(9): 0, 0, 0, 0
  remuPEData(20)(10): 0, 0, 0, 0
  remuPEData(20)(11): 0, 0, 0, 0
  remuPEData(20)(12): 0, 0, 0, 0
  remuPEData(20)(13): 0, 0, 0, 0
  remuPEData(20)(14): 0, 0, 0, 0
  remuPEData(20)(15): 0, 0, 0, 0
remuPEData(21):
  remuPEData(21)(0): 1, 0, 0, 1
  remuPEData(21)(1): 1, 1, 1, 0
  remuPEData(21)(2): 1, 1, 1, 0
  remuPEData(21)(3): 0, 0, 0, 0
  remuPEData(21)(4): 0, 0, 0, 0
  remuPEData(21)(5): 0, 0, 0, 0
  remuPEData(21)(6): 0, 0, 0, 0
  remuPEData(21)(7): 0, 0, 0, 0
  remuPEData(21)(8): 0, 0, 0, 0
  remuPEData(21)(9): 0, 0, 0, 0
  remuPEData(21)(10): 0, 0, 0, 0
  remuPEData(21)(11): 0, 0, 0, 0
  remuPEData(21)(12): 0, 0, 0, 0
  remuPEData(21)(13): 0, 0, 0, 0
  remuPEData(21)(14): 0, 0, 0, 0
  remuPEData(21)(15): 0, 0, 0, 0
remuPEData(22):
  remuPEData(22)(0): 1, 0, 0, 1
  remuPEData(22)(1): 1, 0, 0, 0
  remuPEData(22)(2): 0, 0, 0, 0
  remuPEData(22)(3): 0, 0, 0, 0
  remuPEData(22)(4): 0, 0, 0, 0
  remuPEData(22)(5): 0, 0, 0, 0
  remuPEData(22)(6): 0, 0, 0, 0
  remuPEData(22)(7): 0, 0, 0, 0
  remuPEData(22)(8): 0, 0, 0, 0
  remuPEData(22)(9): 0, 0, 0, 0
  remuPEData(22)(10): 0, 0, 0, 0
  remuPEData(22)(11): 0, 0, 0, 0
  remuPEData(22)(12): 0, 0, 0, 0
  remuPEData(22)(13): 0, 0, 0, 0
  remuPEData(22)(14): 0, 0, 0, 0
  remuPEData(22)(15): 0, 0, 0, 0
remuPEData(23):
  remuPEData(23)(0): 0, 0, 0, 0
  remuPEData(23)(1): 0, 0, 0, 0
  remuPEData(23)(2): 0, 0, 0, 0
  remuPEData(23)(3): 0, 0, 0, 0
  remuPEData(23)(4): 0, 0, 0, 0
  remuPEData(23)(5): 0, 0, 0, 0
  remuPEData(23)(6): 0, 0, 0, 0
  remuPEData(23)(7): 0, 0, 0, 0
  remuPEData(23)(8): 0, 0, 0, 0
  remuPEData(23)(9): 0, 0, 0, 0
  remuPEData(23)(10): 0, 0, 0, 0
  remuPEData(23)(11): 0, 0, 0, 0
  remuPEData(23)(12): 0, 0, 0, 0
  remuPEData(23)(13): 0, 0, 0, 0
  remuPEData(23)(14): 0, 0, 0, 0
  remuPEData(23)(15): 0, 0, 0, 0
remuPEData(24):
  remuPEData(24)(0): 0, 1, 0, 0
  remuPEData(24)(1): 0, 0, 0, 0
  remuPEData(24)(2): 0, 0, 0, 0
  remuPEData(24)(3): 0, 0, 0, 0
  remuPEData(24)(4): 0, 0, 0, 0
  remuPEData(24)(5): 0, 0, 0, 0
  remuPEData(24)(6): 0, 0, 0, 0
  remuPEData(24)(7): 0, 0, 0, 0
  remuPEData(24)(8): 0, 0, 0, 0
  remuPEData(24)(9): 0, 0, 0, 0
  remuPEData(24)(10): 0, 0, 0, 0
  remuPEData(24)(11): 0, 0, 0, 0
  remuPEData(24)(12): 0, 0, 0, 0
  remuPEData(24)(13): 0, 0, 0, 0
  remuPEData(24)(14): 0, 0, 0, 0
  remuPEData(24)(15): 0, 0, 0, 0
remuPEData(25):
  remuPEData(25)(0): 0, 0, 0, 0
  remuPEData(25)(1): 0, 1, 0, 1
  remuPEData(25)(2): 0, 0, 0, 0
  remuPEData(25)(3): 0, 0, 0, 0
  remuPEData(25)(4): 0, 0, 0, 0
  remuPEData(25)(5): 0, 0, 0, 0
  remuPEData(25)(6): 0, 0, 0, 0
  remuPEData(25)(7): 0, 0, 0, 0
  remuPEData(25)(8): 0, 0, 0, 0
  remuPEData(25)(9): 0, 0, 0, 0
  remuPEData(25)(10): 0, 0, 0, 0
  remuPEData(25)(11): 0, 0, 0, 0
  remuPEData(25)(12): 0, 0, 0, 0
  remuPEData(25)(13): 0, 0, 0, 0
  remuPEData(25)(14): 0, 0, 0, 0
  remuPEData(25)(15): 0, 0, 0, 0
remuPEData(26):
  remuPEData(26)(0): 0, 0, 0, 0
  remuPEData(26)(1): 0, 0, 0, 0
  remuPEData(26)(2): 0, 1, 0, 1
  remuPEData(26)(3): 1, 0, 0, 1
  remuPEData(26)(4): 1, 0, 0, 1
  remuPEData(26)(5): 0, 0, 0, 0
  remuPEData(26)(6): 0, 0, 0, 0
  remuPEData(26)(7): 0, 0, 0, 0
  remuPEData(26)(8): 0, 0, 0, 0
  remuPEData(26)(9): 0, 0, 0, 0
  remuPEData(26)(10): 0, 0, 0, 0
  remuPEData(26)(11): 0, 0, 0, 0
  remuPEData(26)(12): 0, 0, 0, 0
  remuPEData(26)(13): 0, 0, 0, 0
  remuPEData(26)(14): 0, 0, 0, 0
  remuPEData(26)(15): 0, 0, 0, 0
remuPEData(27):
  remuPEData(27)(0): 0, 0, 0, 0
  remuPEData(27)(1): 0, 0, 0, 0
  remuPEData(27)(2): 0, 1, 0, 1
  remuPEData(27)(3): 1, 0, 0, 1
  remuPEData(27)(4): 1, 0, 0, 0
  remuPEData(27)(5): 1, 0, 0, 0
  remuPEData(27)(6): 0, 0, 0, 0
  remuPEData(27)(7): 1, 0, 0, 0
  remuPEData(27)(8): 0, 0, 0, 0
  remuPEData(27)(9): 0, 0, 0, 0
  remuPEData(27)(10): 0, 0, 0, 0
  remuPEData(27)(11): 0, 0, 0, 0
  remuPEData(27)(12): 0, 0, 0, 0
  remuPEData(27)(13): 0, 0, 0, 0
  remuPEData(27)(14): 0, 0, 0, 0
  remuPEData(27)(15): 0, 0, 0, 0
remuPEData(28):
  remuPEData(28)(0): 0, 1, 1, 0
  remuPEData(28)(1): 1, 0, 0, 1
  remuPEData(28)(2): 0, 1, 1, 0
  remuPEData(28)(3): 1, 0, 0, 0
  remuPEData(28)(4): 0, 0, 0, 0
  remuPEData(28)(5): 0, 0, 0, 0
  remuPEData(28)(6): 0, 0, 0, 0
  remuPEData(28)(7): 0, 0, 0, 0
  remuPEData(28)(8): 0, 0, 0, 0
  remuPEData(28)(9): 0, 0, 0, 0
  remuPEData(28)(10): 0, 0, 0, 0
  remuPEData(28)(11): 0, 0, 0, 0
  remuPEData(28)(12): 0, 0, 0, 0
  remuPEData(28)(13): 0, 0, 0, 0
  remuPEData(28)(14): 0, 0, 0, 0
  remuPEData(28)(15): 0, 0, 0, 0
remuPEData(29):
  remuPEData(29)(0): 0, 1, 1, 0
  remuPEData(29)(1): 1, 0, 0, 1
  remuPEData(29)(2): 1, 1, 1, 0
  remuPEData(29)(3): 1, 0, 0, 1
  remuPEData(29)(4): 1, 0, 0, 1
  remuPEData(29)(5): 0, 0, 0, 0
  remuPEData(29)(6): 0, 0, 0, 0
  remuPEData(29)(7): 0, 0, 0, 0
  remuPEData(29)(8): 0, 0, 0, 0
  remuPEData(29)(9): 0, 0, 0, 0
  remuPEData(29)(10): 0, 0, 0, 0
  remuPEData(29)(11): 0, 0, 0, 0
  remuPEData(29)(12): 0, 0, 0, 0
  remuPEData(29)(13): 0, 0, 0, 0
  remuPEData(29)(14): 0, 0, 0, 0
  remuPEData(29)(15): 0, 0, 0, 0
remuPEData(30):
  remuPEData(30)(0): 0, 1, 1, 0
  remuPEData(30)(1): 1, 0, 0, 1
  remuPEData(30)(2): 0, 0, 0, 0
  remuPEData(30)(3): 1, 0, 0, 0
  remuPEData(30)(4): 1, 1, 1, 0
  remuPEData(30)(5): 0, 0, 0, 0
  remuPEData(30)(6): 0, 0, 0, 0
  remuPEData(30)(7): 0, 0, 0, 0
  remuPEData(30)(8): 0, 0, 0, 0
  remuPEData(30)(9): 0, 0, 0, 0
  remuPEData(30)(10): 0, 0, 0, 0
  remuPEData(30)(11): 0, 0, 0, 0
  remuPEData(30)(12): 0, 0, 0, 0
  remuPEData(30)(13): 0, 0, 0, 0
  remuPEData(30)(14): 0, 0, 0, 0
  remuPEData(30)(15): 0, 0, 0, 0
remuPEData(31):
  remuPEData(31)(0): 0, 1, 1, 0
  remuPEData(31)(1): 0, 1, 1, 0
  remuPEData(31)(2): 0, 1, 1, 0
  remuPEData(31)(3): 1, 0, 0, 1
  remuPEData(31)(4): 0, 0, 0, 0
  remuPEData(31)(5): 0, 0, 0, 0
  remuPEData(31)(6): 0, 0, 0, 0
  remuPEData(31)(7): 0, 0, 0, 0
  remuPEData(31)(8): 0, 0, 0, 0
  remuPEData(31)(9): 0, 0, 0, 0
  remuPEData(31)(10): 0, 0, 0, 0
  remuPEData(31)(11): 0, 0, 0, 0
  remuPEData(31)(12): 0, 0, 0, 0
  remuPEData(31)(13): 0, 0, 0, 0
  remuPEData(31)(14): 0, 0, 0, 0
  remuPEData(31)(15): 0, 0, 0, 0
remuPEData(32):
  remuPEData(32)(0): 1, 0, 0, 1
  remuPEData(32)(1): 1, 0, 0, 1
  remuPEData(32)(2): 0, 0, 0, 0
  remuPEData(32)(3): 0, 0, 0, 0
  remuPEData(32)(4): 1, 0, 0, 0
  remuPEData(32)(5): 1, 0, 0, 0
  remuPEData(32)(6): 0, 0, 0, 0
  remuPEData(32)(7): 0, 0, 0, 0
  remuPEData(32)(8): 0, 0, 0, 0
  remuPEData(32)(9): 0, 0, 0, 0
  remuPEData(32)(10): 0, 0, 0, 0
  remuPEData(32)(11): 0, 0, 0, 0
  remuPEData(32)(12): 0, 0, 0, 0
  remuPEData(32)(13): 0, 0, 0, 0
  remuPEData(32)(14): 0, 0, 0, 0
  remuPEData(32)(15): 0, 0, 0, 0
remuPEData(33):
  remuPEData(33)(0): 1, 1, 1, 0
  remuPEData(33)(1): 1, 0, 0, 1
  remuPEData(33)(2): 1, 0, 0, 0
  remuPEData(33)(3): 1, 0, 0, 0
  remuPEData(33)(4): 1, 0, 0, 0
  remuPEData(33)(5): 0, 0, 0, 0
  remuPEData(33)(6): 0, 0, 0, 0
  remuPEData(33)(7): 0, 0, 0, 0
  remuPEData(33)(8): 0, 0, 0, 0
  remuPEData(33)(9): 0, 0, 0, 0
  remuPEData(33)(10): 0, 0, 0, 0
  remuPEData(33)(11): 0, 0, 0, 0
  remuPEData(33)(12): 0, 0, 0, 0
  remuPEData(33)(13): 0, 0, 0, 0
  remuPEData(33)(14): 0, 0, 0, 0
  remuPEData(33)(15): 0, 0, 0, 0
remuPEData(34):
  remuPEData(34)(0): 0, 0, 0, 0
  remuPEData(34)(1): 1, 0, 0, 1
  remuPEData(34)(2): 1, 0, 0, 1
  remuPEData(34)(3): 1, 0, 0, 0
  remuPEData(34)(4): 1, 0, 0, 0
  remuPEData(34)(5): 1, 0, 0, 0
  remuPEData(34)(6): 1, 0, 0, 0
  remuPEData(34)(7): 0, 0, 0, 0
  remuPEData(34)(8): 0, 0, 0, 0
  remuPEData(34)(9): 0, 0, 0, 0
  remuPEData(34)(10): 0, 0, 0, 0
  remuPEData(34)(11): 0, 0, 0, 0
  remuPEData(34)(12): 0, 0, 0, 0
  remuPEData(34)(13): 0, 0, 0, 0
  remuPEData(34)(14): 0, 0, 0, 0
  remuPEData(34)(15): 0, 0, 0, 0
remuPEData(35):
  remuPEData(35)(0): 1, 0, 0, 1
  remuPEData(35)(1): 1, 0, 0, 1
  remuPEData(35)(2): 1, 0, 0, 0
  remuPEData(35)(3): 1, 0, 0, 0
  remuPEData(35)(4): 0, 0, 0, 0
  remuPEData(35)(5): 0, 0, 0, 0
  remuPEData(35)(6): 0, 0, 0, 0
  remuPEData(35)(7): 0, 0, 0, 0
  remuPEData(35)(8): 0, 0, 0, 0
  remuPEData(35)(9): 0, 0, 0, 0
  remuPEData(35)(10): 0, 0, 0, 0
  remuPEData(35)(11): 0, 0, 0, 0
  remuPEData(35)(12): 0, 0, 0, 0
  remuPEData(35)(13): 0, 0, 0, 0
  remuPEData(35)(14): 0, 0, 0, 0
  remuPEData(35)(15): 0, 0, 0, 0

remuRedist:
remuRedist(0):
  PE(0) Inst(0) Data0:
remuRedist Tags (tagWidth=16): 1, 0, 1, 0, 0, 0, 0, 0, 0, 0, 0, 0, 0, 0, 0, 0
remuRedist Forward bitvector (len=16): 1, 0, 0, 0, 0, 0, 0, 0, 0, 0, 0, 0, 0, 0, 0, 0
  PE(0) Inst(0) Data1:
remuRedist Tags (tagWidth=16): 0, 0, 0, 1, 0, 0, 0, 0, 0, 0, 0, 0, 0, 0, 0, 0
remuRedist Forward bitvector (len=16): 1, 0, 0, 0, 0, 0, 0, 0, 0, 0, 0, 0, 0, 0, 0, 0
  PE(0) Inst(0) Data2:
remuRedist Tags (tagWidth=16): 0, 1, 0, 0, 1, 1, 0, 0, 0, 0, 0, 0, 0, 0, 0, 0
remuRedist Forward bitvector (len=16): 1, 0, 0, 0, 0, 0, 0, 0, 0, 0, 0, 0, 0, 0, 0, 0
  PE(0) Inst(0) Data3:
remuRedist Tags (tagWidth=16): 0, 0, 0, 0, 0, 0, 0, 0, 0, 0, 0, 0, 0, 0, 0, 0
remuRedist Forward bitvector (len=16): 0, 0, 0, 0, 0, 0, 0, 0, 0, 0, 0, 0, 0, 0, 0, 0
  PE(0) Inst(1) Data0:
remuRedist Tags (tagWidth=16): 0, 0, 1, 1, 0, 0, 0, 0, 0, 0, 0, 0, 0, 0, 0, 0
remuRedist Forward bitvector (len=16): 0, 1, 0, 0, 0, 0, 0, 0, 0, 0, 0, 0, 0, 0, 0, 0
  PE(0) Inst(1) Data1:
remuRedist Tags (tagWidth=16): 1, 1, 1, 0, 0, 0, 0, 0, 0, 0, 0, 0, 0, 0, 0, 0
remuRedist Forward bitvector (len=16): 0, 1, 0, 0, 0, 0, 0, 0, 0, 0, 0, 0, 0, 0, 0, 0
  PE(0) Inst(1) Data2:
remuRedist Tags (tagWidth=16): 0, 0, 0, 0, 0, 0, 0, 0, 0, 0, 0, 0, 0, 0, 0, 0
remuRedist Forward bitvector (len=16): 0, 0, 0, 0, 0, 0, 0, 0, 0, 0, 0, 0, 0, 0, 0, 0
  PE(0) Inst(1) Data3:
remuRedist Tags (tagWidth=16): 0, 0, 0, 0, 0, 0, 0, 0, 0, 0, 0, 0, 0, 0, 0, 0
remuRedist Forward bitvector (len=16): 0, 0, 0, 0, 0, 0, 0, 0, 0, 0, 0, 0, 0, 0, 0, 0
  PE(0) Inst(2) Data0:
remuRedist Tags (tagWidth=16): 0, 0, 0, 0, 0, 0, 0, 0, 0, 0, 0, 0, 0, 0, 0, 0
remuRedist Forward bitvector (len=16): 0, 0, 0, 0, 0, 0, 0, 0, 0, 0, 0, 0, 0, 0, 0, 0
  PE(0) Inst(2) Data1:
remuRedist Tags (tagWidth=16): 0, 0, 0, 0, 0, 0, 0, 0, 0, 0, 0, 0, 0, 0, 0, 0
remuRedist Forward bitvector (len=16): 0, 0, 0, 0, 0, 0, 0, 0, 0, 0, 0, 0, 0, 0, 0, 0
  PE(0) Inst(2) Data2:
remuRedist Tags (tagWidth=16): 0, 0, 0, 0, 0, 0, 0, 0, 0, 0, 0, 0, 0, 0, 0, 0
remuRedist Forward bitvector (len=16): 0, 0, 0, 0, 0, 0, 0, 0, 0, 0, 0, 0, 0, 0, 0, 0
  PE(0) Inst(2) Data3:
remuRedist Tags (tagWidth=16): 0, 0, 0, 0, 0, 0, 0, 0, 0, 0, 0, 0, 0, 0, 0, 0
remuRedist Forward bitvector (len=16): 0, 0, 0, 0, 0, 0, 0, 0, 0, 0, 0, 0, 0, 0, 0, 0
  PE(0) Inst(3) Data0:
remuRedist Tags (tagWidth=16): 0, 0, 0, 0, 0, 0, 0, 0, 0, 0, 0, 0, 0, 0, 0, 0
remuRedist Forward bitvector (len=16): 0, 0, 0, 0, 0, 0, 0, 0, 0, 0, 0, 0, 0, 0, 0, 0
  PE(0) Inst(3) Data1:
remuRedist Tags (tagWidth=16): 0, 0, 0, 0, 0, 0, 0, 0, 0, 0, 0, 0, 0, 0, 0, 0
remuRedist Forward bitvector (len=16): 0, 0, 0, 0, 0, 0, 0, 0, 0, 0, 0, 0, 0, 0, 0, 0
  PE(0) Inst(3) Data2:
remuRedist Tags (tagWidth=16): 0, 0, 0, 0, 0, 0, 0, 0, 0, 0, 0, 0, 0, 0, 0, 0
remuRedist Forward bitvector (len=16): 0, 0, 0, 0, 0, 0, 0, 0, 0, 0, 0, 0, 0, 0, 0, 0
  PE(0) Inst(3) Data3:
remuRedist Tags (tagWidth=16): 0, 0, 0, 0, 0, 0, 0, 0, 0, 0, 0, 0, 0, 0, 0, 0
remuRedist Forward bitvector (len=16): 0, 0, 0, 0, 0, 0, 0, 0, 0, 0, 0, 0, 0, 0, 0, 0
  PE(0) Inst(4) Data0:
remuRedist Tags (tagWidth=16): 0, 0, 0, 0, 0, 0, 0, 0, 0, 0, 0, 0, 0, 0, 0, 0
remuRedist Forward bitvector (len=16): 0, 0, 0, 0, 0, 0, 0, 0, 0, 0, 0, 0, 0, 0, 0, 0
  PE(0) Inst(4) Data1:
remuRedist Tags (tagWidth=16): 0, 0, 0, 0, 0, 0, 0, 0, 0, 0, 0, 0, 0, 0, 0, 0
remuRedist Forward bitvector (len=16): 0, 0, 0, 0, 0, 0, 0, 0, 0, 0, 0, 0, 0, 0, 0, 0
  PE(0) Inst(4) Data2:
remuRedist Tags (tagWidth=16): 0, 0, 0, 0, 0, 0, 0, 0, 0, 0, 0, 0, 0, 0, 0, 0
remuRedist Forward bitvector (len=16): 0, 0, 0, 0, 0, 0, 0, 0, 0, 0, 0, 0, 0, 0, 0, 0
  PE(0) Inst(4) Data3:
remuRedist Tags (tagWidth=16): 0, 0, 0, 0, 0, 0, 0, 0, 0, 0, 0, 0, 0, 0, 0, 0
remuRedist Forward bitvector (len=16): 0, 0, 0, 0, 0, 0, 0, 0, 0, 0, 0, 0, 0, 0, 0, 0
  PE(0) Inst(5) Data0:
remuRedist Tags (tagWidth=16): 0, 0, 0, 0, 0, 0, 0, 0, 0, 0, 0, 0, 0, 0, 0, 0
remuRedist Forward bitvector (len=16): 0, 0, 0, 0, 0, 0, 0, 0, 0, 0, 0, 0, 0, 0, 0, 0
  PE(0) Inst(5) Data1:
remuRedist Tags (tagWidth=16): 0, 0, 0, 0, 0, 0, 0, 0, 0, 0, 0, 0, 0, 0, 0, 0
remuRedist Forward bitvector (len=16): 0, 0, 0, 0, 0, 0, 0, 0, 0, 0, 0, 0, 0, 0, 0, 0
  PE(0) Inst(5) Data2:
remuRedist Tags (tagWidth=16): 0, 0, 0, 0, 0, 0, 0, 0, 0, 0, 0, 0, 0, 0, 0, 0
remuRedist Forward bitvector (len=16): 0, 0, 0, 0, 0, 0, 0, 0, 0, 0, 0, 0, 0, 0, 0, 0
  PE(0) Inst(5) Data3:
remuRedist Tags (tagWidth=16): 0, 0, 0, 0, 0, 0, 0, 0, 0, 0, 0, 0, 0, 0, 0, 0
remuRedist Forward bitvector (len=16): 0, 0, 0, 0, 0, 0, 0, 0, 0, 0, 0, 0, 0, 0, 0, 0
  PE(0) Inst(6) Data0:
remuRedist Tags (tagWidth=16): 0, 0, 0, 0, 0, 0, 0, 0, 0, 0, 0, 0, 0, 0, 0, 0
remuRedist Forward bitvector (len=16): 0, 0, 0, 0, 0, 0, 0, 0, 0, 0, 0, 0, 0, 0, 0, 0
  PE(0) Inst(6) Data1:
remuRedist Tags (tagWidth=16): 0, 0, 0, 0, 0, 0, 0, 0, 0, 0, 0, 0, 0, 0, 0, 0
remuRedist Forward bitvector (len=16): 0, 0, 0, 0, 0, 0, 0, 0, 0, 0, 0, 0, 0, 0, 0, 0
  PE(0) Inst(6) Data2:
remuRedist Tags (tagWidth=16): 0, 0, 0, 0, 0, 0, 0, 0, 0, 0, 0, 0, 0, 0, 0, 0
remuRedist Forward bitvector (len=16): 0, 0, 0, 0, 0, 0, 0, 0, 0, 0, 0, 0, 0, 0, 0, 0
  PE(0) Inst(6) Data3:
remuRedist Tags (tagWidth=16): 0, 0, 0, 0, 0, 0, 0, 0, 0, 0, 0, 0, 0, 0, 0, 0
remuRedist Forward bitvector (len=16): 0, 0, 0, 0, 0, 0, 0, 0, 0, 0, 0, 0, 0, 0, 0, 0
  PE(0) Inst(7) Data0:
remuRedist Tags (tagWidth=16): 0, 0, 0, 0, 0, 0, 0, 0, 0, 0, 0, 0, 0, 0, 0, 0
remuRedist Forward bitvector (len=16): 0, 0, 0, 0, 0, 0, 0, 0, 0, 0, 0, 0, 0, 0, 0, 0
  PE(0) Inst(7) Data1:
remuRedist Tags (tagWidth=16): 0, 0, 0, 0, 0, 0, 0, 0, 0, 0, 0, 0, 0, 0, 0, 0
remuRedist Forward bitvector (len=16): 0, 0, 0, 0, 0, 0, 0, 0, 0, 0, 0, 0, 0, 0, 0, 0
  PE(0) Inst(7) Data2:
remuRedist Tags (tagWidth=16): 0, 0, 0, 0, 0, 0, 0, 0, 0, 0, 0, 0, 0, 0, 0, 0
remuRedist Forward bitvector (len=16): 0, 0, 0, 0, 0, 0, 0, 0, 0, 0, 0, 0, 0, 0, 0, 0
  PE(0) Inst(7) Data3:
remuRedist Tags (tagWidth=16): 0, 0, 0, 0, 0, 0, 0, 0, 0, 0, 0, 0, 0, 0, 0, 0
remuRedist Forward bitvector (len=16): 0, 0, 0, 0, 0, 0, 0, 0, 0, 0, 0, 0, 0, 0, 0, 0
  PE(0) Inst(8) Data0:
remuRedist Tags (tagWidth=16): 0, 0, 0, 0, 0, 0, 0, 0, 0, 0, 0, 0, 0, 0, 0, 0
remuRedist Forward bitvector (len=16): 0, 0, 0, 0, 0, 0, 0, 0, 0, 0, 0, 0, 0, 0, 0, 0
  PE(0) Inst(8) Data1:
remuRedist Tags (tagWidth=16): 0, 0, 0, 0, 0, 0, 0, 0, 0, 0, 0, 0, 0, 0, 0, 0
remuRedist Forward bitvector (len=16): 0, 0, 0, 0, 0, 0, 0, 0, 0, 0, 0, 0, 0, 0, 0, 0
  PE(0) Inst(8) Data2:
remuRedist Tags (tagWidth=16): 0, 0, 0, 0, 0, 0, 0, 0, 0, 0, 0, 0, 0, 0, 0, 0
remuRedist Forward bitvector (len=16): 0, 0, 0, 0, 0, 0, 0, 0, 0, 0, 0, 0, 0, 0, 0, 0
  PE(0) Inst(8) Data3:
remuRedist Tags (tagWidth=16): 0, 0, 0, 0, 0, 0, 0, 0, 0, 0, 0, 0, 0, 0, 0, 0
remuRedist Forward bitvector (len=16): 0, 0, 0, 0, 0, 0, 0, 0, 0, 0, 0, 0, 0, 0, 0, 0
  PE(0) Inst(9) Data0:
remuRedist Tags (tagWidth=16): 0, 0, 0, 0, 0, 0, 0, 0, 0, 0, 0, 0, 0, 0, 0, 0
remuRedist Forward bitvector (len=16): 0, 0, 0, 0, 0, 0, 0, 0, 0, 0, 0, 0, 0, 0, 0, 0
  PE(0) Inst(9) Data1:
remuRedist Tags (tagWidth=16): 0, 0, 0, 0, 0, 0, 0, 0, 0, 0, 0, 0, 0, 0, 0, 0
remuRedist Forward bitvector (len=16): 0, 0, 0, 0, 0, 0, 0, 0, 0, 0, 0, 0, 0, 0, 0, 0
  PE(0) Inst(9) Data2:
remuRedist Tags (tagWidth=16): 0, 0, 0, 0, 0, 0, 0, 0, 0, 0, 0, 0, 0, 0, 0, 0
remuRedist Forward bitvector (len=16): 0, 0, 0, 0, 0, 0, 0, 0, 0, 0, 0, 0, 0, 0, 0, 0
  PE(0) Inst(9) Data3:
remuRedist Tags (tagWidth=16): 0, 0, 0, 0, 0, 0, 0, 0, 0, 0, 0, 0, 0, 0, 0, 0
remuRedist Forward bitvector (len=16): 0, 0, 0, 0, 0, 0, 0, 0, 0, 0, 0, 0, 0, 0, 0, 0
  PE(0) Inst(10) Data0:
remuRedist Tags (tagWidth=16): 0, 0, 0, 0, 0, 0, 0, 0, 0, 0, 0, 0, 0, 0, 0, 0
remuRedist Forward bitvector (len=16): 0, 0, 0, 0, 0, 0, 0, 0, 0, 0, 0, 0, 0, 0, 0, 0
  PE(0) Inst(10) Data1:
remuRedist Tags (tagWidth=16): 0, 0, 0, 0, 0, 0, 0, 0, 0, 0, 0, 0, 0, 0, 0, 0
remuRedist Forward bitvector (len=16): 0, 0, 0, 0, 0, 0, 0, 0, 0, 0, 0, 0, 0, 0, 0, 0
  PE(0) Inst(10) Data2:
remuRedist Tags (tagWidth=16): 0, 0, 0, 0, 0, 0, 0, 0, 0, 0, 0, 0, 0, 0, 0, 0
remuRedist Forward bitvector (len=16): 0, 0, 0, 0, 0, 0, 0, 0, 0, 0, 0, 0, 0, 0, 0, 0
  PE(0) Inst(10) Data3:
remuRedist Tags (tagWidth=16): 0, 0, 0, 0, 0, 0, 0, 0, 0, 0, 0, 0, 0, 0, 0, 0
remuRedist Forward bitvector (len=16): 0, 0, 0, 0, 0, 0, 0, 0, 0, 0, 0, 0, 0, 0, 0, 0
  PE(0) Inst(11) Data0:
remuRedist Tags (tagWidth=16): 0, 0, 0, 0, 0, 0, 0, 0, 0, 0, 0, 0, 0, 0, 0, 0
remuRedist Forward bitvector (len=16): 0, 0, 0, 0, 0, 0, 0, 0, 0, 0, 0, 0, 0, 0, 0, 0
  PE(0) Inst(11) Data1:
remuRedist Tags (tagWidth=16): 0, 0, 0, 0, 0, 0, 0, 0, 0, 0, 0, 0, 0, 0, 0, 0
remuRedist Forward bitvector (len=16): 0, 0, 0, 0, 0, 0, 0, 0, 0, 0, 0, 0, 0, 0, 0, 0
  PE(0) Inst(11) Data2:
remuRedist Tags (tagWidth=16): 0, 0, 0, 0, 0, 0, 0, 0, 0, 0, 0, 0, 0, 0, 0, 0
remuRedist Forward bitvector (len=16): 0, 0, 0, 0, 0, 0, 0, 0, 0, 0, 0, 0, 0, 0, 0, 0
  PE(0) Inst(11) Data3:
remuRedist Tags (tagWidth=16): 0, 0, 0, 0, 0, 0, 0, 0, 0, 0, 0, 0, 0, 0, 0, 0
remuRedist Forward bitvector (len=16): 0, 0, 0, 0, 0, 0, 0, 0, 0, 0, 0, 0, 0, 0, 0, 0
  PE(0) Inst(12) Data0:
remuRedist Tags (tagWidth=16): 0, 0, 0, 0, 0, 0, 0, 0, 0, 0, 0, 0, 0, 0, 0, 0
remuRedist Forward bitvector (len=16): 0, 0, 0, 0, 0, 0, 0, 0, 0, 0, 0, 0, 0, 0, 0, 0
  PE(0) Inst(12) Data1:
remuRedist Tags (tagWidth=16): 0, 0, 0, 0, 0, 0, 0, 0, 0, 0, 0, 0, 0, 0, 0, 0
remuRedist Forward bitvector (len=16): 0, 0, 0, 0, 0, 0, 0, 0, 0, 0, 0, 0, 0, 0, 0, 0
  PE(0) Inst(12) Data2:
remuRedist Tags (tagWidth=16): 0, 0, 0, 0, 0, 0, 0, 0, 0, 0, 0, 0, 0, 0, 0, 0
remuRedist Forward bitvector (len=16): 0, 0, 0, 0, 0, 0, 0, 0, 0, 0, 0, 0, 0, 0, 0, 0
  PE(0) Inst(12) Data3:
remuRedist Tags (tagWidth=16): 0, 0, 0, 0, 0, 0, 0, 0, 0, 0, 0, 0, 0, 0, 0, 0
remuRedist Forward bitvector (len=16): 0, 0, 0, 0, 0, 0, 0, 0, 0, 0, 0, 0, 0, 0, 0, 0
  PE(0) Inst(13) Data0:
remuRedist Tags (tagWidth=16): 0, 0, 0, 0, 0, 0, 0, 0, 0, 0, 0, 0, 0, 0, 0, 0
remuRedist Forward bitvector (len=16): 0, 0, 0, 0, 0, 0, 0, 0, 0, 0, 0, 0, 0, 0, 0, 0
  PE(0) Inst(13) Data1:
remuRedist Tags (tagWidth=16): 0, 0, 0, 0, 0, 0, 0, 0, 0, 0, 0, 0, 0, 0, 0, 0
remuRedist Forward bitvector (len=16): 0, 0, 0, 0, 0, 0, 0, 0, 0, 0, 0, 0, 0, 0, 0, 0
  PE(0) Inst(13) Data2:
remuRedist Tags (tagWidth=16): 0, 0, 0, 0, 0, 0, 0, 0, 0, 0, 0, 0, 0, 0, 0, 0
remuRedist Forward bitvector (len=16): 0, 0, 0, 0, 0, 0, 0, 0, 0, 0, 0, 0, 0, 0, 0, 0
  PE(0) Inst(13) Data3:
remuRedist Tags (tagWidth=16): 0, 0, 0, 0, 0, 0, 0, 0, 0, 0, 0, 0, 0, 0, 0, 0
remuRedist Forward bitvector (len=16): 0, 0, 0, 0, 0, 0, 0, 0, 0, 0, 0, 0, 0, 0, 0, 0
  PE(0) Inst(14) Data0:
remuRedist Tags (tagWidth=16): 0, 0, 0, 0, 0, 0, 0, 0, 0, 0, 0, 0, 0, 0, 0, 0
remuRedist Forward bitvector (len=16): 0, 0, 0, 0, 0, 0, 0, 0, 0, 0, 0, 0, 0, 0, 0, 0
  PE(0) Inst(14) Data1:
remuRedist Tags (tagWidth=16): 0, 0, 0, 0, 0, 0, 0, 0, 0, 0, 0, 0, 0, 0, 0, 0
remuRedist Forward bitvector (len=16): 0, 0, 0, 0, 0, 0, 0, 0, 0, 0, 0, 0, 0, 0, 0, 0
  PE(0) Inst(14) Data2:
remuRedist Tags (tagWidth=16): 0, 0, 0, 0, 0, 0, 0, 0, 0, 0, 0, 0, 0, 0, 0, 0
remuRedist Forward bitvector (len=16): 0, 0, 0, 0, 0, 0, 0, 0, 0, 0, 0, 0, 0, 0, 0, 0
  PE(0) Inst(14) Data3:
remuRedist Tags (tagWidth=16): 0, 0, 0, 0, 0, 0, 0, 0, 0, 0, 0, 0, 0, 0, 0, 0
remuRedist Forward bitvector (len=16): 0, 0, 0, 0, 0, 0, 0, 0, 0, 0, 0, 0, 0, 0, 0, 0
  PE(0) Inst(15) Data0:
remuRedist Tags (tagWidth=16): 0, 0, 0, 0, 0, 0, 0, 0, 0, 0, 0, 0, 0, 0, 0, 0
remuRedist Forward bitvector (len=16): 0, 0, 0, 0, 0, 0, 0, 0, 0, 0, 0, 0, 0, 0, 0, 0
  PE(0) Inst(15) Data1:
remuRedist Tags (tagWidth=16): 0, 0, 0, 0, 0, 0, 0, 0, 0, 0, 0, 0, 0, 0, 0, 0
remuRedist Forward bitvector (len=16): 0, 0, 0, 0, 0, 0, 0, 0, 0, 0, 0, 0, 0, 0, 0, 0
  PE(0) Inst(15) Data2:
remuRedist Tags (tagWidth=16): 0, 0, 0, 0, 0, 0, 0, 0, 0, 0, 0, 0, 0, 0, 0, 0
remuRedist Forward bitvector (len=16): 0, 0, 0, 0, 0, 0, 0, 0, 0, 0, 0, 0, 0, 0, 0, 0
  PE(0) Inst(15) Data3:
remuRedist Tags (tagWidth=16): 0, 0, 0, 0, 0, 0, 0, 0, 0, 0, 0, 0, 0, 0, 0, 0
remuRedist Forward bitvector (len=16): 0, 0, 0, 0, 0, 0, 0, 0, 0, 0, 0, 0, 0, 0, 0, 0
remuRedist(1):
  PE(1) Inst(0) Data0:
remuRedist Tags (tagWidth=16): 1, 0, 1, 0, 1, 0, 0, 0, 0, 0, 0, 0, 0, 0, 0, 0
remuRedist Forward bitvector (len=16): 1, 0, 0, 0, 0, 0, 0, 0, 0, 0, 0, 0, 0, 0, 0, 0
  PE(1) Inst(0) Data1:
remuRedist Tags (tagWidth=16): 1, 1, 1, 0, 0, 0, 0, 0, 0, 0, 0, 0, 0, 0, 0, 0
remuRedist Forward bitvector (len=16): 1, 0, 0, 0, 0, 0, 0, 0, 0, 0, 0, 0, 0, 0, 0, 0
  PE(1) Inst(0) Data2:
remuRedist Tags (tagWidth=16): 0, 0, 0, 0, 0, 0, 0, 0, 0, 0, 0, 0, 0, 0, 0, 0
remuRedist Forward bitvector (len=16): 0, 0, 0, 0, 0, 0, 0, 0, 0, 0, 0, 0, 0, 0, 0, 0
  PE(1) Inst(0) Data3:
remuRedist Tags (tagWidth=16): 0, 0, 0, 0, 0, 0, 0, 0, 0, 0, 0, 0, 0, 0, 0, 0
remuRedist Forward bitvector (len=16): 0, 0, 0, 0, 0, 0, 0, 0, 0, 0, 0, 0, 0, 0, 0, 0
  PE(1) Inst(1) Data0:
remuRedist Tags (tagWidth=16): 1, 1, 0, 1, 0, 0, 0, 0, 0, 0, 0, 0, 0, 0, 0, 0
remuRedist Forward bitvector (len=16): 0, 1, 0, 0, 0, 0, 0, 0, 0, 0, 0, 0, 0, 0, 0, 0
  PE(1) Inst(1) Data1:
remuRedist Tags (tagWidth=16): 0, 0, 0, 0, 0, 0, 0, 0, 0, 0, 0, 0, 0, 0, 0, 0
remuRedist Forward bitvector (len=16): 0, 0, 0, 0, 0, 0, 0, 0, 0, 0, 0, 0, 0, 0, 0, 0
  PE(1) Inst(1) Data2:
remuRedist Tags (tagWidth=16): 0, 0, 0, 0, 0, 0, 0, 0, 0, 0, 0, 0, 0, 0, 0, 0
remuRedist Forward bitvector (len=16): 0, 0, 0, 0, 0, 0, 0, 0, 0, 0, 0, 0, 0, 0, 0, 0
  PE(1) Inst(1) Data3:
remuRedist Tags (tagWidth=16): 0, 0, 0, 0, 0, 0, 0, 0, 0, 0, 0, 0, 0, 0, 0, 0
remuRedist Forward bitvector (len=16): 0, 0, 0, 0, 0, 0, 0, 0, 0, 0, 0, 0, 0, 0, 0, 0
  PE(1) Inst(2) Data0:
remuRedist Tags (tagWidth=16): 0, 1, 1, 1, 1, 0, 1, 0, 0, 0, 0, 0, 0, 0, 0, 0
remuRedist Forward bitvector (len=16): 0, 0, 1, 0, 0, 0, 0, 0, 0, 0, 0, 0, 0, 0, 0, 0
  PE(1) Inst(2) Data1:
remuRedist Tags (tagWidth=16): 0, 0, 0, 0, 0, 0, 0, 0, 0, 0, 0, 0, 0, 0, 0, 0
remuRedist Forward bitvector (len=16): 0, 0, 0, 0, 0, 0, 0, 0, 0, 0, 0, 0, 0, 0, 0, 0
  PE(1) Inst(2) Data2:
remuRedist Tags (tagWidth=16): 0, 0, 0, 0, 0, 0, 0, 0, 0, 0, 0, 0, 0, 0, 0, 0
remuRedist Forward bitvector (len=16): 0, 0, 0, 0, 0, 0, 0, 0, 0, 0, 0, 0, 0, 0, 0, 0
  PE(1) Inst(2) Data3:
remuRedist Tags (tagWidth=16): 0, 0, 0, 0, 0, 0, 0, 0, 0, 0, 0, 0, 0, 0, 0, 0
remuRedist Forward bitvector (len=16): 0, 0, 0, 0, 0, 0, 0, 0, 0, 0, 0, 0, 0, 0, 0, 0
  PE(1) Inst(3) Data0:
remuRedist Tags (tagWidth=16): 0, 0, 0, 0, 0, 0, 0, 0, 0, 0, 0, 0, 0, 0, 0, 0
remuRedist Forward bitvector (len=16): 0, 0, 0, 0, 0, 0, 0, 0, 0, 0, 0, 0, 0, 0, 0, 0
  PE(1) Inst(3) Data1:
remuRedist Tags (tagWidth=16): 0, 0, 0, 0, 0, 0, 0, 0, 0, 0, 0, 0, 0, 0, 0, 0
remuRedist Forward bitvector (len=16): 0, 0, 0, 0, 0, 0, 0, 0, 0, 0, 0, 0, 0, 0, 0, 0
  PE(1) Inst(3) Data2:
remuRedist Tags (tagWidth=16): 0, 0, 0, 0, 0, 0, 0, 0, 0, 0, 0, 0, 0, 0, 0, 0
remuRedist Forward bitvector (len=16): 0, 0, 0, 0, 0, 0, 0, 0, 0, 0, 0, 0, 0, 0, 0, 0
  PE(1) Inst(3) Data3:
remuRedist Tags (tagWidth=16): 0, 0, 0, 0, 0, 0, 0, 0, 0, 0, 0, 0, 0, 0, 0, 0
remuRedist Forward bitvector (len=16): 0, 0, 0, 0, 0, 0, 0, 0, 0, 0, 0, 0, 0, 0, 0, 0
  PE(1) Inst(4) Data0:
remuRedist Tags (tagWidth=16): 0, 0, 0, 0, 0, 0, 0, 0, 0, 0, 0, 0, 0, 0, 0, 0
remuRedist Forward bitvector (len=16): 0, 0, 0, 0, 0, 0, 0, 0, 0, 0, 0, 0, 0, 0, 0, 0
  PE(1) Inst(4) Data1:
remuRedist Tags (tagWidth=16): 0, 0, 0, 0, 0, 0, 0, 0, 0, 0, 0, 0, 0, 0, 0, 0
remuRedist Forward bitvector (len=16): 0, 0, 0, 0, 0, 0, 0, 0, 0, 0, 0, 0, 0, 0, 0, 0
  PE(1) Inst(4) Data2:
remuRedist Tags (tagWidth=16): 0, 0, 0, 0, 0, 0, 0, 0, 0, 0, 0, 0, 0, 0, 0, 0
remuRedist Forward bitvector (len=16): 0, 0, 0, 0, 0, 0, 0, 0, 0, 0, 0, 0, 0, 0, 0, 0
  PE(1) Inst(4) Data3:
remuRedist Tags (tagWidth=16): 0, 0, 0, 0, 0, 0, 0, 0, 0, 0, 0, 0, 0, 0, 0, 0
remuRedist Forward bitvector (len=16): 0, 0, 0, 0, 0, 0, 0, 0, 0, 0, 0, 0, 0, 0, 0, 0
  PE(1) Inst(5) Data0:
remuRedist Tags (tagWidth=16): 0, 0, 0, 0, 0, 0, 0, 0, 0, 0, 0, 0, 0, 0, 0, 0
remuRedist Forward bitvector (len=16): 0, 0, 0, 0, 0, 0, 0, 0, 0, 0, 0, 0, 0, 0, 0, 0
  PE(1) Inst(5) Data1:
remuRedist Tags (tagWidth=16): 0, 0, 0, 0, 0, 0, 0, 0, 0, 0, 0, 0, 0, 0, 0, 0
remuRedist Forward bitvector (len=16): 0, 0, 0, 0, 0, 0, 0, 0, 0, 0, 0, 0, 0, 0, 0, 0
  PE(1) Inst(5) Data2:
remuRedist Tags (tagWidth=16): 0, 0, 0, 0, 0, 0, 0, 0, 0, 0, 0, 0, 0, 0, 0, 0
remuRedist Forward bitvector (len=16): 0, 0, 0, 0, 0, 0, 0, 0, 0, 0, 0, 0, 0, 0, 0, 0
  PE(1) Inst(5) Data3:
remuRedist Tags (tagWidth=16): 0, 0, 0, 0, 0, 0, 0, 0, 0, 0, 0, 0, 0, 0, 0, 0
remuRedist Forward bitvector (len=16): 0, 0, 0, 0, 0, 0, 0, 0, 0, 0, 0, 0, 0, 0, 0, 0
  PE(1) Inst(6) Data0:
remuRedist Tags (tagWidth=16): 0, 0, 0, 0, 0, 0, 0, 0, 0, 0, 0, 0, 0, 0, 0, 0
remuRedist Forward bitvector (len=16): 0, 0, 0, 0, 0, 0, 0, 0, 0, 0, 0, 0, 0, 0, 0, 0
  PE(1) Inst(6) Data1:
remuRedist Tags (tagWidth=16): 0, 0, 0, 0, 0, 0, 0, 0, 0, 0, 0, 0, 0, 0, 0, 0
remuRedist Forward bitvector (len=16): 0, 0, 0, 0, 0, 0, 0, 0, 0, 0, 0, 0, 0, 0, 0, 0
  PE(1) Inst(6) Data2:
remuRedist Tags (tagWidth=16): 0, 0, 0, 0, 0, 0, 0, 0, 0, 0, 0, 0, 0, 0, 0, 0
remuRedist Forward bitvector (len=16): 0, 0, 0, 0, 0, 0, 0, 0, 0, 0, 0, 0, 0, 0, 0, 0
  PE(1) Inst(6) Data3:
remuRedist Tags (tagWidth=16): 0, 0, 0, 0, 0, 0, 0, 0, 0, 0, 0, 0, 0, 0, 0, 0
remuRedist Forward bitvector (len=16): 0, 0, 0, 0, 0, 0, 0, 0, 0, 0, 0, 0, 0, 0, 0, 0
  PE(1) Inst(7) Data0:
remuRedist Tags (tagWidth=16): 0, 0, 0, 0, 0, 0, 0, 0, 0, 0, 0, 0, 0, 0, 0, 0
remuRedist Forward bitvector (len=16): 0, 0, 0, 0, 0, 0, 0, 0, 0, 0, 0, 0, 0, 0, 0, 0
  PE(1) Inst(7) Data1:
remuRedist Tags (tagWidth=16): 0, 0, 0, 0, 0, 0, 0, 0, 0, 0, 0, 0, 0, 0, 0, 0
remuRedist Forward bitvector (len=16): 0, 0, 0, 0, 0, 0, 0, 0, 0, 0, 0, 0, 0, 0, 0, 0
  PE(1) Inst(7) Data2:
remuRedist Tags (tagWidth=16): 0, 0, 0, 0, 0, 0, 0, 0, 0, 0, 0, 0, 0, 0, 0, 0
remuRedist Forward bitvector (len=16): 0, 0, 0, 0, 0, 0, 0, 0, 0, 0, 0, 0, 0, 0, 0, 0
  PE(1) Inst(7) Data3:
remuRedist Tags (tagWidth=16): 0, 0, 0, 0, 0, 0, 0, 0, 0, 0, 0, 0, 0, 0, 0, 0
remuRedist Forward bitvector (len=16): 0, 0, 0, 0, 0, 0, 0, 0, 0, 0, 0, 0, 0, 0, 0, 0
  PE(1) Inst(8) Data0:
remuRedist Tags (tagWidth=16): 0, 0, 0, 0, 0, 0, 0, 0, 0, 0, 0, 0, 0, 0, 0, 0
remuRedist Forward bitvector (len=16): 0, 0, 0, 0, 0, 0, 0, 0, 0, 0, 0, 0, 0, 0, 0, 0
  PE(1) Inst(8) Data1:
remuRedist Tags (tagWidth=16): 0, 0, 0, 0, 0, 0, 0, 0, 0, 0, 0, 0, 0, 0, 0, 0
remuRedist Forward bitvector (len=16): 0, 0, 0, 0, 0, 0, 0, 0, 0, 0, 0, 0, 0, 0, 0, 0
  PE(1) Inst(8) Data2:
remuRedist Tags (tagWidth=16): 0, 0, 0, 0, 0, 0, 0, 0, 0, 0, 0, 0, 0, 0, 0, 0
remuRedist Forward bitvector (len=16): 0, 0, 0, 0, 0, 0, 0, 0, 0, 0, 0, 0, 0, 0, 0, 0
  PE(1) Inst(8) Data3:
remuRedist Tags (tagWidth=16): 0, 0, 0, 0, 0, 0, 0, 0, 0, 0, 0, 0, 0, 0, 0, 0
remuRedist Forward bitvector (len=16): 0, 0, 0, 0, 0, 0, 0, 0, 0, 0, 0, 0, 0, 0, 0, 0
  PE(1) Inst(9) Data0:
remuRedist Tags (tagWidth=16): 0, 0, 0, 0, 0, 0, 0, 0, 0, 0, 0, 0, 0, 0, 0, 0
remuRedist Forward bitvector (len=16): 0, 0, 0, 0, 0, 0, 0, 0, 0, 0, 0, 0, 0, 0, 0, 0
  PE(1) Inst(9) Data1:
remuRedist Tags (tagWidth=16): 0, 0, 0, 0, 0, 0, 0, 0, 0, 0, 0, 0, 0, 0, 0, 0
remuRedist Forward bitvector (len=16): 0, 0, 0, 0, 0, 0, 0, 0, 0, 0, 0, 0, 0, 0, 0, 0
  PE(1) Inst(9) Data2:
remuRedist Tags (tagWidth=16): 0, 0, 0, 0, 0, 0, 0, 0, 0, 0, 0, 0, 0, 0, 0, 0
remuRedist Forward bitvector (len=16): 0, 0, 0, 0, 0, 0, 0, 0, 0, 0, 0, 0, 0, 0, 0, 0
  PE(1) Inst(9) Data3:
remuRedist Tags (tagWidth=16): 0, 0, 0, 0, 0, 0, 0, 0, 0, 0, 0, 0, 0, 0, 0, 0
remuRedist Forward bitvector (len=16): 0, 0, 0, 0, 0, 0, 0, 0, 0, 0, 0, 0, 0, 0, 0, 0
  PE(1) Inst(10) Data0:
remuRedist Tags (tagWidth=16): 0, 0, 0, 0, 0, 0, 0, 0, 0, 0, 0, 0, 0, 0, 0, 0
remuRedist Forward bitvector (len=16): 0, 0, 0, 0, 0, 0, 0, 0, 0, 0, 0, 0, 0, 0, 0, 0
  PE(1) Inst(10) Data1:
remuRedist Tags (tagWidth=16): 0, 0, 0, 0, 0, 0, 0, 0, 0, 0, 0, 0, 0, 0, 0, 0
remuRedist Forward bitvector (len=16): 0, 0, 0, 0, 0, 0, 0, 0, 0, 0, 0, 0, 0, 0, 0, 0
  PE(1) Inst(10) Data2:
remuRedist Tags (tagWidth=16): 0, 0, 0, 0, 0, 0, 0, 0, 0, 0, 0, 0, 0, 0, 0, 0
remuRedist Forward bitvector (len=16): 0, 0, 0, 0, 0, 0, 0, 0, 0, 0, 0, 0, 0, 0, 0, 0
  PE(1) Inst(10) Data3:
remuRedist Tags (tagWidth=16): 0, 0, 0, 0, 0, 0, 0, 0, 0, 0, 0, 0, 0, 0, 0, 0
remuRedist Forward bitvector (len=16): 0, 0, 0, 0, 0, 0, 0, 0, 0, 0, 0, 0, 0, 0, 0, 0
  PE(1) Inst(11) Data0:
remuRedist Tags (tagWidth=16): 0, 0, 0, 0, 0, 0, 0, 0, 0, 0, 0, 0, 0, 0, 0, 0
remuRedist Forward bitvector (len=16): 0, 0, 0, 0, 0, 0, 0, 0, 0, 0, 0, 0, 0, 0, 0, 0
  PE(1) Inst(11) Data1:
remuRedist Tags (tagWidth=16): 0, 0, 0, 0, 0, 0, 0, 0, 0, 0, 0, 0, 0, 0, 0, 0
remuRedist Forward bitvector (len=16): 0, 0, 0, 0, 0, 0, 0, 0, 0, 0, 0, 0, 0, 0, 0, 0
  PE(1) Inst(11) Data2:
remuRedist Tags (tagWidth=16): 0, 0, 0, 0, 0, 0, 0, 0, 0, 0, 0, 0, 0, 0, 0, 0
remuRedist Forward bitvector (len=16): 0, 0, 0, 0, 0, 0, 0, 0, 0, 0, 0, 0, 0, 0, 0, 0
  PE(1) Inst(11) Data3:
remuRedist Tags (tagWidth=16): 0, 0, 0, 0, 0, 0, 0, 0, 0, 0, 0, 0, 0, 0, 0, 0
remuRedist Forward bitvector (len=16): 0, 0, 0, 0, 0, 0, 0, 0, 0, 0, 0, 0, 0, 0, 0, 0
  PE(1) Inst(12) Data0:
remuRedist Tags (tagWidth=16): 0, 0, 0, 0, 0, 0, 0, 0, 0, 0, 0, 0, 0, 0, 0, 0
remuRedist Forward bitvector (len=16): 0, 0, 0, 0, 0, 0, 0, 0, 0, 0, 0, 0, 0, 0, 0, 0
  PE(1) Inst(12) Data1:
remuRedist Tags (tagWidth=16): 0, 0, 0, 0, 0, 0, 0, 0, 0, 0, 0, 0, 0, 0, 0, 0
remuRedist Forward bitvector (len=16): 0, 0, 0, 0, 0, 0, 0, 0, 0, 0, 0, 0, 0, 0, 0, 0
  PE(1) Inst(12) Data2:
remuRedist Tags (tagWidth=16): 0, 0, 0, 0, 0, 0, 0, 0, 0, 0, 0, 0, 0, 0, 0, 0
remuRedist Forward bitvector (len=16): 0, 0, 0, 0, 0, 0, 0, 0, 0, 0, 0, 0, 0, 0, 0, 0
  PE(1) Inst(12) Data3:
remuRedist Tags (tagWidth=16): 0, 0, 0, 0, 0, 0, 0, 0, 0, 0, 0, 0, 0, 0, 0, 0
remuRedist Forward bitvector (len=16): 0, 0, 0, 0, 0, 0, 0, 0, 0, 0, 0, 0, 0, 0, 0, 0
  PE(1) Inst(13) Data0:
remuRedist Tags (tagWidth=16): 0, 0, 0, 0, 0, 0, 0, 0, 0, 0, 0, 0, 0, 0, 0, 0
remuRedist Forward bitvector (len=16): 0, 0, 0, 0, 0, 0, 0, 0, 0, 0, 0, 0, 0, 0, 0, 0
  PE(1) Inst(13) Data1:
remuRedist Tags (tagWidth=16): 0, 0, 0, 0, 0, 0, 0, 0, 0, 0, 0, 0, 0, 0, 0, 0
remuRedist Forward bitvector (len=16): 0, 0, 0, 0, 0, 0, 0, 0, 0, 0, 0, 0, 0, 0, 0, 0
  PE(1) Inst(13) Data2:
remuRedist Tags (tagWidth=16): 0, 0, 0, 0, 0, 0, 0, 0, 0, 0, 0, 0, 0, 0, 0, 0
remuRedist Forward bitvector (len=16): 0, 0, 0, 0, 0, 0, 0, 0, 0, 0, 0, 0, 0, 0, 0, 0
  PE(1) Inst(13) Data3:
remuRedist Tags (tagWidth=16): 0, 0, 0, 0, 0, 0, 0, 0, 0, 0, 0, 0, 0, 0, 0, 0
remuRedist Forward bitvector (len=16): 0, 0, 0, 0, 0, 0, 0, 0, 0, 0, 0, 0, 0, 0, 0, 0
  PE(1) Inst(14) Data0:
remuRedist Tags (tagWidth=16): 0, 0, 0, 0, 0, 0, 0, 0, 0, 0, 0, 0, 0, 0, 0, 0
remuRedist Forward bitvector (len=16): 0, 0, 0, 0, 0, 0, 0, 0, 0, 0, 0, 0, 0, 0, 0, 0
  PE(1) Inst(14) Data1:
remuRedist Tags (tagWidth=16): 0, 0, 0, 0, 0, 0, 0, 0, 0, 0, 0, 0, 0, 0, 0, 0
remuRedist Forward bitvector (len=16): 0, 0, 0, 0, 0, 0, 0, 0, 0, 0, 0, 0, 0, 0, 0, 0
  PE(1) Inst(14) Data2:
remuRedist Tags (tagWidth=16): 0, 0, 0, 0, 0, 0, 0, 0, 0, 0, 0, 0, 0, 0, 0, 0
remuRedist Forward bitvector (len=16): 0, 0, 0, 0, 0, 0, 0, 0, 0, 0, 0, 0, 0, 0, 0, 0
  PE(1) Inst(14) Data3:
remuRedist Tags (tagWidth=16): 0, 0, 0, 0, 0, 0, 0, 0, 0, 0, 0, 0, 0, 0, 0, 0
remuRedist Forward bitvector (len=16): 0, 0, 0, 0, 0, 0, 0, 0, 0, 0, 0, 0, 0, 0, 0, 0
  PE(1) Inst(15) Data0:
remuRedist Tags (tagWidth=16): 0, 0, 0, 0, 0, 0, 0, 0, 0, 0, 0, 0, 0, 0, 0, 0
remuRedist Forward bitvector (len=16): 0, 0, 0, 0, 0, 0, 0, 0, 0, 0, 0, 0, 0, 0, 0, 0
  PE(1) Inst(15) Data1:
remuRedist Tags (tagWidth=16): 0, 0, 0, 0, 0, 0, 0, 0, 0, 0, 0, 0, 0, 0, 0, 0
remuRedist Forward bitvector (len=16): 0, 0, 0, 0, 0, 0, 0, 0, 0, 0, 0, 0, 0, 0, 0, 0
  PE(1) Inst(15) Data2:
remuRedist Tags (tagWidth=16): 0, 0, 0, 0, 0, 0, 0, 0, 0, 0, 0, 0, 0, 0, 0, 0
remuRedist Forward bitvector (len=16): 0, 0, 0, 0, 0, 0, 0, 0, 0, 0, 0, 0, 0, 0, 0, 0
  PE(1) Inst(15) Data3:
remuRedist Tags (tagWidth=16): 0, 0, 0, 0, 0, 0, 0, 0, 0, 0, 0, 0, 0, 0, 0, 0
remuRedist Forward bitvector (len=16): 0, 0, 0, 0, 0, 0, 0, 0, 0, 0, 0, 0, 0, 0, 0, 0
remuRedist(2):
  PE(2) Inst(0) Data0:
remuRedist Tags (tagWidth=16): 0, 0, 1, 1, 0, 0, 1, 0, 0, 0, 0, 0, 0, 0, 0, 0
remuRedist Forward bitvector (len=16): 1, 0, 0, 0, 0, 0, 0, 0, 0, 0, 0, 0, 0, 0, 0, 0
  PE(2) Inst(0) Data1:
remuRedist Tags (tagWidth=16): 0, 0, 0, 0, 0, 0, 0, 0, 0, 0, 0, 0, 0, 0, 0, 0
remuRedist Forward bitvector (len=16): 0, 0, 0, 0, 0, 0, 0, 0, 0, 0, 0, 0, 0, 0, 0, 0
  PE(2) Inst(0) Data2:
remuRedist Tags (tagWidth=16): 0, 0, 1, 1, 1, 0, 0, 0, 0, 0, 0, 0, 0, 0, 0, 0
remuRedist Forward bitvector (len=16): 1, 0, 0, 0, 0, 0, 0, 0, 0, 0, 0, 0, 0, 0, 0, 0
  PE(2) Inst(0) Data3:
remuRedist Tags (tagWidth=16): 0, 0, 0, 0, 0, 0, 0, 0, 0, 0, 0, 0, 0, 0, 0, 0
remuRedist Forward bitvector (len=16): 0, 0, 0, 0, 0, 0, 0, 0, 0, 0, 0, 0, 0, 0, 0, 0
  PE(2) Inst(1) Data0:
remuRedist Tags (tagWidth=16): 1, 1, 0, 1, 1, 0, 1, 0, 0, 0, 0, 0, 0, 0, 0, 0
remuRedist Forward bitvector (len=16): 0, 1, 0, 0, 0, 0, 0, 0, 0, 0, 0, 0, 0, 0, 0, 0
  PE(2) Inst(1) Data1:
remuRedist Tags (tagWidth=16): 0, 0, 0, 0, 0, 0, 0, 0, 0, 0, 0, 0, 0, 0, 0, 0
remuRedist Forward bitvector (len=16): 0, 0, 0, 0, 0, 0, 0, 0, 0, 0, 0, 0, 0, 0, 0, 0
  PE(2) Inst(1) Data2:
remuRedist Tags (tagWidth=16): 0, 0, 0, 0, 0, 0, 0, 0, 0, 0, 0, 0, 0, 0, 0, 0
remuRedist Forward bitvector (len=16): 0, 0, 0, 0, 0, 0, 0, 0, 0, 0, 0, 0, 0, 0, 0, 0
  PE(2) Inst(1) Data3:
remuRedist Tags (tagWidth=16): 0, 0, 0, 0, 0, 0, 0, 0, 0, 0, 0, 0, 0, 0, 0, 0
remuRedist Forward bitvector (len=16): 0, 0, 0, 0, 0, 0, 0, 0, 0, 0, 0, 0, 0, 0, 0, 0
  PE(2) Inst(2) Data0:
remuRedist Tags (tagWidth=16): 0, 0, 0, 0, 0, 0, 0, 0, 0, 0, 0, 0, 0, 0, 0, 0
remuRedist Forward bitvector (len=16): 0, 0, 0, 0, 0, 0, 0, 0, 0, 0, 0, 0, 0, 0, 0, 0
  PE(2) Inst(2) Data1:
remuRedist Tags (tagWidth=16): 0, 0, 0, 0, 0, 0, 0, 0, 0, 0, 0, 0, 0, 0, 0, 0
remuRedist Forward bitvector (len=16): 0, 0, 0, 0, 0, 0, 0, 0, 0, 0, 0, 0, 0, 0, 0, 0
  PE(2) Inst(2) Data2:
remuRedist Tags (tagWidth=16): 0, 0, 0, 0, 0, 0, 0, 0, 0, 0, 0, 0, 0, 0, 0, 0
remuRedist Forward bitvector (len=16): 0, 0, 0, 0, 0, 0, 0, 0, 0, 0, 0, 0, 0, 0, 0, 0
  PE(2) Inst(2) Data3:
remuRedist Tags (tagWidth=16): 0, 0, 0, 0, 0, 0, 0, 0, 0, 0, 0, 0, 0, 0, 0, 0
remuRedist Forward bitvector (len=16): 0, 0, 0, 0, 0, 0, 0, 0, 0, 0, 0, 0, 0, 0, 0, 0
  PE(2) Inst(3) Data0:
remuRedist Tags (tagWidth=16): 0, 0, 0, 0, 0, 0, 0, 0, 0, 0, 0, 0, 0, 0, 0, 0
remuRedist Forward bitvector (len=16): 0, 0, 0, 0, 0, 0, 0, 0, 0, 0, 0, 0, 0, 0, 0, 0
  PE(2) Inst(3) Data1:
remuRedist Tags (tagWidth=16): 0, 0, 0, 0, 0, 0, 0, 0, 0, 0, 0, 0, 0, 0, 0, 0
remuRedist Forward bitvector (len=16): 0, 0, 0, 0, 0, 0, 0, 0, 0, 0, 0, 0, 0, 0, 0, 0
  PE(2) Inst(3) Data2:
remuRedist Tags (tagWidth=16): 0, 0, 0, 0, 0, 0, 0, 0, 0, 0, 0, 0, 0, 0, 0, 0
remuRedist Forward bitvector (len=16): 0, 0, 0, 0, 0, 0, 0, 0, 0, 0, 0, 0, 0, 0, 0, 0
  PE(2) Inst(3) Data3:
remuRedist Tags (tagWidth=16): 0, 0, 0, 0, 0, 0, 0, 0, 0, 0, 0, 0, 0, 0, 0, 0
remuRedist Forward bitvector (len=16): 0, 0, 0, 0, 0, 0, 0, 0, 0, 0, 0, 0, 0, 0, 0, 0
  PE(2) Inst(4) Data0:
remuRedist Tags (tagWidth=16): 0, 0, 0, 0, 0, 0, 0, 0, 0, 0, 0, 0, 0, 0, 0, 0
remuRedist Forward bitvector (len=16): 0, 0, 0, 0, 0, 0, 0, 0, 0, 0, 0, 0, 0, 0, 0, 0
  PE(2) Inst(4) Data1:
remuRedist Tags (tagWidth=16): 0, 0, 0, 0, 0, 0, 0, 0, 0, 0, 0, 0, 0, 0, 0, 0
remuRedist Forward bitvector (len=16): 0, 0, 0, 0, 0, 0, 0, 0, 0, 0, 0, 0, 0, 0, 0, 0
  PE(2) Inst(4) Data2:
remuRedist Tags (tagWidth=16): 0, 0, 0, 0, 0, 0, 0, 0, 0, 0, 0, 0, 0, 0, 0, 0
remuRedist Forward bitvector (len=16): 0, 0, 0, 0, 0, 0, 0, 0, 0, 0, 0, 0, 0, 0, 0, 0
  PE(2) Inst(4) Data3:
remuRedist Tags (tagWidth=16): 0, 0, 0, 0, 0, 0, 0, 0, 0, 0, 0, 0, 0, 0, 0, 0
remuRedist Forward bitvector (len=16): 0, 0, 0, 0, 0, 0, 0, 0, 0, 0, 0, 0, 0, 0, 0, 0
  PE(2) Inst(5) Data0:
remuRedist Tags (tagWidth=16): 0, 0, 0, 0, 0, 0, 0, 0, 0, 0, 0, 0, 0, 0, 0, 0
remuRedist Forward bitvector (len=16): 0, 0, 0, 0, 0, 0, 0, 0, 0, 0, 0, 0, 0, 0, 0, 0
  PE(2) Inst(5) Data1:
remuRedist Tags (tagWidth=16): 0, 0, 0, 0, 0, 0, 0, 0, 0, 0, 0, 0, 0, 0, 0, 0
remuRedist Forward bitvector (len=16): 0, 0, 0, 0, 0, 0, 0, 0, 0, 0, 0, 0, 0, 0, 0, 0
  PE(2) Inst(5) Data2:
remuRedist Tags (tagWidth=16): 0, 0, 0, 0, 0, 0, 0, 0, 0, 0, 0, 0, 0, 0, 0, 0
remuRedist Forward bitvector (len=16): 0, 0, 0, 0, 0, 0, 0, 0, 0, 0, 0, 0, 0, 0, 0, 0
  PE(2) Inst(5) Data3:
remuRedist Tags (tagWidth=16): 0, 0, 0, 0, 0, 0, 0, 0, 0, 0, 0, 0, 0, 0, 0, 0
remuRedist Forward bitvector (len=16): 0, 0, 0, 0, 0, 0, 0, 0, 0, 0, 0, 0, 0, 0, 0, 0
  PE(2) Inst(6) Data0:
remuRedist Tags (tagWidth=16): 0, 0, 0, 0, 0, 0, 0, 0, 0, 0, 0, 0, 0, 0, 0, 0
remuRedist Forward bitvector (len=16): 0, 0, 0, 0, 0, 0, 0, 0, 0, 0, 0, 0, 0, 0, 0, 0
  PE(2) Inst(6) Data1:
remuRedist Tags (tagWidth=16): 0, 0, 0, 0, 0, 0, 0, 0, 0, 0, 0, 0, 0, 0, 0, 0
remuRedist Forward bitvector (len=16): 0, 0, 0, 0, 0, 0, 0, 0, 0, 0, 0, 0, 0, 0, 0, 0
  PE(2) Inst(6) Data2:
remuRedist Tags (tagWidth=16): 0, 0, 0, 0, 0, 0, 0, 0, 0, 0, 0, 0, 0, 0, 0, 0
remuRedist Forward bitvector (len=16): 0, 0, 0, 0, 0, 0, 0, 0, 0, 0, 0, 0, 0, 0, 0, 0
  PE(2) Inst(6) Data3:
remuRedist Tags (tagWidth=16): 0, 0, 0, 0, 0, 0, 0, 0, 0, 0, 0, 0, 0, 0, 0, 0
remuRedist Forward bitvector (len=16): 0, 0, 0, 0, 0, 0, 0, 0, 0, 0, 0, 0, 0, 0, 0, 0
  PE(2) Inst(7) Data0:
remuRedist Tags (tagWidth=16): 0, 0, 0, 0, 0, 0, 0, 0, 0, 0, 0, 0, 0, 0, 0, 0
remuRedist Forward bitvector (len=16): 0, 0, 0, 0, 0, 0, 0, 0, 0, 0, 0, 0, 0, 0, 0, 0
  PE(2) Inst(7) Data1:
remuRedist Tags (tagWidth=16): 0, 0, 0, 0, 0, 0, 0, 0, 0, 0, 0, 0, 0, 0, 0, 0
remuRedist Forward bitvector (len=16): 0, 0, 0, 0, 0, 0, 0, 0, 0, 0, 0, 0, 0, 0, 0, 0
  PE(2) Inst(7) Data2:
remuRedist Tags (tagWidth=16): 0, 0, 0, 0, 0, 0, 0, 0, 0, 0, 0, 0, 0, 0, 0, 0
remuRedist Forward bitvector (len=16): 0, 0, 0, 0, 0, 0, 0, 0, 0, 0, 0, 0, 0, 0, 0, 0
  PE(2) Inst(7) Data3:
remuRedist Tags (tagWidth=16): 0, 0, 0, 0, 0, 0, 0, 0, 0, 0, 0, 0, 0, 0, 0, 0
remuRedist Forward bitvector (len=16): 0, 0, 0, 0, 0, 0, 0, 0, 0, 0, 0, 0, 0, 0, 0, 0
  PE(2) Inst(8) Data0:
remuRedist Tags (tagWidth=16): 0, 0, 0, 0, 0, 0, 0, 0, 0, 0, 0, 0, 0, 0, 0, 0
remuRedist Forward bitvector (len=16): 0, 0, 0, 0, 0, 0, 0, 0, 0, 0, 0, 0, 0, 0, 0, 0
  PE(2) Inst(8) Data1:
remuRedist Tags (tagWidth=16): 0, 0, 0, 0, 0, 0, 0, 0, 0, 0, 0, 0, 0, 0, 0, 0
remuRedist Forward bitvector (len=16): 0, 0, 0, 0, 0, 0, 0, 0, 0, 0, 0, 0, 0, 0, 0, 0
  PE(2) Inst(8) Data2:
remuRedist Tags (tagWidth=16): 0, 0, 0, 0, 0, 0, 0, 0, 0, 0, 0, 0, 0, 0, 0, 0
remuRedist Forward bitvector (len=16): 0, 0, 0, 0, 0, 0, 0, 0, 0, 0, 0, 0, 0, 0, 0, 0
  PE(2) Inst(8) Data3:
remuRedist Tags (tagWidth=16): 0, 0, 0, 0, 0, 0, 0, 0, 0, 0, 0, 0, 0, 0, 0, 0
remuRedist Forward bitvector (len=16): 0, 0, 0, 0, 0, 0, 0, 0, 0, 0, 0, 0, 0, 0, 0, 0
  PE(2) Inst(9) Data0:
remuRedist Tags (tagWidth=16): 0, 0, 0, 0, 0, 0, 0, 0, 0, 0, 0, 0, 0, 0, 0, 0
remuRedist Forward bitvector (len=16): 0, 0, 0, 0, 0, 0, 0, 0, 0, 0, 0, 0, 0, 0, 0, 0
  PE(2) Inst(9) Data1:
remuRedist Tags (tagWidth=16): 0, 0, 0, 0, 0, 0, 0, 0, 0, 0, 0, 0, 0, 0, 0, 0
remuRedist Forward bitvector (len=16): 0, 0, 0, 0, 0, 0, 0, 0, 0, 0, 0, 0, 0, 0, 0, 0
  PE(2) Inst(9) Data2:
remuRedist Tags (tagWidth=16): 0, 0, 0, 0, 0, 0, 0, 0, 0, 0, 0, 0, 0, 0, 0, 0
remuRedist Forward bitvector (len=16): 0, 0, 0, 0, 0, 0, 0, 0, 0, 0, 0, 0, 0, 0, 0, 0
  PE(2) Inst(9) Data3:
remuRedist Tags (tagWidth=16): 0, 0, 0, 0, 0, 0, 0, 0, 0, 0, 0, 0, 0, 0, 0, 0
remuRedist Forward bitvector (len=16): 0, 0, 0, 0, 0, 0, 0, 0, 0, 0, 0, 0, 0, 0, 0, 0
  PE(2) Inst(10) Data0:
remuRedist Tags (tagWidth=16): 0, 0, 0, 0, 0, 0, 0, 0, 0, 0, 0, 0, 0, 0, 0, 0
remuRedist Forward bitvector (len=16): 0, 0, 0, 0, 0, 0, 0, 0, 0, 0, 0, 0, 0, 0, 0, 0
  PE(2) Inst(10) Data1:
remuRedist Tags (tagWidth=16): 0, 0, 0, 0, 0, 0, 0, 0, 0, 0, 0, 0, 0, 0, 0, 0
remuRedist Forward bitvector (len=16): 0, 0, 0, 0, 0, 0, 0, 0, 0, 0, 0, 0, 0, 0, 0, 0
  PE(2) Inst(10) Data2:
remuRedist Tags (tagWidth=16): 0, 0, 0, 0, 0, 0, 0, 0, 0, 0, 0, 0, 0, 0, 0, 0
remuRedist Forward bitvector (len=16): 0, 0, 0, 0, 0, 0, 0, 0, 0, 0, 0, 0, 0, 0, 0, 0
  PE(2) Inst(10) Data3:
remuRedist Tags (tagWidth=16): 0, 0, 0, 0, 0, 0, 0, 0, 0, 0, 0, 0, 0, 0, 0, 0
remuRedist Forward bitvector (len=16): 0, 0, 0, 0, 0, 0, 0, 0, 0, 0, 0, 0, 0, 0, 0, 0
  PE(2) Inst(11) Data0:
remuRedist Tags (tagWidth=16): 0, 0, 0, 0, 0, 0, 0, 0, 0, 0, 0, 0, 0, 0, 0, 0
remuRedist Forward bitvector (len=16): 0, 0, 0, 0, 0, 0, 0, 0, 0, 0, 0, 0, 0, 0, 0, 0
  PE(2) Inst(11) Data1:
remuRedist Tags (tagWidth=16): 0, 0, 0, 0, 0, 0, 0, 0, 0, 0, 0, 0, 0, 0, 0, 0
remuRedist Forward bitvector (len=16): 0, 0, 0, 0, 0, 0, 0, 0, 0, 0, 0, 0, 0, 0, 0, 0
  PE(2) Inst(11) Data2:
remuRedist Tags (tagWidth=16): 0, 0, 0, 0, 0, 0, 0, 0, 0, 0, 0, 0, 0, 0, 0, 0
remuRedist Forward bitvector (len=16): 0, 0, 0, 0, 0, 0, 0, 0, 0, 0, 0, 0, 0, 0, 0, 0
  PE(2) Inst(11) Data3:
remuRedist Tags (tagWidth=16): 0, 0, 0, 0, 0, 0, 0, 0, 0, 0, 0, 0, 0, 0, 0, 0
remuRedist Forward bitvector (len=16): 0, 0, 0, 0, 0, 0, 0, 0, 0, 0, 0, 0, 0, 0, 0, 0
  PE(2) Inst(12) Data0:
remuRedist Tags (tagWidth=16): 0, 0, 0, 0, 0, 0, 0, 0, 0, 0, 0, 0, 0, 0, 0, 0
remuRedist Forward bitvector (len=16): 0, 0, 0, 0, 0, 0, 0, 0, 0, 0, 0, 0, 0, 0, 0, 0
  PE(2) Inst(12) Data1:
remuRedist Tags (tagWidth=16): 0, 0, 0, 0, 0, 0, 0, 0, 0, 0, 0, 0, 0, 0, 0, 0
remuRedist Forward bitvector (len=16): 0, 0, 0, 0, 0, 0, 0, 0, 0, 0, 0, 0, 0, 0, 0, 0
  PE(2) Inst(12) Data2:
remuRedist Tags (tagWidth=16): 0, 0, 0, 0, 0, 0, 0, 0, 0, 0, 0, 0, 0, 0, 0, 0
remuRedist Forward bitvector (len=16): 0, 0, 0, 0, 0, 0, 0, 0, 0, 0, 0, 0, 0, 0, 0, 0
  PE(2) Inst(12) Data3:
remuRedist Tags (tagWidth=16): 0, 0, 0, 0, 0, 0, 0, 0, 0, 0, 0, 0, 0, 0, 0, 0
remuRedist Forward bitvector (len=16): 0, 0, 0, 0, 0, 0, 0, 0, 0, 0, 0, 0, 0, 0, 0, 0
  PE(2) Inst(13) Data0:
remuRedist Tags (tagWidth=16): 0, 0, 0, 0, 0, 0, 0, 0, 0, 0, 0, 0, 0, 0, 0, 0
remuRedist Forward bitvector (len=16): 0, 0, 0, 0, 0, 0, 0, 0, 0, 0, 0, 0, 0, 0, 0, 0
  PE(2) Inst(13) Data1:
remuRedist Tags (tagWidth=16): 0, 0, 0, 0, 0, 0, 0, 0, 0, 0, 0, 0, 0, 0, 0, 0
remuRedist Forward bitvector (len=16): 0, 0, 0, 0, 0, 0, 0, 0, 0, 0, 0, 0, 0, 0, 0, 0
  PE(2) Inst(13) Data2:
remuRedist Tags (tagWidth=16): 0, 0, 0, 0, 0, 0, 0, 0, 0, 0, 0, 0, 0, 0, 0, 0
remuRedist Forward bitvector (len=16): 0, 0, 0, 0, 0, 0, 0, 0, 0, 0, 0, 0, 0, 0, 0, 0
  PE(2) Inst(13) Data3:
remuRedist Tags (tagWidth=16): 0, 0, 0, 0, 0, 0, 0, 0, 0, 0, 0, 0, 0, 0, 0, 0
remuRedist Forward bitvector (len=16): 0, 0, 0, 0, 0, 0, 0, 0, 0, 0, 0, 0, 0, 0, 0, 0
  PE(2) Inst(14) Data0:
remuRedist Tags (tagWidth=16): 0, 0, 0, 0, 0, 0, 0, 0, 0, 0, 0, 0, 0, 0, 0, 0
remuRedist Forward bitvector (len=16): 0, 0, 0, 0, 0, 0, 0, 0, 0, 0, 0, 0, 0, 0, 0, 0
  PE(2) Inst(14) Data1:
remuRedist Tags (tagWidth=16): 0, 0, 0, 0, 0, 0, 0, 0, 0, 0, 0, 0, 0, 0, 0, 0
remuRedist Forward bitvector (len=16): 0, 0, 0, 0, 0, 0, 0, 0, 0, 0, 0, 0, 0, 0, 0, 0
  PE(2) Inst(14) Data2:
remuRedist Tags (tagWidth=16): 0, 0, 0, 0, 0, 0, 0, 0, 0, 0, 0, 0, 0, 0, 0, 0
remuRedist Forward bitvector (len=16): 0, 0, 0, 0, 0, 0, 0, 0, 0, 0, 0, 0, 0, 0, 0, 0
  PE(2) Inst(14) Data3:
remuRedist Tags (tagWidth=16): 0, 0, 0, 0, 0, 0, 0, 0, 0, 0, 0, 0, 0, 0, 0, 0
remuRedist Forward bitvector (len=16): 0, 0, 0, 0, 0, 0, 0, 0, 0, 0, 0, 0, 0, 0, 0, 0
  PE(2) Inst(15) Data0:
remuRedist Tags (tagWidth=16): 0, 0, 0, 0, 0, 0, 0, 0, 0, 0, 0, 0, 0, 0, 0, 0
remuRedist Forward bitvector (len=16): 0, 0, 0, 0, 0, 0, 0, 0, 0, 0, 0, 0, 0, 0, 0, 0
  PE(2) Inst(15) Data1:
remuRedist Tags (tagWidth=16): 0, 0, 0, 0, 0, 0, 0, 0, 0, 0, 0, 0, 0, 0, 0, 0
remuRedist Forward bitvector (len=16): 0, 0, 0, 0, 0, 0, 0, 0, 0, 0, 0, 0, 0, 0, 0, 0
  PE(2) Inst(15) Data2:
remuRedist Tags (tagWidth=16): 0, 0, 0, 0, 0, 0, 0, 0, 0, 0, 0, 0, 0, 0, 0, 0
remuRedist Forward bitvector (len=16): 0, 0, 0, 0, 0, 0, 0, 0, 0, 0, 0, 0, 0, 0, 0, 0
  PE(2) Inst(15) Data3:
remuRedist Tags (tagWidth=16): 0, 0, 0, 0, 0, 0, 0, 0, 0, 0, 0, 0, 0, 0, 0, 0
remuRedist Forward bitvector (len=16): 0, 0, 0, 0, 0, 0, 0, 0, 0, 0, 0, 0, 0, 0, 0, 0
remuRedist(3):
  PE(3) Inst(0) Data0:
remuRedist Tags (tagWidth=16): 0, 1, 0, 1, 0, 0, 0, 0, 0, 0, 0, 0, 0, 0, 0, 0
remuRedist Forward bitvector (len=16): 1, 0, 0, 0, 0, 0, 0, 0, 0, 0, 0, 0, 0, 0, 0, 0
  PE(3) Inst(0) Data1:
remuRedist Tags (tagWidth=16): 0, 0, 0, 0, 0, 0, 0, 0, 0, 0, 0, 0, 0, 0, 0, 0
remuRedist Forward bitvector (len=16): 0, 0, 0, 0, 0, 0, 0, 0, 0, 0, 0, 0, 0, 0, 0, 0
  PE(3) Inst(0) Data2:
remuRedist Tags (tagWidth=16): 1, 0, 0, 1, 1, 0, 0, 0, 0, 0, 0, 0, 0, 0, 0, 0
remuRedist Forward bitvector (len=16): 1, 0, 0, 0, 0, 0, 0, 0, 0, 0, 0, 0, 0, 0, 0, 0
  PE(3) Inst(0) Data3:
remuRedist Tags (tagWidth=16): 0, 0, 0, 0, 0, 0, 0, 0, 0, 0, 0, 0, 0, 0, 0, 0
remuRedist Forward bitvector (len=16): 0, 0, 0, 0, 0, 0, 0, 0, 0, 0, 0, 0, 0, 0, 0, 0
  PE(3) Inst(1) Data0:
remuRedist Tags (tagWidth=16): 0, 0, 0, 0, 0, 0, 0, 0, 0, 0, 0, 0, 0, 0, 0, 0
remuRedist Forward bitvector (len=16): 0, 0, 0, 0, 0, 0, 0, 0, 0, 0, 0, 0, 0, 0, 0, 0
  PE(3) Inst(1) Data1:
remuRedist Tags (tagWidth=16): 0, 0, 0, 0, 0, 0, 0, 0, 0, 0, 0, 0, 0, 0, 0, 0
remuRedist Forward bitvector (len=16): 0, 0, 0, 0, 0, 0, 0, 0, 0, 0, 0, 0, 0, 0, 0, 0
  PE(3) Inst(1) Data2:
remuRedist Tags (tagWidth=16): 0, 0, 0, 0, 0, 0, 0, 0, 0, 0, 0, 0, 0, 0, 0, 0
remuRedist Forward bitvector (len=16): 0, 0, 0, 0, 0, 0, 0, 0, 0, 0, 0, 0, 0, 0, 0, 0
  PE(3) Inst(1) Data3:
remuRedist Tags (tagWidth=16): 0, 0, 0, 0, 0, 0, 0, 0, 0, 0, 0, 0, 0, 0, 0, 0
remuRedist Forward bitvector (len=16): 0, 0, 0, 0, 0, 0, 0, 0, 0, 0, 0, 0, 0, 0, 0, 0
  PE(3) Inst(2) Data0:
remuRedist Tags (tagWidth=16): 0, 0, 0, 0, 0, 0, 0, 0, 0, 0, 0, 0, 0, 0, 0, 0
remuRedist Forward bitvector (len=16): 0, 0, 0, 0, 0, 0, 0, 0, 0, 0, 0, 0, 0, 0, 0, 0
  PE(3) Inst(2) Data1:
remuRedist Tags (tagWidth=16): 0, 0, 0, 0, 0, 0, 0, 0, 0, 0, 0, 0, 0, 0, 0, 0
remuRedist Forward bitvector (len=16): 0, 0, 0, 0, 0, 0, 0, 0, 0, 0, 0, 0, 0, 0, 0, 0
  PE(3) Inst(2) Data2:
remuRedist Tags (tagWidth=16): 0, 0, 0, 0, 0, 0, 0, 0, 0, 0, 0, 0, 0, 0, 0, 0
remuRedist Forward bitvector (len=16): 0, 0, 0, 0, 0, 0, 0, 0, 0, 0, 0, 0, 0, 0, 0, 0
  PE(3) Inst(2) Data3:
remuRedist Tags (tagWidth=16): 0, 0, 0, 0, 0, 0, 0, 0, 0, 0, 0, 0, 0, 0, 0, 0
remuRedist Forward bitvector (len=16): 0, 0, 0, 0, 0, 0, 0, 0, 0, 0, 0, 0, 0, 0, 0, 0
  PE(3) Inst(3) Data0:
remuRedist Tags (tagWidth=16): 0, 0, 0, 0, 0, 0, 0, 0, 0, 0, 0, 0, 0, 0, 0, 0
remuRedist Forward bitvector (len=16): 0, 0, 0, 0, 0, 0, 0, 0, 0, 0, 0, 0, 0, 0, 0, 0
  PE(3) Inst(3) Data1:
remuRedist Tags (tagWidth=16): 0, 0, 0, 0, 0, 0, 0, 0, 0, 0, 0, 0, 0, 0, 0, 0
remuRedist Forward bitvector (len=16): 0, 0, 0, 0, 0, 0, 0, 0, 0, 0, 0, 0, 0, 0, 0, 0
  PE(3) Inst(3) Data2:
remuRedist Tags (tagWidth=16): 0, 0, 0, 0, 0, 0, 0, 0, 0, 0, 0, 0, 0, 0, 0, 0
remuRedist Forward bitvector (len=16): 0, 0, 0, 0, 0, 0, 0, 0, 0, 0, 0, 0, 0, 0, 0, 0
  PE(3) Inst(3) Data3:
remuRedist Tags (tagWidth=16): 0, 0, 0, 0, 0, 0, 0, 0, 0, 0, 0, 0, 0, 0, 0, 0
remuRedist Forward bitvector (len=16): 0, 0, 0, 0, 0, 0, 0, 0, 0, 0, 0, 0, 0, 0, 0, 0
  PE(3) Inst(4) Data0:
remuRedist Tags (tagWidth=16): 0, 0, 0, 0, 0, 0, 0, 0, 0, 0, 0, 0, 0, 0, 0, 0
remuRedist Forward bitvector (len=16): 0, 0, 0, 0, 0, 0, 0, 0, 0, 0, 0, 0, 0, 0, 0, 0
  PE(3) Inst(4) Data1:
remuRedist Tags (tagWidth=16): 0, 0, 0, 0, 0, 0, 0, 0, 0, 0, 0, 0, 0, 0, 0, 0
remuRedist Forward bitvector (len=16): 0, 0, 0, 0, 0, 0, 0, 0, 0, 0, 0, 0, 0, 0, 0, 0
  PE(3) Inst(4) Data2:
remuRedist Tags (tagWidth=16): 0, 0, 0, 0, 0, 0, 0, 0, 0, 0, 0, 0, 0, 0, 0, 0
remuRedist Forward bitvector (len=16): 0, 0, 0, 0, 0, 0, 0, 0, 0, 0, 0, 0, 0, 0, 0, 0
  PE(3) Inst(4) Data3:
remuRedist Tags (tagWidth=16): 0, 0, 0, 0, 0, 0, 0, 0, 0, 0, 0, 0, 0, 0, 0, 0
remuRedist Forward bitvector (len=16): 0, 0, 0, 0, 0, 0, 0, 0, 0, 0, 0, 0, 0, 0, 0, 0
  PE(3) Inst(5) Data0:
remuRedist Tags (tagWidth=16): 0, 0, 0, 0, 0, 0, 0, 0, 0, 0, 0, 0, 0, 0, 0, 0
remuRedist Forward bitvector (len=16): 0, 0, 0, 0, 0, 0, 0, 0, 0, 0, 0, 0, 0, 0, 0, 0
  PE(3) Inst(5) Data1:
remuRedist Tags (tagWidth=16): 0, 0, 0, 0, 0, 0, 0, 0, 0, 0, 0, 0, 0, 0, 0, 0
remuRedist Forward bitvector (len=16): 0, 0, 0, 0, 0, 0, 0, 0, 0, 0, 0, 0, 0, 0, 0, 0
  PE(3) Inst(5) Data2:
remuRedist Tags (tagWidth=16): 0, 0, 0, 0, 0, 0, 0, 0, 0, 0, 0, 0, 0, 0, 0, 0
remuRedist Forward bitvector (len=16): 0, 0, 0, 0, 0, 0, 0, 0, 0, 0, 0, 0, 0, 0, 0, 0
  PE(3) Inst(5) Data3:
remuRedist Tags (tagWidth=16): 0, 0, 0, 0, 0, 0, 0, 0, 0, 0, 0, 0, 0, 0, 0, 0
remuRedist Forward bitvector (len=16): 0, 0, 0, 0, 0, 0, 0, 0, 0, 0, 0, 0, 0, 0, 0, 0
  PE(3) Inst(6) Data0:
remuRedist Tags (tagWidth=16): 0, 0, 0, 0, 0, 0, 0, 0, 0, 0, 0, 0, 0, 0, 0, 0
remuRedist Forward bitvector (len=16): 0, 0, 0, 0, 0, 0, 0, 0, 0, 0, 0, 0, 0, 0, 0, 0
  PE(3) Inst(6) Data1:
remuRedist Tags (tagWidth=16): 0, 0, 0, 0, 0, 0, 0, 0, 0, 0, 0, 0, 0, 0, 0, 0
remuRedist Forward bitvector (len=16): 0, 0, 0, 0, 0, 0, 0, 0, 0, 0, 0, 0, 0, 0, 0, 0
  PE(3) Inst(6) Data2:
remuRedist Tags (tagWidth=16): 0, 0, 0, 0, 0, 0, 0, 0, 0, 0, 0, 0, 0, 0, 0, 0
remuRedist Forward bitvector (len=16): 0, 0, 0, 0, 0, 0, 0, 0, 0, 0, 0, 0, 0, 0, 0, 0
  PE(3) Inst(6) Data3:
remuRedist Tags (tagWidth=16): 0, 0, 0, 0, 0, 0, 0, 0, 0, 0, 0, 0, 0, 0, 0, 0
remuRedist Forward bitvector (len=16): 0, 0, 0, 0, 0, 0, 0, 0, 0, 0, 0, 0, 0, 0, 0, 0
  PE(3) Inst(7) Data0:
remuRedist Tags (tagWidth=16): 0, 0, 0, 0, 0, 0, 0, 0, 0, 0, 0, 0, 0, 0, 0, 0
remuRedist Forward bitvector (len=16): 0, 0, 0, 0, 0, 0, 0, 0, 0, 0, 0, 0, 0, 0, 0, 0
  PE(3) Inst(7) Data1:
remuRedist Tags (tagWidth=16): 0, 0, 0, 0, 0, 0, 0, 0, 0, 0, 0, 0, 0, 0, 0, 0
remuRedist Forward bitvector (len=16): 0, 0, 0, 0, 0, 0, 0, 0, 0, 0, 0, 0, 0, 0, 0, 0
  PE(3) Inst(7) Data2:
remuRedist Tags (tagWidth=16): 0, 0, 0, 0, 0, 0, 0, 0, 0, 0, 0, 0, 0, 0, 0, 0
remuRedist Forward bitvector (len=16): 0, 0, 0, 0, 0, 0, 0, 0, 0, 0, 0, 0, 0, 0, 0, 0
  PE(3) Inst(7) Data3:
remuRedist Tags (tagWidth=16): 0, 0, 0, 0, 0, 0, 0, 0, 0, 0, 0, 0, 0, 0, 0, 0
remuRedist Forward bitvector (len=16): 0, 0, 0, 0, 0, 0, 0, 0, 0, 0, 0, 0, 0, 0, 0, 0
  PE(3) Inst(8) Data0:
remuRedist Tags (tagWidth=16): 0, 0, 0, 0, 0, 0, 0, 0, 0, 0, 0, 0, 0, 0, 0, 0
remuRedist Forward bitvector (len=16): 0, 0, 0, 0, 0, 0, 0, 0, 0, 0, 0, 0, 0, 0, 0, 0
  PE(3) Inst(8) Data1:
remuRedist Tags (tagWidth=16): 0, 0, 0, 0, 0, 0, 0, 0, 0, 0, 0, 0, 0, 0, 0, 0
remuRedist Forward bitvector (len=16): 0, 0, 0, 0, 0, 0, 0, 0, 0, 0, 0, 0, 0, 0, 0, 0
  PE(3) Inst(8) Data2:
remuRedist Tags (tagWidth=16): 0, 0, 0, 0, 0, 0, 0, 0, 0, 0, 0, 0, 0, 0, 0, 0
remuRedist Forward bitvector (len=16): 0, 0, 0, 0, 0, 0, 0, 0, 0, 0, 0, 0, 0, 0, 0, 0
  PE(3) Inst(8) Data3:
remuRedist Tags (tagWidth=16): 0, 0, 0, 0, 0, 0, 0, 0, 0, 0, 0, 0, 0, 0, 0, 0
remuRedist Forward bitvector (len=16): 0, 0, 0, 0, 0, 0, 0, 0, 0, 0, 0, 0, 0, 0, 0, 0
  PE(3) Inst(9) Data0:
remuRedist Tags (tagWidth=16): 0, 0, 0, 0, 0, 0, 0, 0, 0, 0, 0, 0, 0, 0, 0, 0
remuRedist Forward bitvector (len=16): 0, 0, 0, 0, 0, 0, 0, 0, 0, 0, 0, 0, 0, 0, 0, 0
  PE(3) Inst(9) Data1:
remuRedist Tags (tagWidth=16): 0, 0, 0, 0, 0, 0, 0, 0, 0, 0, 0, 0, 0, 0, 0, 0
remuRedist Forward bitvector (len=16): 0, 0, 0, 0, 0, 0, 0, 0, 0, 0, 0, 0, 0, 0, 0, 0
  PE(3) Inst(9) Data2:
remuRedist Tags (tagWidth=16): 0, 0, 0, 0, 0, 0, 0, 0, 0, 0, 0, 0, 0, 0, 0, 0
remuRedist Forward bitvector (len=16): 0, 0, 0, 0, 0, 0, 0, 0, 0, 0, 0, 0, 0, 0, 0, 0
  PE(3) Inst(9) Data3:
remuRedist Tags (tagWidth=16): 0, 0, 0, 0, 0, 0, 0, 0, 0, 0, 0, 0, 0, 0, 0, 0
remuRedist Forward bitvector (len=16): 0, 0, 0, 0, 0, 0, 0, 0, 0, 0, 0, 0, 0, 0, 0, 0
  PE(3) Inst(10) Data0:
remuRedist Tags (tagWidth=16): 0, 0, 0, 0, 0, 0, 0, 0, 0, 0, 0, 0, 0, 0, 0, 0
remuRedist Forward bitvector (len=16): 0, 0, 0, 0, 0, 0, 0, 0, 0, 0, 0, 0, 0, 0, 0, 0
  PE(3) Inst(10) Data1:
remuRedist Tags (tagWidth=16): 0, 0, 0, 0, 0, 0, 0, 0, 0, 0, 0, 0, 0, 0, 0, 0
remuRedist Forward bitvector (len=16): 0, 0, 0, 0, 0, 0, 0, 0, 0, 0, 0, 0, 0, 0, 0, 0
  PE(3) Inst(10) Data2:
remuRedist Tags (tagWidth=16): 0, 0, 0, 0, 0, 0, 0, 0, 0, 0, 0, 0, 0, 0, 0, 0
remuRedist Forward bitvector (len=16): 0, 0, 0, 0, 0, 0, 0, 0, 0, 0, 0, 0, 0, 0, 0, 0
  PE(3) Inst(10) Data3:
remuRedist Tags (tagWidth=16): 0, 0, 0, 0, 0, 0, 0, 0, 0, 0, 0, 0, 0, 0, 0, 0
remuRedist Forward bitvector (len=16): 0, 0, 0, 0, 0, 0, 0, 0, 0, 0, 0, 0, 0, 0, 0, 0
  PE(3) Inst(11) Data0:
remuRedist Tags (tagWidth=16): 0, 0, 0, 0, 0, 0, 0, 0, 0, 0, 0, 0, 0, 0, 0, 0
remuRedist Forward bitvector (len=16): 0, 0, 0, 0, 0, 0, 0, 0, 0, 0, 0, 0, 0, 0, 0, 0
  PE(3) Inst(11) Data1:
remuRedist Tags (tagWidth=16): 0, 0, 0, 0, 0, 0, 0, 0, 0, 0, 0, 0, 0, 0, 0, 0
remuRedist Forward bitvector (len=16): 0, 0, 0, 0, 0, 0, 0, 0, 0, 0, 0, 0, 0, 0, 0, 0
  PE(3) Inst(11) Data2:
remuRedist Tags (tagWidth=16): 0, 0, 0, 0, 0, 0, 0, 0, 0, 0, 0, 0, 0, 0, 0, 0
remuRedist Forward bitvector (len=16): 0, 0, 0, 0, 0, 0, 0, 0, 0, 0, 0, 0, 0, 0, 0, 0
  PE(3) Inst(11) Data3:
remuRedist Tags (tagWidth=16): 0, 0, 0, 0, 0, 0, 0, 0, 0, 0, 0, 0, 0, 0, 0, 0
remuRedist Forward bitvector (len=16): 0, 0, 0, 0, 0, 0, 0, 0, 0, 0, 0, 0, 0, 0, 0, 0
  PE(3) Inst(12) Data0:
remuRedist Tags (tagWidth=16): 0, 0, 0, 0, 0, 0, 0, 0, 0, 0, 0, 0, 0, 0, 0, 0
remuRedist Forward bitvector (len=16): 0, 0, 0, 0, 0, 0, 0, 0, 0, 0, 0, 0, 0, 0, 0, 0
  PE(3) Inst(12) Data1:
remuRedist Tags (tagWidth=16): 0, 0, 0, 0, 0, 0, 0, 0, 0, 0, 0, 0, 0, 0, 0, 0
remuRedist Forward bitvector (len=16): 0, 0, 0, 0, 0, 0, 0, 0, 0, 0, 0, 0, 0, 0, 0, 0
  PE(3) Inst(12) Data2:
remuRedist Tags (tagWidth=16): 0, 0, 0, 0, 0, 0, 0, 0, 0, 0, 0, 0, 0, 0, 0, 0
remuRedist Forward bitvector (len=16): 0, 0, 0, 0, 0, 0, 0, 0, 0, 0, 0, 0, 0, 0, 0, 0
  PE(3) Inst(12) Data3:
remuRedist Tags (tagWidth=16): 0, 0, 0, 0, 0, 0, 0, 0, 0, 0, 0, 0, 0, 0, 0, 0
remuRedist Forward bitvector (len=16): 0, 0, 0, 0, 0, 0, 0, 0, 0, 0, 0, 0, 0, 0, 0, 0
  PE(3) Inst(13) Data0:
remuRedist Tags (tagWidth=16): 0, 0, 0, 0, 0, 0, 0, 0, 0, 0, 0, 0, 0, 0, 0, 0
remuRedist Forward bitvector (len=16): 0, 0, 0, 0, 0, 0, 0, 0, 0, 0, 0, 0, 0, 0, 0, 0
  PE(3) Inst(13) Data1:
remuRedist Tags (tagWidth=16): 0, 0, 0, 0, 0, 0, 0, 0, 0, 0, 0, 0, 0, 0, 0, 0
remuRedist Forward bitvector (len=16): 0, 0, 0, 0, 0, 0, 0, 0, 0, 0, 0, 0, 0, 0, 0, 0
  PE(3) Inst(13) Data2:
remuRedist Tags (tagWidth=16): 0, 0, 0, 0, 0, 0, 0, 0, 0, 0, 0, 0, 0, 0, 0, 0
remuRedist Forward bitvector (len=16): 0, 0, 0, 0, 0, 0, 0, 0, 0, 0, 0, 0, 0, 0, 0, 0
  PE(3) Inst(13) Data3:
remuRedist Tags (tagWidth=16): 0, 0, 0, 0, 0, 0, 0, 0, 0, 0, 0, 0, 0, 0, 0, 0
remuRedist Forward bitvector (len=16): 0, 0, 0, 0, 0, 0, 0, 0, 0, 0, 0, 0, 0, 0, 0, 0
  PE(3) Inst(14) Data0:
remuRedist Tags (tagWidth=16): 0, 0, 0, 0, 0, 0, 0, 0, 0, 0, 0, 0, 0, 0, 0, 0
remuRedist Forward bitvector (len=16): 0, 0, 0, 0, 0, 0, 0, 0, 0, 0, 0, 0, 0, 0, 0, 0
  PE(3) Inst(14) Data1:
remuRedist Tags (tagWidth=16): 0, 0, 0, 0, 0, 0, 0, 0, 0, 0, 0, 0, 0, 0, 0, 0
remuRedist Forward bitvector (len=16): 0, 0, 0, 0, 0, 0, 0, 0, 0, 0, 0, 0, 0, 0, 0, 0
  PE(3) Inst(14) Data2:
remuRedist Tags (tagWidth=16): 0, 0, 0, 0, 0, 0, 0, 0, 0, 0, 0, 0, 0, 0, 0, 0
remuRedist Forward bitvector (len=16): 0, 0, 0, 0, 0, 0, 0, 0, 0, 0, 0, 0, 0, 0, 0, 0
  PE(3) Inst(14) Data3:
remuRedist Tags (tagWidth=16): 0, 0, 0, 0, 0, 0, 0, 0, 0, 0, 0, 0, 0, 0, 0, 0
remuRedist Forward bitvector (len=16): 0, 0, 0, 0, 0, 0, 0, 0, 0, 0, 0, 0, 0, 0, 0, 0
  PE(3) Inst(15) Data0:
remuRedist Tags (tagWidth=16): 0, 0, 0, 0, 0, 0, 0, 0, 0, 0, 0, 0, 0, 0, 0, 0
remuRedist Forward bitvector (len=16): 0, 0, 0, 0, 0, 0, 0, 0, 0, 0, 0, 0, 0, 0, 0, 0
  PE(3) Inst(15) Data1:
remuRedist Tags (tagWidth=16): 0, 0, 0, 0, 0, 0, 0, 0, 0, 0, 0, 0, 0, 0, 0, 0
remuRedist Forward bitvector (len=16): 0, 0, 0, 0, 0, 0, 0, 0, 0, 0, 0, 0, 0, 0, 0, 0
  PE(3) Inst(15) Data2:
remuRedist Tags (tagWidth=16): 0, 0, 0, 0, 0, 0, 0, 0, 0, 0, 0, 0, 0, 0, 0, 0
remuRedist Forward bitvector (len=16): 0, 0, 0, 0, 0, 0, 0, 0, 0, 0, 0, 0, 0, 0, 0, 0
  PE(3) Inst(15) Data3:
remuRedist Tags (tagWidth=16): 0, 0, 0, 0, 0, 0, 0, 0, 0, 0, 0, 0, 0, 0, 0, 0
remuRedist Forward bitvector (len=16): 0, 0, 0, 0, 0, 0, 0, 0, 0, 0, 0, 0, 0, 0, 0, 0
remuRedist(4):
  PE(4) Inst(0) Data0:
remuRedist Tags (tagWidth=16): 0, 0, 1, 0, 1, 0, 0, 0, 0, 0, 0, 0, 0, 0, 0, 0
remuRedist Forward bitvector (len=16): 1, 0, 0, 0, 0, 0, 0, 0, 0, 0, 0, 0, 0, 0, 0, 0
  PE(4) Inst(0) Data1:
remuRedist Tags (tagWidth=16): 0, 0, 0, 0, 0, 0, 0, 0, 0, 0, 0, 0, 0, 0, 0, 0
remuRedist Forward bitvector (len=16): 0, 0, 0, 0, 0, 0, 0, 0, 0, 0, 0, 0, 0, 0, 0, 0
  PE(4) Inst(0) Data2:
remuRedist Tags (tagWidth=16): 0, 0, 0, 1, 1, 0, 0, 0, 0, 0, 0, 0, 0, 0, 0, 0
remuRedist Forward bitvector (len=16): 1, 0, 0, 0, 0, 0, 0, 0, 0, 0, 0, 0, 0, 0, 0, 0
  PE(4) Inst(0) Data3:
remuRedist Tags (tagWidth=16): 0, 0, 0, 0, 0, 0, 0, 0, 0, 0, 0, 0, 0, 0, 0, 0
remuRedist Forward bitvector (len=16): 0, 0, 0, 0, 0, 0, 0, 0, 0, 0, 0, 0, 0, 0, 0, 0
  PE(4) Inst(1) Data0:
remuRedist Tags (tagWidth=16): 1, 1, 0, 1, 1, 1, 0, 0, 0, 0, 0, 0, 0, 0, 0, 0
remuRedist Forward bitvector (len=16): 0, 1, 0, 0, 0, 0, 0, 0, 0, 0, 0, 0, 0, 0, 0, 0
  PE(4) Inst(1) Data1:
remuRedist Tags (tagWidth=16): 0, 0, 0, 0, 0, 0, 0, 0, 0, 0, 0, 0, 0, 0, 0, 0
remuRedist Forward bitvector (len=16): 0, 0, 0, 0, 0, 0, 0, 0, 0, 0, 0, 0, 0, 0, 0, 0
  PE(4) Inst(1) Data2:
remuRedist Tags (tagWidth=16): 0, 0, 0, 0, 0, 0, 0, 0, 0, 0, 0, 0, 0, 0, 0, 0
remuRedist Forward bitvector (len=16): 0, 0, 0, 0, 0, 0, 0, 0, 0, 0, 0, 0, 0, 0, 0, 0
  PE(4) Inst(1) Data3:
remuRedist Tags (tagWidth=16): 0, 0, 0, 0, 0, 0, 0, 0, 0, 0, 0, 0, 0, 0, 0, 0
remuRedist Forward bitvector (len=16): 0, 0, 0, 0, 0, 0, 0, 0, 0, 0, 0, 0, 0, 0, 0, 0
  PE(4) Inst(2) Data0:
remuRedist Tags (tagWidth=16): 1, 1, 0, 1, 1, 0, 1, 0, 0, 0, 0, 0, 0, 0, 0, 0
remuRedist Forward bitvector (len=16): 0, 0, 1, 0, 0, 0, 0, 0, 0, 0, 0, 0, 0, 0, 0, 0
  PE(4) Inst(2) Data1:
remuRedist Tags (tagWidth=16): 0, 0, 0, 0, 0, 0, 0, 0, 0, 0, 0, 0, 0, 0, 0, 0
remuRedist Forward bitvector (len=16): 0, 0, 0, 0, 0, 0, 0, 0, 0, 0, 0, 0, 0, 0, 0, 0
  PE(4) Inst(2) Data2:
remuRedist Tags (tagWidth=16): 0, 0, 0, 0, 0, 0, 0, 0, 0, 0, 0, 0, 0, 0, 0, 0
remuRedist Forward bitvector (len=16): 0, 0, 0, 0, 0, 0, 0, 0, 0, 0, 0, 0, 0, 0, 0, 0
  PE(4) Inst(2) Data3:
remuRedist Tags (tagWidth=16): 0, 0, 0, 0, 0, 0, 0, 0, 0, 0, 0, 0, 0, 0, 0, 0
remuRedist Forward bitvector (len=16): 0, 0, 0, 0, 0, 0, 0, 0, 0, 0, 0, 0, 0, 0, 0, 0
  PE(4) Inst(3) Data0:
remuRedist Tags (tagWidth=16): 0, 0, 0, 0, 0, 0, 0, 0, 0, 0, 0, 0, 0, 0, 0, 0
remuRedist Forward bitvector (len=16): 0, 0, 0, 0, 0, 0, 0, 0, 0, 0, 0, 0, 0, 0, 0, 0
  PE(4) Inst(3) Data1:
remuRedist Tags (tagWidth=16): 0, 0, 0, 0, 0, 0, 0, 0, 0, 0, 0, 0, 0, 0, 0, 0
remuRedist Forward bitvector (len=16): 0, 0, 0, 0, 0, 0, 0, 0, 0, 0, 0, 0, 0, 0, 0, 0
  PE(4) Inst(3) Data2:
remuRedist Tags (tagWidth=16): 0, 0, 0, 0, 0, 0, 0, 0, 0, 0, 0, 0, 0, 0, 0, 0
remuRedist Forward bitvector (len=16): 0, 0, 0, 0, 0, 0, 0, 0, 0, 0, 0, 0, 0, 0, 0, 0
  PE(4) Inst(3) Data3:
remuRedist Tags (tagWidth=16): 0, 0, 0, 0, 0, 0, 0, 0, 0, 0, 0, 0, 0, 0, 0, 0
remuRedist Forward bitvector (len=16): 0, 0, 0, 0, 0, 0, 0, 0, 0, 0, 0, 0, 0, 0, 0, 0
  PE(4) Inst(4) Data0:
remuRedist Tags (tagWidth=16): 0, 0, 0, 0, 0, 0, 0, 0, 0, 0, 0, 0, 0, 0, 0, 0
remuRedist Forward bitvector (len=16): 0, 0, 0, 0, 0, 0, 0, 0, 0, 0, 0, 0, 0, 0, 0, 0
  PE(4) Inst(4) Data1:
remuRedist Tags (tagWidth=16): 0, 0, 0, 0, 0, 0, 0, 0, 0, 0, 0, 0, 0, 0, 0, 0
remuRedist Forward bitvector (len=16): 0, 0, 0, 0, 0, 0, 0, 0, 0, 0, 0, 0, 0, 0, 0, 0
  PE(4) Inst(4) Data2:
remuRedist Tags (tagWidth=16): 0, 0, 0, 0, 0, 0, 0, 0, 0, 0, 0, 0, 0, 0, 0, 0
remuRedist Forward bitvector (len=16): 0, 0, 0, 0, 0, 0, 0, 0, 0, 0, 0, 0, 0, 0, 0, 0
  PE(4) Inst(4) Data3:
remuRedist Tags (tagWidth=16): 0, 0, 0, 0, 0, 0, 0, 0, 0, 0, 0, 0, 0, 0, 0, 0
remuRedist Forward bitvector (len=16): 0, 0, 0, 0, 0, 0, 0, 0, 0, 0, 0, 0, 0, 0, 0, 0
  PE(4) Inst(5) Data0:
remuRedist Tags (tagWidth=16): 0, 0, 0, 0, 0, 0, 0, 0, 0, 0, 0, 0, 0, 0, 0, 0
remuRedist Forward bitvector (len=16): 0, 0, 0, 0, 0, 0, 0, 0, 0, 0, 0, 0, 0, 0, 0, 0
  PE(4) Inst(5) Data1:
remuRedist Tags (tagWidth=16): 0, 0, 0, 0, 0, 0, 0, 0, 0, 0, 0, 0, 0, 0, 0, 0
remuRedist Forward bitvector (len=16): 0, 0, 0, 0, 0, 0, 0, 0, 0, 0, 0, 0, 0, 0, 0, 0
  PE(4) Inst(5) Data2:
remuRedist Tags (tagWidth=16): 0, 0, 0, 0, 0, 0, 0, 0, 0, 0, 0, 0, 0, 0, 0, 0
remuRedist Forward bitvector (len=16): 0, 0, 0, 0, 0, 0, 0, 0, 0, 0, 0, 0, 0, 0, 0, 0
  PE(4) Inst(5) Data3:
remuRedist Tags (tagWidth=16): 0, 0, 0, 0, 0, 0, 0, 0, 0, 0, 0, 0, 0, 0, 0, 0
remuRedist Forward bitvector (len=16): 0, 0, 0, 0, 0, 0, 0, 0, 0, 0, 0, 0, 0, 0, 0, 0
  PE(4) Inst(6) Data0:
remuRedist Tags (tagWidth=16): 0, 0, 0, 0, 0, 0, 0, 0, 0, 0, 0, 0, 0, 0, 0, 0
remuRedist Forward bitvector (len=16): 0, 0, 0, 0, 0, 0, 0, 0, 0, 0, 0, 0, 0, 0, 0, 0
  PE(4) Inst(6) Data1:
remuRedist Tags (tagWidth=16): 0, 0, 0, 0, 0, 0, 0, 0, 0, 0, 0, 0, 0, 0, 0, 0
remuRedist Forward bitvector (len=16): 0, 0, 0, 0, 0, 0, 0, 0, 0, 0, 0, 0, 0, 0, 0, 0
  PE(4) Inst(6) Data2:
remuRedist Tags (tagWidth=16): 0, 0, 0, 0, 0, 0, 0, 0, 0, 0, 0, 0, 0, 0, 0, 0
remuRedist Forward bitvector (len=16): 0, 0, 0, 0, 0, 0, 0, 0, 0, 0, 0, 0, 0, 0, 0, 0
  PE(4) Inst(6) Data3:
remuRedist Tags (tagWidth=16): 0, 0, 0, 0, 0, 0, 0, 0, 0, 0, 0, 0, 0, 0, 0, 0
remuRedist Forward bitvector (len=16): 0, 0, 0, 0, 0, 0, 0, 0, 0, 0, 0, 0, 0, 0, 0, 0
  PE(4) Inst(7) Data0:
remuRedist Tags (tagWidth=16): 0, 0, 0, 0, 0, 0, 0, 0, 0, 0, 0, 0, 0, 0, 0, 0
remuRedist Forward bitvector (len=16): 0, 0, 0, 0, 0, 0, 0, 0, 0, 0, 0, 0, 0, 0, 0, 0
  PE(4) Inst(7) Data1:
remuRedist Tags (tagWidth=16): 0, 0, 0, 0, 0, 0, 0, 0, 0, 0, 0, 0, 0, 0, 0, 0
remuRedist Forward bitvector (len=16): 0, 0, 0, 0, 0, 0, 0, 0, 0, 0, 0, 0, 0, 0, 0, 0
  PE(4) Inst(7) Data2:
remuRedist Tags (tagWidth=16): 0, 0, 0, 0, 0, 0, 0, 0, 0, 0, 0, 0, 0, 0, 0, 0
remuRedist Forward bitvector (len=16): 0, 0, 0, 0, 0, 0, 0, 0, 0, 0, 0, 0, 0, 0, 0, 0
  PE(4) Inst(7) Data3:
remuRedist Tags (tagWidth=16): 0, 0, 0, 0, 0, 0, 0, 0, 0, 0, 0, 0, 0, 0, 0, 0
remuRedist Forward bitvector (len=16): 0, 0, 0, 0, 0, 0, 0, 0, 0, 0, 0, 0, 0, 0, 0, 0
  PE(4) Inst(8) Data0:
remuRedist Tags (tagWidth=16): 0, 0, 0, 0, 0, 0, 0, 0, 0, 0, 0, 0, 0, 0, 0, 0
remuRedist Forward bitvector (len=16): 0, 0, 0, 0, 0, 0, 0, 0, 0, 0, 0, 0, 0, 0, 0, 0
  PE(4) Inst(8) Data1:
remuRedist Tags (tagWidth=16): 0, 0, 0, 0, 0, 0, 0, 0, 0, 0, 0, 0, 0, 0, 0, 0
remuRedist Forward bitvector (len=16): 0, 0, 0, 0, 0, 0, 0, 0, 0, 0, 0, 0, 0, 0, 0, 0
  PE(4) Inst(8) Data2:
remuRedist Tags (tagWidth=16): 0, 0, 0, 0, 0, 0, 0, 0, 0, 0, 0, 0, 0, 0, 0, 0
remuRedist Forward bitvector (len=16): 0, 0, 0, 0, 0, 0, 0, 0, 0, 0, 0, 0, 0, 0, 0, 0
  PE(4) Inst(8) Data3:
remuRedist Tags (tagWidth=16): 0, 0, 0, 0, 0, 0, 0, 0, 0, 0, 0, 0, 0, 0, 0, 0
remuRedist Forward bitvector (len=16): 0, 0, 0, 0, 0, 0, 0, 0, 0, 0, 0, 0, 0, 0, 0, 0
  PE(4) Inst(9) Data0:
remuRedist Tags (tagWidth=16): 0, 0, 0, 0, 0, 0, 0, 0, 0, 0, 0, 0, 0, 0, 0, 0
remuRedist Forward bitvector (len=16): 0, 0, 0, 0, 0, 0, 0, 0, 0, 0, 0, 0, 0, 0, 0, 0
  PE(4) Inst(9) Data1:
remuRedist Tags (tagWidth=16): 0, 0, 0, 0, 0, 0, 0, 0, 0, 0, 0, 0, 0, 0, 0, 0
remuRedist Forward bitvector (len=16): 0, 0, 0, 0, 0, 0, 0, 0, 0, 0, 0, 0, 0, 0, 0, 0
  PE(4) Inst(9) Data2:
remuRedist Tags (tagWidth=16): 0, 0, 0, 0, 0, 0, 0, 0, 0, 0, 0, 0, 0, 0, 0, 0
remuRedist Forward bitvector (len=16): 0, 0, 0, 0, 0, 0, 0, 0, 0, 0, 0, 0, 0, 0, 0, 0
  PE(4) Inst(9) Data3:
remuRedist Tags (tagWidth=16): 0, 0, 0, 0, 0, 0, 0, 0, 0, 0, 0, 0, 0, 0, 0, 0
remuRedist Forward bitvector (len=16): 0, 0, 0, 0, 0, 0, 0, 0, 0, 0, 0, 0, 0, 0, 0, 0
  PE(4) Inst(10) Data0:
remuRedist Tags (tagWidth=16): 0, 0, 0, 0, 0, 0, 0, 0, 0, 0, 0, 0, 0, 0, 0, 0
remuRedist Forward bitvector (len=16): 0, 0, 0, 0, 0, 0, 0, 0, 0, 0, 0, 0, 0, 0, 0, 0
  PE(4) Inst(10) Data1:
remuRedist Tags (tagWidth=16): 0, 0, 0, 0, 0, 0, 0, 0, 0, 0, 0, 0, 0, 0, 0, 0
remuRedist Forward bitvector (len=16): 0, 0, 0, 0, 0, 0, 0, 0, 0, 0, 0, 0, 0, 0, 0, 0
  PE(4) Inst(10) Data2:
remuRedist Tags (tagWidth=16): 0, 0, 0, 0, 0, 0, 0, 0, 0, 0, 0, 0, 0, 0, 0, 0
remuRedist Forward bitvector (len=16): 0, 0, 0, 0, 0, 0, 0, 0, 0, 0, 0, 0, 0, 0, 0, 0
  PE(4) Inst(10) Data3:
remuRedist Tags (tagWidth=16): 0, 0, 0, 0, 0, 0, 0, 0, 0, 0, 0, 0, 0, 0, 0, 0
remuRedist Forward bitvector (len=16): 0, 0, 0, 0, 0, 0, 0, 0, 0, 0, 0, 0, 0, 0, 0, 0
  PE(4) Inst(11) Data0:
remuRedist Tags (tagWidth=16): 0, 0, 0, 0, 0, 0, 0, 0, 0, 0, 0, 0, 0, 0, 0, 0
remuRedist Forward bitvector (len=16): 0, 0, 0, 0, 0, 0, 0, 0, 0, 0, 0, 0, 0, 0, 0, 0
  PE(4) Inst(11) Data1:
remuRedist Tags (tagWidth=16): 0, 0, 0, 0, 0, 0, 0, 0, 0, 0, 0, 0, 0, 0, 0, 0
remuRedist Forward bitvector (len=16): 0, 0, 0, 0, 0, 0, 0, 0, 0, 0, 0, 0, 0, 0, 0, 0
  PE(4) Inst(11) Data2:
remuRedist Tags (tagWidth=16): 0, 0, 0, 0, 0, 0, 0, 0, 0, 0, 0, 0, 0, 0, 0, 0
remuRedist Forward bitvector (len=16): 0, 0, 0, 0, 0, 0, 0, 0, 0, 0, 0, 0, 0, 0, 0, 0
  PE(4) Inst(11) Data3:
remuRedist Tags (tagWidth=16): 0, 0, 0, 0, 0, 0, 0, 0, 0, 0, 0, 0, 0, 0, 0, 0
remuRedist Forward bitvector (len=16): 0, 0, 0, 0, 0, 0, 0, 0, 0, 0, 0, 0, 0, 0, 0, 0
  PE(4) Inst(12) Data0:
remuRedist Tags (tagWidth=16): 0, 0, 0, 0, 0, 0, 0, 0, 0, 0, 0, 0, 0, 0, 0, 0
remuRedist Forward bitvector (len=16): 0, 0, 0, 0, 0, 0, 0, 0, 0, 0, 0, 0, 0, 0, 0, 0
  PE(4) Inst(12) Data1:
remuRedist Tags (tagWidth=16): 0, 0, 0, 0, 0, 0, 0, 0, 0, 0, 0, 0, 0, 0, 0, 0
remuRedist Forward bitvector (len=16): 0, 0, 0, 0, 0, 0, 0, 0, 0, 0, 0, 0, 0, 0, 0, 0
  PE(4) Inst(12) Data2:
remuRedist Tags (tagWidth=16): 0, 0, 0, 0, 0, 0, 0, 0, 0, 0, 0, 0, 0, 0, 0, 0
remuRedist Forward bitvector (len=16): 0, 0, 0, 0, 0, 0, 0, 0, 0, 0, 0, 0, 0, 0, 0, 0
  PE(4) Inst(12) Data3:
remuRedist Tags (tagWidth=16): 0, 0, 0, 0, 0, 0, 0, 0, 0, 0, 0, 0, 0, 0, 0, 0
remuRedist Forward bitvector (len=16): 0, 0, 0, 0, 0, 0, 0, 0, 0, 0, 0, 0, 0, 0, 0, 0
  PE(4) Inst(13) Data0:
remuRedist Tags (tagWidth=16): 0, 0, 0, 0, 0, 0, 0, 0, 0, 0, 0, 0, 0, 0, 0, 0
remuRedist Forward bitvector (len=16): 0, 0, 0, 0, 0, 0, 0, 0, 0, 0, 0, 0, 0, 0, 0, 0
  PE(4) Inst(13) Data1:
remuRedist Tags (tagWidth=16): 0, 0, 0, 0, 0, 0, 0, 0, 0, 0, 0, 0, 0, 0, 0, 0
remuRedist Forward bitvector (len=16): 0, 0, 0, 0, 0, 0, 0, 0, 0, 0, 0, 0, 0, 0, 0, 0
  PE(4) Inst(13) Data2:
remuRedist Tags (tagWidth=16): 0, 0, 0, 0, 0, 0, 0, 0, 0, 0, 0, 0, 0, 0, 0, 0
remuRedist Forward bitvector (len=16): 0, 0, 0, 0, 0, 0, 0, 0, 0, 0, 0, 0, 0, 0, 0, 0
  PE(4) Inst(13) Data3:
remuRedist Tags (tagWidth=16): 0, 0, 0, 0, 0, 0, 0, 0, 0, 0, 0, 0, 0, 0, 0, 0
remuRedist Forward bitvector (len=16): 0, 0, 0, 0, 0, 0, 0, 0, 0, 0, 0, 0, 0, 0, 0, 0
  PE(4) Inst(14) Data0:
remuRedist Tags (tagWidth=16): 0, 0, 0, 0, 0, 0, 0, 0, 0, 0, 0, 0, 0, 0, 0, 0
remuRedist Forward bitvector (len=16): 0, 0, 0, 0, 0, 0, 0, 0, 0, 0, 0, 0, 0, 0, 0, 0
  PE(4) Inst(14) Data1:
remuRedist Tags (tagWidth=16): 0, 0, 0, 0, 0, 0, 0, 0, 0, 0, 0, 0, 0, 0, 0, 0
remuRedist Forward bitvector (len=16): 0, 0, 0, 0, 0, 0, 0, 0, 0, 0, 0, 0, 0, 0, 0, 0
  PE(4) Inst(14) Data2:
remuRedist Tags (tagWidth=16): 0, 0, 0, 0, 0, 0, 0, 0, 0, 0, 0, 0, 0, 0, 0, 0
remuRedist Forward bitvector (len=16): 0, 0, 0, 0, 0, 0, 0, 0, 0, 0, 0, 0, 0, 0, 0, 0
  PE(4) Inst(14) Data3:
remuRedist Tags (tagWidth=16): 0, 0, 0, 0, 0, 0, 0, 0, 0, 0, 0, 0, 0, 0, 0, 0
remuRedist Forward bitvector (len=16): 0, 0, 0, 0, 0, 0, 0, 0, 0, 0, 0, 0, 0, 0, 0, 0
  PE(4) Inst(15) Data0:
remuRedist Tags (tagWidth=16): 0, 0, 0, 0, 0, 0, 0, 0, 0, 0, 0, 0, 0, 0, 0, 0
remuRedist Forward bitvector (len=16): 0, 0, 0, 0, 0, 0, 0, 0, 0, 0, 0, 0, 0, 0, 0, 0
  PE(4) Inst(15) Data1:
remuRedist Tags (tagWidth=16): 0, 0, 0, 0, 0, 0, 0, 0, 0, 0, 0, 0, 0, 0, 0, 0
remuRedist Forward bitvector (len=16): 0, 0, 0, 0, 0, 0, 0, 0, 0, 0, 0, 0, 0, 0, 0, 0
  PE(4) Inst(15) Data2:
remuRedist Tags (tagWidth=16): 0, 0, 0, 0, 0, 0, 0, 0, 0, 0, 0, 0, 0, 0, 0, 0
remuRedist Forward bitvector (len=16): 0, 0, 0, 0, 0, 0, 0, 0, 0, 0, 0, 0, 0, 0, 0, 0
  PE(4) Inst(15) Data3:
remuRedist Tags (tagWidth=16): 0, 0, 0, 0, 0, 0, 0, 0, 0, 0, 0, 0, 0, 0, 0, 0
remuRedist Forward bitvector (len=16): 0, 0, 0, 0, 0, 0, 0, 0, 0, 0, 0, 0, 0, 0, 0, 0
remuRedist(5):
  PE(5) Inst(0) Data0:
remuRedist Tags (tagWidth=16): 1, 0, 0, 1, 0, 0, 0, 0, 0, 0, 0, 0, 0, 0, 0, 0
remuRedist Forward bitvector (len=16): 1, 0, 0, 0, 0, 0, 0, 0, 0, 0, 0, 0, 0, 0, 0, 0
  PE(5) Inst(0) Data1:
remuRedist Tags (tagWidth=16): 0, 0, 0, 1, 1, 1, 0, 0, 0, 0, 0, 0, 0, 0, 0, 0
remuRedist Forward bitvector (len=16): 0, 0, 1, 0, 0, 0, 0, 0, 0, 0, 0, 0, 0, 0, 0, 0
  PE(5) Inst(0) Data2:
remuRedist Tags (tagWidth=16): 1, 0, 0, 1, 1, 0, 0, 0, 0, 0, 0, 0, 0, 0, 0, 0
remuRedist Forward bitvector (len=16): 1, 0, 0, 0, 0, 0, 0, 0, 0, 0, 0, 0, 0, 0, 0, 0
  PE(5) Inst(0) Data3:
remuRedist Tags (tagWidth=16): 0, 0, 0, 0, 0, 0, 0, 0, 0, 0, 0, 0, 0, 0, 0, 0
remuRedist Forward bitvector (len=16): 0, 0, 0, 0, 0, 0, 0, 0, 0, 0, 0, 0, 0, 0, 0, 0
  PE(5) Inst(1) Data0:
remuRedist Tags (tagWidth=16): 1, 0, 1, 0, 1, 0, 0, 0, 0, 0, 0, 0, 0, 0, 0, 0
remuRedist Forward bitvector (len=16): 0, 1, 0, 0, 0, 0, 0, 0, 0, 0, 0, 0, 0, 0, 0, 0
  PE(5) Inst(1) Data1:
remuRedist Tags (tagWidth=16): 0, 0, 0, 0, 0, 0, 0, 0, 0, 0, 0, 0, 0, 0, 0, 0
remuRedist Forward bitvector (len=16): 0, 0, 0, 0, 0, 0, 0, 0, 0, 0, 0, 0, 0, 0, 0, 0
  PE(5) Inst(1) Data2:
remuRedist Tags (tagWidth=16): 0, 0, 0, 1, 0, 0, 1, 0, 0, 0, 0, 0, 0, 0, 0, 0
remuRedist Forward bitvector (len=16): 0, 0, 1, 0, 0, 0, 0, 0, 0, 0, 0, 0, 0, 0, 0, 0
  PE(5) Inst(1) Data3:
remuRedist Tags (tagWidth=16): 0, 0, 0, 0, 0, 0, 0, 0, 0, 0, 0, 0, 0, 0, 0, 0
remuRedist Forward bitvector (len=16): 0, 0, 0, 0, 0, 0, 0, 0, 0, 0, 0, 0, 0, 0, 0, 0
  PE(5) Inst(2) Data0:
remuRedist Tags (tagWidth=16): 0, 0, 0, 0, 0, 1, 0, 0, 0, 0, 0, 0, 0, 0, 0, 0
remuRedist Forward bitvector (len=16): 0, 0, 1, 0, 0, 0, 0, 0, 0, 0, 0, 0, 0, 0, 0, 0
  PE(5) Inst(2) Data1:
remuRedist Tags (tagWidth=16): 0, 0, 0, 0, 0, 0, 0, 0, 0, 0, 0, 0, 0, 0, 0, 0
remuRedist Forward bitvector (len=16): 0, 0, 0, 0, 0, 0, 0, 0, 0, 0, 0, 0, 0, 0, 0, 0
  PE(5) Inst(2) Data2:
remuRedist Tags (tagWidth=16): 0, 0, 0, 0, 0, 0, 0, 0, 0, 0, 0, 0, 0, 0, 0, 0
remuRedist Forward bitvector (len=16): 0, 0, 0, 0, 0, 0, 0, 0, 0, 0, 0, 0, 0, 0, 0, 0
  PE(5) Inst(2) Data3:
remuRedist Tags (tagWidth=16): 0, 0, 0, 0, 0, 0, 0, 0, 0, 0, 0, 0, 0, 0, 0, 0
remuRedist Forward bitvector (len=16): 0, 0, 0, 0, 0, 0, 0, 0, 0, 0, 0, 0, 0, 0, 0, 0
  PE(5) Inst(3) Data0:
remuRedist Tags (tagWidth=16): 0, 0, 0, 0, 0, 0, 0, 0, 0, 0, 0, 0, 0, 0, 0, 0
remuRedist Forward bitvector (len=16): 0, 0, 0, 0, 0, 0, 0, 0, 0, 0, 0, 0, 0, 0, 0, 0
  PE(5) Inst(3) Data1:
remuRedist Tags (tagWidth=16): 0, 0, 0, 0, 0, 0, 0, 0, 0, 0, 0, 0, 0, 0, 0, 0
remuRedist Forward bitvector (len=16): 0, 0, 0, 0, 0, 0, 0, 0, 0, 0, 0, 0, 0, 0, 0, 0
  PE(5) Inst(3) Data2:
remuRedist Tags (tagWidth=16): 0, 0, 0, 0, 0, 0, 0, 0, 0, 0, 0, 0, 0, 0, 0, 0
remuRedist Forward bitvector (len=16): 0, 0, 0, 0, 0, 0, 0, 0, 0, 0, 0, 0, 0, 0, 0, 0
  PE(5) Inst(3) Data3:
remuRedist Tags (tagWidth=16): 0, 0, 0, 0, 0, 0, 0, 0, 0, 0, 0, 0, 0, 0, 0, 0
remuRedist Forward bitvector (len=16): 0, 0, 0, 0, 0, 0, 0, 0, 0, 0, 0, 0, 0, 0, 0, 0
  PE(5) Inst(4) Data0:
remuRedist Tags (tagWidth=16): 0, 0, 0, 0, 0, 0, 0, 0, 0, 0, 0, 0, 0, 0, 0, 0
remuRedist Forward bitvector (len=16): 0, 0, 0, 0, 0, 0, 0, 0, 0, 0, 0, 0, 0, 0, 0, 0
  PE(5) Inst(4) Data1:
remuRedist Tags (tagWidth=16): 0, 0, 0, 0, 0, 0, 0, 0, 0, 0, 0, 0, 0, 0, 0, 0
remuRedist Forward bitvector (len=16): 0, 0, 0, 0, 0, 0, 0, 0, 0, 0, 0, 0, 0, 0, 0, 0
  PE(5) Inst(4) Data2:
remuRedist Tags (tagWidth=16): 0, 0, 0, 0, 0, 0, 0, 0, 0, 0, 0, 0, 0, 0, 0, 0
remuRedist Forward bitvector (len=16): 0, 0, 0, 0, 0, 0, 0, 0, 0, 0, 0, 0, 0, 0, 0, 0
  PE(5) Inst(4) Data3:
remuRedist Tags (tagWidth=16): 0, 0, 0, 0, 0, 0, 0, 0, 0, 0, 0, 0, 0, 0, 0, 0
remuRedist Forward bitvector (len=16): 0, 0, 0, 0, 0, 0, 0, 0, 0, 0, 0, 0, 0, 0, 0, 0
  PE(5) Inst(5) Data0:
remuRedist Tags (tagWidth=16): 0, 0, 0, 0, 0, 0, 0, 0, 0, 0, 0, 0, 0, 0, 0, 0
remuRedist Forward bitvector (len=16): 0, 0, 0, 0, 0, 0, 0, 0, 0, 0, 0, 0, 0, 0, 0, 0
  PE(5) Inst(5) Data1:
remuRedist Tags (tagWidth=16): 0, 0, 0, 0, 0, 0, 0, 0, 0, 0, 0, 0, 0, 0, 0, 0
remuRedist Forward bitvector (len=16): 0, 0, 0, 0, 0, 0, 0, 0, 0, 0, 0, 0, 0, 0, 0, 0
  PE(5) Inst(5) Data2:
remuRedist Tags (tagWidth=16): 0, 0, 0, 0, 0, 0, 0, 0, 0, 0, 0, 0, 0, 0, 0, 0
remuRedist Forward bitvector (len=16): 0, 0, 0, 0, 0, 0, 0, 0, 0, 0, 0, 0, 0, 0, 0, 0
  PE(5) Inst(5) Data3:
remuRedist Tags (tagWidth=16): 0, 0, 0, 0, 0, 0, 0, 0, 0, 0, 0, 0, 0, 0, 0, 0
remuRedist Forward bitvector (len=16): 0, 0, 0, 0, 0, 0, 0, 0, 0, 0, 0, 0, 0, 0, 0, 0
  PE(5) Inst(6) Data0:
remuRedist Tags (tagWidth=16): 0, 0, 0, 0, 0, 0, 0, 0, 0, 0, 0, 0, 0, 0, 0, 0
remuRedist Forward bitvector (len=16): 0, 0, 0, 0, 0, 0, 0, 0, 0, 0, 0, 0, 0, 0, 0, 0
  PE(5) Inst(6) Data1:
remuRedist Tags (tagWidth=16): 0, 0, 0, 0, 0, 0, 0, 0, 0, 0, 0, 0, 0, 0, 0, 0
remuRedist Forward bitvector (len=16): 0, 0, 0, 0, 0, 0, 0, 0, 0, 0, 0, 0, 0, 0, 0, 0
  PE(5) Inst(6) Data2:
remuRedist Tags (tagWidth=16): 0, 0, 0, 0, 0, 0, 0, 0, 0, 0, 0, 0, 0, 0, 0, 0
remuRedist Forward bitvector (len=16): 0, 0, 0, 0, 0, 0, 0, 0, 0, 0, 0, 0, 0, 0, 0, 0
  PE(5) Inst(6) Data3:
remuRedist Tags (tagWidth=16): 0, 0, 0, 0, 0, 0, 0, 0, 0, 0, 0, 0, 0, 0, 0, 0
remuRedist Forward bitvector (len=16): 0, 0, 0, 0, 0, 0, 0, 0, 0, 0, 0, 0, 0, 0, 0, 0
  PE(5) Inst(7) Data0:
remuRedist Tags (tagWidth=16): 0, 0, 0, 0, 0, 0, 0, 0, 0, 0, 0, 0, 0, 0, 0, 0
remuRedist Forward bitvector (len=16): 0, 0, 0, 0, 0, 0, 0, 0, 0, 0, 0, 0, 0, 0, 0, 0
  PE(5) Inst(7) Data1:
remuRedist Tags (tagWidth=16): 0, 0, 0, 0, 0, 0, 0, 0, 0, 0, 0, 0, 0, 0, 0, 0
remuRedist Forward bitvector (len=16): 0, 0, 0, 0, 0, 0, 0, 0, 0, 0, 0, 0, 0, 0, 0, 0
  PE(5) Inst(7) Data2:
remuRedist Tags (tagWidth=16): 0, 0, 0, 0, 0, 0, 0, 0, 0, 0, 0, 0, 0, 0, 0, 0
remuRedist Forward bitvector (len=16): 0, 0, 0, 0, 0, 0, 0, 0, 0, 0, 0, 0, 0, 0, 0, 0
  PE(5) Inst(7) Data3:
remuRedist Tags (tagWidth=16): 0, 0, 0, 0, 0, 0, 0, 0, 0, 0, 0, 0, 0, 0, 0, 0
remuRedist Forward bitvector (len=16): 0, 0, 0, 0, 0, 0, 0, 0, 0, 0, 0, 0, 0, 0, 0, 0
  PE(5) Inst(8) Data0:
remuRedist Tags (tagWidth=16): 0, 0, 0, 0, 0, 0, 0, 0, 0, 0, 0, 0, 0, 0, 0, 0
remuRedist Forward bitvector (len=16): 0, 0, 0, 0, 0, 0, 0, 0, 0, 0, 0, 0, 0, 0, 0, 0
  PE(5) Inst(8) Data1:
remuRedist Tags (tagWidth=16): 0, 0, 0, 0, 0, 0, 0, 0, 0, 0, 0, 0, 0, 0, 0, 0
remuRedist Forward bitvector (len=16): 0, 0, 0, 0, 0, 0, 0, 0, 0, 0, 0, 0, 0, 0, 0, 0
  PE(5) Inst(8) Data2:
remuRedist Tags (tagWidth=16): 0, 0, 0, 0, 0, 0, 0, 0, 0, 0, 0, 0, 0, 0, 0, 0
remuRedist Forward bitvector (len=16): 0, 0, 0, 0, 0, 0, 0, 0, 0, 0, 0, 0, 0, 0, 0, 0
  PE(5) Inst(8) Data3:
remuRedist Tags (tagWidth=16): 0, 0, 0, 0, 0, 0, 0, 0, 0, 0, 0, 0, 0, 0, 0, 0
remuRedist Forward bitvector (len=16): 0, 0, 0, 0, 0, 0, 0, 0, 0, 0, 0, 0, 0, 0, 0, 0
  PE(5) Inst(9) Data0:
remuRedist Tags (tagWidth=16): 0, 0, 0, 0, 0, 0, 0, 0, 0, 0, 0, 0, 0, 0, 0, 0
remuRedist Forward bitvector (len=16): 0, 0, 0, 0, 0, 0, 0, 0, 0, 0, 0, 0, 0, 0, 0, 0
  PE(5) Inst(9) Data1:
remuRedist Tags (tagWidth=16): 0, 0, 0, 0, 0, 0, 0, 0, 0, 0, 0, 0, 0, 0, 0, 0
remuRedist Forward bitvector (len=16): 0, 0, 0, 0, 0, 0, 0, 0, 0, 0, 0, 0, 0, 0, 0, 0
  PE(5) Inst(9) Data2:
remuRedist Tags (tagWidth=16): 0, 0, 0, 0, 0, 0, 0, 0, 0, 0, 0, 0, 0, 0, 0, 0
remuRedist Forward bitvector (len=16): 0, 0, 0, 0, 0, 0, 0, 0, 0, 0, 0, 0, 0, 0, 0, 0
  PE(5) Inst(9) Data3:
remuRedist Tags (tagWidth=16): 0, 0, 0, 0, 0, 0, 0, 0, 0, 0, 0, 0, 0, 0, 0, 0
remuRedist Forward bitvector (len=16): 0, 0, 0, 0, 0, 0, 0, 0, 0, 0, 0, 0, 0, 0, 0, 0
  PE(5) Inst(10) Data0:
remuRedist Tags (tagWidth=16): 0, 0, 0, 0, 0, 0, 0, 0, 0, 0, 0, 0, 0, 0, 0, 0
remuRedist Forward bitvector (len=16): 0, 0, 0, 0, 0, 0, 0, 0, 0, 0, 0, 0, 0, 0, 0, 0
  PE(5) Inst(10) Data1:
remuRedist Tags (tagWidth=16): 0, 0, 0, 0, 0, 0, 0, 0, 0, 0, 0, 0, 0, 0, 0, 0
remuRedist Forward bitvector (len=16): 0, 0, 0, 0, 0, 0, 0, 0, 0, 0, 0, 0, 0, 0, 0, 0
  PE(5) Inst(10) Data2:
remuRedist Tags (tagWidth=16): 0, 0, 0, 0, 0, 0, 0, 0, 0, 0, 0, 0, 0, 0, 0, 0
remuRedist Forward bitvector (len=16): 0, 0, 0, 0, 0, 0, 0, 0, 0, 0, 0, 0, 0, 0, 0, 0
  PE(5) Inst(10) Data3:
remuRedist Tags (tagWidth=16): 0, 0, 0, 0, 0, 0, 0, 0, 0, 0, 0, 0, 0, 0, 0, 0
remuRedist Forward bitvector (len=16): 0, 0, 0, 0, 0, 0, 0, 0, 0, 0, 0, 0, 0, 0, 0, 0
  PE(5) Inst(11) Data0:
remuRedist Tags (tagWidth=16): 0, 0, 0, 0, 0, 0, 0, 0, 0, 0, 0, 0, 0, 0, 0, 0
remuRedist Forward bitvector (len=16): 0, 0, 0, 0, 0, 0, 0, 0, 0, 0, 0, 0, 0, 0, 0, 0
  PE(5) Inst(11) Data1:
remuRedist Tags (tagWidth=16): 0, 0, 0, 0, 0, 0, 0, 0, 0, 0, 0, 0, 0, 0, 0, 0
remuRedist Forward bitvector (len=16): 0, 0, 0, 0, 0, 0, 0, 0, 0, 0, 0, 0, 0, 0, 0, 0
  PE(5) Inst(11) Data2:
remuRedist Tags (tagWidth=16): 0, 0, 0, 0, 0, 0, 0, 0, 0, 0, 0, 0, 0, 0, 0, 0
remuRedist Forward bitvector (len=16): 0, 0, 0, 0, 0, 0, 0, 0, 0, 0, 0, 0, 0, 0, 0, 0
  PE(5) Inst(11) Data3:
remuRedist Tags (tagWidth=16): 0, 0, 0, 0, 0, 0, 0, 0, 0, 0, 0, 0, 0, 0, 0, 0
remuRedist Forward bitvector (len=16): 0, 0, 0, 0, 0, 0, 0, 0, 0, 0, 0, 0, 0, 0, 0, 0
  PE(5) Inst(12) Data0:
remuRedist Tags (tagWidth=16): 0, 0, 0, 0, 0, 0, 0, 0, 0, 0, 0, 0, 0, 0, 0, 0
remuRedist Forward bitvector (len=16): 0, 0, 0, 0, 0, 0, 0, 0, 0, 0, 0, 0, 0, 0, 0, 0
  PE(5) Inst(12) Data1:
remuRedist Tags (tagWidth=16): 0, 0, 0, 0, 0, 0, 0, 0, 0, 0, 0, 0, 0, 0, 0, 0
remuRedist Forward bitvector (len=16): 0, 0, 0, 0, 0, 0, 0, 0, 0, 0, 0, 0, 0, 0, 0, 0
  PE(5) Inst(12) Data2:
remuRedist Tags (tagWidth=16): 0, 0, 0, 0, 0, 0, 0, 0, 0, 0, 0, 0, 0, 0, 0, 0
remuRedist Forward bitvector (len=16): 0, 0, 0, 0, 0, 0, 0, 0, 0, 0, 0, 0, 0, 0, 0, 0
  PE(5) Inst(12) Data3:
remuRedist Tags (tagWidth=16): 0, 0, 0, 0, 0, 0, 0, 0, 0, 0, 0, 0, 0, 0, 0, 0
remuRedist Forward bitvector (len=16): 0, 0, 0, 0, 0, 0, 0, 0, 0, 0, 0, 0, 0, 0, 0, 0
  PE(5) Inst(13) Data0:
remuRedist Tags (tagWidth=16): 0, 0, 0, 0, 0, 0, 0, 0, 0, 0, 0, 0, 0, 0, 0, 0
remuRedist Forward bitvector (len=16): 0, 0, 0, 0, 0, 0, 0, 0, 0, 0, 0, 0, 0, 0, 0, 0
  PE(5) Inst(13) Data1:
remuRedist Tags (tagWidth=16): 0, 0, 0, 0, 0, 0, 0, 0, 0, 0, 0, 0, 0, 0, 0, 0
remuRedist Forward bitvector (len=16): 0, 0, 0, 0, 0, 0, 0, 0, 0, 0, 0, 0, 0, 0, 0, 0
  PE(5) Inst(13) Data2:
remuRedist Tags (tagWidth=16): 0, 0, 0, 0, 0, 0, 0, 0, 0, 0, 0, 0, 0, 0, 0, 0
remuRedist Forward bitvector (len=16): 0, 0, 0, 0, 0, 0, 0, 0, 0, 0, 0, 0, 0, 0, 0, 0
  PE(5) Inst(13) Data3:
remuRedist Tags (tagWidth=16): 0, 0, 0, 0, 0, 0, 0, 0, 0, 0, 0, 0, 0, 0, 0, 0
remuRedist Forward bitvector (len=16): 0, 0, 0, 0, 0, 0, 0, 0, 0, 0, 0, 0, 0, 0, 0, 0
  PE(5) Inst(14) Data0:
remuRedist Tags (tagWidth=16): 0, 0, 0, 0, 0, 0, 0, 0, 0, 0, 0, 0, 0, 0, 0, 0
remuRedist Forward bitvector (len=16): 0, 0, 0, 0, 0, 0, 0, 0, 0, 0, 0, 0, 0, 0, 0, 0
  PE(5) Inst(14) Data1:
remuRedist Tags (tagWidth=16): 0, 0, 0, 0, 0, 0, 0, 0, 0, 0, 0, 0, 0, 0, 0, 0
remuRedist Forward bitvector (len=16): 0, 0, 0, 0, 0, 0, 0, 0, 0, 0, 0, 0, 0, 0, 0, 0
  PE(5) Inst(14) Data2:
remuRedist Tags (tagWidth=16): 0, 0, 0, 0, 0, 0, 0, 0, 0, 0, 0, 0, 0, 0, 0, 0
remuRedist Forward bitvector (len=16): 0, 0, 0, 0, 0, 0, 0, 0, 0, 0, 0, 0, 0, 0, 0, 0
  PE(5) Inst(14) Data3:
remuRedist Tags (tagWidth=16): 0, 0, 0, 0, 0, 0, 0, 0, 0, 0, 0, 0, 0, 0, 0, 0
remuRedist Forward bitvector (len=16): 0, 0, 0, 0, 0, 0, 0, 0, 0, 0, 0, 0, 0, 0, 0, 0
  PE(5) Inst(15) Data0:
remuRedist Tags (tagWidth=16): 0, 0, 0, 0, 0, 0, 0, 0, 0, 0, 0, 0, 0, 0, 0, 0
remuRedist Forward bitvector (len=16): 0, 0, 0, 0, 0, 0, 0, 0, 0, 0, 0, 0, 0, 0, 0, 0
  PE(5) Inst(15) Data1:
remuRedist Tags (tagWidth=16): 0, 0, 0, 0, 0, 0, 0, 0, 0, 0, 0, 0, 0, 0, 0, 0
remuRedist Forward bitvector (len=16): 0, 0, 0, 0, 0, 0, 0, 0, 0, 0, 0, 0, 0, 0, 0, 0
  PE(5) Inst(15) Data2:
remuRedist Tags (tagWidth=16): 0, 0, 0, 0, 0, 0, 0, 0, 0, 0, 0, 0, 0, 0, 0, 0
remuRedist Forward bitvector (len=16): 0, 0, 0, 0, 0, 0, 0, 0, 0, 0, 0, 0, 0, 0, 0, 0
  PE(5) Inst(15) Data3:
remuRedist Tags (tagWidth=16): 0, 0, 0, 0, 0, 0, 0, 0, 0, 0, 0, 0, 0, 0, 0, 0
remuRedist Forward bitvector (len=16): 0, 0, 0, 0, 0, 0, 0, 0, 0, 0, 0, 0, 0, 0, 0, 0
remuRedist(6):
  PE(6) Inst(0) Data0:
remuRedist Tags (tagWidth=16): 0, 0, 0, 0, 0, 0, 0, 0, 0, 0, 0, 0, 0, 0, 0, 0
remuRedist Forward bitvector (len=16): 0, 0, 0, 0, 0, 0, 0, 0, 0, 0, 0, 0, 0, 0, 0, 0
  PE(6) Inst(0) Data1:
remuRedist Tags (tagWidth=16): 0, 0, 0, 0, 0, 0, 0, 0, 0, 0, 0, 0, 0, 0, 0, 0
remuRedist Forward bitvector (len=16): 0, 0, 0, 0, 0, 0, 0, 0, 0, 0, 0, 0, 0, 0, 0, 0
  PE(6) Inst(0) Data2:
remuRedist Tags (tagWidth=16): 0, 0, 0, 0, 0, 0, 0, 0, 0, 0, 0, 0, 0, 0, 0, 0
remuRedist Forward bitvector (len=16): 0, 0, 0, 0, 0, 0, 0, 0, 0, 0, 0, 0, 0, 0, 0, 0
  PE(6) Inst(0) Data3:
remuRedist Tags (tagWidth=16): 0, 0, 0, 0, 0, 0, 0, 0, 0, 0, 0, 0, 0, 0, 0, 0
remuRedist Forward bitvector (len=16): 0, 0, 0, 0, 0, 0, 0, 0, 0, 0, 0, 0, 0, 0, 0, 0
  PE(6) Inst(1) Data0:
remuRedist Tags (tagWidth=16): 0, 0, 0, 0, 0, 0, 0, 0, 0, 0, 0, 0, 0, 0, 0, 0
remuRedist Forward bitvector (len=16): 0, 0, 0, 0, 0, 0, 0, 0, 0, 0, 0, 0, 0, 0, 0, 0
  PE(6) Inst(1) Data1:
remuRedist Tags (tagWidth=16): 0, 0, 0, 0, 0, 0, 0, 0, 0, 0, 0, 0, 0, 0, 0, 0
remuRedist Forward bitvector (len=16): 0, 0, 0, 0, 0, 0, 0, 0, 0, 0, 0, 0, 0, 0, 0, 0
  PE(6) Inst(1) Data2:
remuRedist Tags (tagWidth=16): 0, 0, 0, 0, 0, 0, 0, 0, 0, 0, 0, 0, 0, 0, 0, 0
remuRedist Forward bitvector (len=16): 0, 0, 0, 0, 0, 0, 0, 0, 0, 0, 0, 0, 0, 0, 0, 0
  PE(6) Inst(1) Data3:
remuRedist Tags (tagWidth=16): 0, 0, 0, 0, 0, 0, 0, 0, 0, 0, 0, 0, 0, 0, 0, 0
remuRedist Forward bitvector (len=16): 0, 0, 0, 0, 0, 0, 0, 0, 0, 0, 0, 0, 0, 0, 0, 0
  PE(6) Inst(2) Data0:
remuRedist Tags (tagWidth=16): 0, 0, 0, 0, 0, 0, 0, 0, 0, 0, 0, 0, 0, 0, 0, 0
remuRedist Forward bitvector (len=16): 0, 0, 0, 0, 0, 0, 0, 0, 0, 0, 0, 0, 0, 0, 0, 0
  PE(6) Inst(2) Data1:
remuRedist Tags (tagWidth=16): 0, 0, 0, 0, 0, 0, 0, 0, 0, 0, 0, 0, 0, 0, 0, 0
remuRedist Forward bitvector (len=16): 0, 0, 0, 0, 0, 0, 0, 0, 0, 0, 0, 0, 0, 0, 0, 0
  PE(6) Inst(2) Data2:
remuRedist Tags (tagWidth=16): 0, 0, 0, 0, 0, 0, 0, 0, 0, 0, 0, 0, 0, 0, 0, 0
remuRedist Forward bitvector (len=16): 0, 0, 0, 0, 0, 0, 0, 0, 0, 0, 0, 0, 0, 0, 0, 0
  PE(6) Inst(2) Data3:
remuRedist Tags (tagWidth=16): 0, 0, 0, 0, 0, 0, 0, 0, 0, 0, 0, 0, 0, 0, 0, 0
remuRedist Forward bitvector (len=16): 0, 0, 0, 0, 0, 0, 0, 0, 0, 0, 0, 0, 0, 0, 0, 0
  PE(6) Inst(3) Data0:
remuRedist Tags (tagWidth=16): 0, 0, 0, 0, 0, 0, 0, 0, 0, 0, 0, 0, 0, 0, 0, 0
remuRedist Forward bitvector (len=16): 0, 0, 0, 0, 0, 0, 0, 0, 0, 0, 0, 0, 0, 0, 0, 0
  PE(6) Inst(3) Data1:
remuRedist Tags (tagWidth=16): 0, 0, 0, 0, 0, 0, 0, 0, 0, 0, 0, 0, 0, 0, 0, 0
remuRedist Forward bitvector (len=16): 0, 0, 0, 0, 0, 0, 0, 0, 0, 0, 0, 0, 0, 0, 0, 0
  PE(6) Inst(3) Data2:
remuRedist Tags (tagWidth=16): 0, 0, 0, 0, 0, 0, 0, 0, 0, 0, 0, 0, 0, 0, 0, 0
remuRedist Forward bitvector (len=16): 0, 0, 0, 0, 0, 0, 0, 0, 0, 0, 0, 0, 0, 0, 0, 0
  PE(6) Inst(3) Data3:
remuRedist Tags (tagWidth=16): 0, 0, 0, 0, 0, 0, 0, 0, 0, 0, 0, 0, 0, 0, 0, 0
remuRedist Forward bitvector (len=16): 0, 0, 0, 0, 0, 0, 0, 0, 0, 0, 0, 0, 0, 0, 0, 0
  PE(6) Inst(4) Data0:
remuRedist Tags (tagWidth=16): 0, 0, 0, 0, 0, 0, 0, 0, 0, 0, 0, 0, 0, 0, 0, 0
remuRedist Forward bitvector (len=16): 0, 0, 0, 0, 0, 0, 0, 0, 0, 0, 0, 0, 0, 0, 0, 0
  PE(6) Inst(4) Data1:
remuRedist Tags (tagWidth=16): 0, 0, 0, 0, 0, 0, 0, 0, 0, 0, 0, 0, 0, 0, 0, 0
remuRedist Forward bitvector (len=16): 0, 0, 0, 0, 0, 0, 0, 0, 0, 0, 0, 0, 0, 0, 0, 0
  PE(6) Inst(4) Data2:
remuRedist Tags (tagWidth=16): 0, 0, 0, 0, 0, 0, 0, 0, 0, 0, 0, 0, 0, 0, 0, 0
remuRedist Forward bitvector (len=16): 0, 0, 0, 0, 0, 0, 0, 0, 0, 0, 0, 0, 0, 0, 0, 0
  PE(6) Inst(4) Data3:
remuRedist Tags (tagWidth=16): 0, 0, 0, 0, 0, 0, 0, 0, 0, 0, 0, 0, 0, 0, 0, 0
remuRedist Forward bitvector (len=16): 0, 0, 0, 0, 0, 0, 0, 0, 0, 0, 0, 0, 0, 0, 0, 0
  PE(6) Inst(5) Data0:
remuRedist Tags (tagWidth=16): 0, 0, 0, 0, 0, 0, 0, 0, 0, 0, 0, 0, 0, 0, 0, 0
remuRedist Forward bitvector (len=16): 0, 0, 0, 0, 0, 0, 0, 0, 0, 0, 0, 0, 0, 0, 0, 0
  PE(6) Inst(5) Data1:
remuRedist Tags (tagWidth=16): 0, 0, 0, 0, 0, 0, 0, 0, 0, 0, 0, 0, 0, 0, 0, 0
remuRedist Forward bitvector (len=16): 0, 0, 0, 0, 0, 0, 0, 0, 0, 0, 0, 0, 0, 0, 0, 0
  PE(6) Inst(5) Data2:
remuRedist Tags (tagWidth=16): 0, 0, 0, 0, 0, 0, 0, 0, 0, 0, 0, 0, 0, 0, 0, 0
remuRedist Forward bitvector (len=16): 0, 0, 0, 0, 0, 0, 0, 0, 0, 0, 0, 0, 0, 0, 0, 0
  PE(6) Inst(5) Data3:
remuRedist Tags (tagWidth=16): 0, 0, 0, 0, 0, 0, 0, 0, 0, 0, 0, 0, 0, 0, 0, 0
remuRedist Forward bitvector (len=16): 0, 0, 0, 0, 0, 0, 0, 0, 0, 0, 0, 0, 0, 0, 0, 0
  PE(6) Inst(6) Data0:
remuRedist Tags (tagWidth=16): 0, 0, 0, 0, 0, 0, 0, 0, 0, 0, 0, 0, 0, 0, 0, 0
remuRedist Forward bitvector (len=16): 0, 0, 0, 0, 0, 0, 0, 0, 0, 0, 0, 0, 0, 0, 0, 0
  PE(6) Inst(6) Data1:
remuRedist Tags (tagWidth=16): 0, 0, 0, 0, 0, 0, 0, 0, 0, 0, 0, 0, 0, 0, 0, 0
remuRedist Forward bitvector (len=16): 0, 0, 0, 0, 0, 0, 0, 0, 0, 0, 0, 0, 0, 0, 0, 0
  PE(6) Inst(6) Data2:
remuRedist Tags (tagWidth=16): 0, 0, 0, 0, 0, 0, 0, 0, 0, 0, 0, 0, 0, 0, 0, 0
remuRedist Forward bitvector (len=16): 0, 0, 0, 0, 0, 0, 0, 0, 0, 0, 0, 0, 0, 0, 0, 0
  PE(6) Inst(6) Data3:
remuRedist Tags (tagWidth=16): 0, 0, 0, 0, 0, 0, 0, 0, 0, 0, 0, 0, 0, 0, 0, 0
remuRedist Forward bitvector (len=16): 0, 0, 0, 0, 0, 0, 0, 0, 0, 0, 0, 0, 0, 0, 0, 0
  PE(6) Inst(7) Data0:
remuRedist Tags (tagWidth=16): 0, 0, 0, 0, 0, 0, 0, 0, 0, 0, 0, 0, 0, 0, 0, 0
remuRedist Forward bitvector (len=16): 0, 0, 0, 0, 0, 0, 0, 0, 0, 0, 0, 0, 0, 0, 0, 0
  PE(6) Inst(7) Data1:
remuRedist Tags (tagWidth=16): 0, 0, 0, 0, 0, 0, 0, 0, 0, 0, 0, 0, 0, 0, 0, 0
remuRedist Forward bitvector (len=16): 0, 0, 0, 0, 0, 0, 0, 0, 0, 0, 0, 0, 0, 0, 0, 0
  PE(6) Inst(7) Data2:
remuRedist Tags (tagWidth=16): 0, 0, 0, 0, 0, 0, 0, 0, 0, 0, 0, 0, 0, 0, 0, 0
remuRedist Forward bitvector (len=16): 0, 0, 0, 0, 0, 0, 0, 0, 0, 0, 0, 0, 0, 0, 0, 0
  PE(6) Inst(7) Data3:
remuRedist Tags (tagWidth=16): 0, 0, 0, 0, 0, 0, 0, 0, 0, 0, 0, 0, 0, 0, 0, 0
remuRedist Forward bitvector (len=16): 0, 0, 0, 0, 0, 0, 0, 0, 0, 0, 0, 0, 0, 0, 0, 0
  PE(6) Inst(8) Data0:
remuRedist Tags (tagWidth=16): 0, 0, 0, 0, 0, 0, 0, 0, 0, 0, 0, 0, 0, 0, 0, 0
remuRedist Forward bitvector (len=16): 0, 0, 0, 0, 0, 0, 0, 0, 0, 0, 0, 0, 0, 0, 0, 0
  PE(6) Inst(8) Data1:
remuRedist Tags (tagWidth=16): 0, 0, 0, 0, 0, 0, 0, 0, 0, 0, 0, 0, 0, 0, 0, 0
remuRedist Forward bitvector (len=16): 0, 0, 0, 0, 0, 0, 0, 0, 0, 0, 0, 0, 0, 0, 0, 0
  PE(6) Inst(8) Data2:
remuRedist Tags (tagWidth=16): 0, 0, 0, 0, 0, 0, 0, 0, 0, 0, 0, 0, 0, 0, 0, 0
remuRedist Forward bitvector (len=16): 0, 0, 0, 0, 0, 0, 0, 0, 0, 0, 0, 0, 0, 0, 0, 0
  PE(6) Inst(8) Data3:
remuRedist Tags (tagWidth=16): 0, 0, 0, 0, 0, 0, 0, 0, 0, 0, 0, 0, 0, 0, 0, 0
remuRedist Forward bitvector (len=16): 0, 0, 0, 0, 0, 0, 0, 0, 0, 0, 0, 0, 0, 0, 0, 0
  PE(6) Inst(9) Data0:
remuRedist Tags (tagWidth=16): 0, 0, 0, 0, 0, 0, 0, 0, 0, 0, 0, 0, 0, 0, 0, 0
remuRedist Forward bitvector (len=16): 0, 0, 0, 0, 0, 0, 0, 0, 0, 0, 0, 0, 0, 0, 0, 0
  PE(6) Inst(9) Data1:
remuRedist Tags (tagWidth=16): 0, 0, 0, 0, 0, 0, 0, 0, 0, 0, 0, 0, 0, 0, 0, 0
remuRedist Forward bitvector (len=16): 0, 0, 0, 0, 0, 0, 0, 0, 0, 0, 0, 0, 0, 0, 0, 0
  PE(6) Inst(9) Data2:
remuRedist Tags (tagWidth=16): 0, 0, 0, 0, 0, 0, 0, 0, 0, 0, 0, 0, 0, 0, 0, 0
remuRedist Forward bitvector (len=16): 0, 0, 0, 0, 0, 0, 0, 0, 0, 0, 0, 0, 0, 0, 0, 0
  PE(6) Inst(9) Data3:
remuRedist Tags (tagWidth=16): 0, 0, 0, 0, 0, 0, 0, 0, 0, 0, 0, 0, 0, 0, 0, 0
remuRedist Forward bitvector (len=16): 0, 0, 0, 0, 0, 0, 0, 0, 0, 0, 0, 0, 0, 0, 0, 0
  PE(6) Inst(10) Data0:
remuRedist Tags (tagWidth=16): 0, 0, 0, 0, 0, 0, 0, 0, 0, 0, 0, 0, 0, 0, 0, 0
remuRedist Forward bitvector (len=16): 0, 0, 0, 0, 0, 0, 0, 0, 0, 0, 0, 0, 0, 0, 0, 0
  PE(6) Inst(10) Data1:
remuRedist Tags (tagWidth=16): 0, 0, 0, 0, 0, 0, 0, 0, 0, 0, 0, 0, 0, 0, 0, 0
remuRedist Forward bitvector (len=16): 0, 0, 0, 0, 0, 0, 0, 0, 0, 0, 0, 0, 0, 0, 0, 0
  PE(6) Inst(10) Data2:
remuRedist Tags (tagWidth=16): 0, 0, 0, 0, 0, 0, 0, 0, 0, 0, 0, 0, 0, 0, 0, 0
remuRedist Forward bitvector (len=16): 0, 0, 0, 0, 0, 0, 0, 0, 0, 0, 0, 0, 0, 0, 0, 0
  PE(6) Inst(10) Data3:
remuRedist Tags (tagWidth=16): 0, 0, 0, 0, 0, 0, 0, 0, 0, 0, 0, 0, 0, 0, 0, 0
remuRedist Forward bitvector (len=16): 0, 0, 0, 0, 0, 0, 0, 0, 0, 0, 0, 0, 0, 0, 0, 0
  PE(6) Inst(11) Data0:
remuRedist Tags (tagWidth=16): 0, 0, 0, 0, 0, 0, 0, 0, 0, 0, 0, 0, 0, 0, 0, 0
remuRedist Forward bitvector (len=16): 0, 0, 0, 0, 0, 0, 0, 0, 0, 0, 0, 0, 0, 0, 0, 0
  PE(6) Inst(11) Data1:
remuRedist Tags (tagWidth=16): 0, 0, 0, 0, 0, 0, 0, 0, 0, 0, 0, 0, 0, 0, 0, 0
remuRedist Forward bitvector (len=16): 0, 0, 0, 0, 0, 0, 0, 0, 0, 0, 0, 0, 0, 0, 0, 0
  PE(6) Inst(11) Data2:
remuRedist Tags (tagWidth=16): 0, 0, 0, 0, 0, 0, 0, 0, 0, 0, 0, 0, 0, 0, 0, 0
remuRedist Forward bitvector (len=16): 0, 0, 0, 0, 0, 0, 0, 0, 0, 0, 0, 0, 0, 0, 0, 0
  PE(6) Inst(11) Data3:
remuRedist Tags (tagWidth=16): 0, 0, 0, 0, 0, 0, 0, 0, 0, 0, 0, 0, 0, 0, 0, 0
remuRedist Forward bitvector (len=16): 0, 0, 0, 0, 0, 0, 0, 0, 0, 0, 0, 0, 0, 0, 0, 0
  PE(6) Inst(12) Data0:
remuRedist Tags (tagWidth=16): 0, 0, 0, 0, 0, 0, 0, 0, 0, 0, 0, 0, 0, 0, 0, 0
remuRedist Forward bitvector (len=16): 0, 0, 0, 0, 0, 0, 0, 0, 0, 0, 0, 0, 0, 0, 0, 0
  PE(6) Inst(12) Data1:
remuRedist Tags (tagWidth=16): 0, 0, 0, 0, 0, 0, 0, 0, 0, 0, 0, 0, 0, 0, 0, 0
remuRedist Forward bitvector (len=16): 0, 0, 0, 0, 0, 0, 0, 0, 0, 0, 0, 0, 0, 0, 0, 0
  PE(6) Inst(12) Data2:
remuRedist Tags (tagWidth=16): 0, 0, 0, 0, 0, 0, 0, 0, 0, 0, 0, 0, 0, 0, 0, 0
remuRedist Forward bitvector (len=16): 0, 0, 0, 0, 0, 0, 0, 0, 0, 0, 0, 0, 0, 0, 0, 0
  PE(6) Inst(12) Data3:
remuRedist Tags (tagWidth=16): 0, 0, 0, 0, 0, 0, 0, 0, 0, 0, 0, 0, 0, 0, 0, 0
remuRedist Forward bitvector (len=16): 0, 0, 0, 0, 0, 0, 0, 0, 0, 0, 0, 0, 0, 0, 0, 0
  PE(6) Inst(13) Data0:
remuRedist Tags (tagWidth=16): 0, 0, 0, 0, 0, 0, 0, 0, 0, 0, 0, 0, 0, 0, 0, 0
remuRedist Forward bitvector (len=16): 0, 0, 0, 0, 0, 0, 0, 0, 0, 0, 0, 0, 0, 0, 0, 0
  PE(6) Inst(13) Data1:
remuRedist Tags (tagWidth=16): 0, 0, 0, 0, 0, 0, 0, 0, 0, 0, 0, 0, 0, 0, 0, 0
remuRedist Forward bitvector (len=16): 0, 0, 0, 0, 0, 0, 0, 0, 0, 0, 0, 0, 0, 0, 0, 0
  PE(6) Inst(13) Data2:
remuRedist Tags (tagWidth=16): 0, 0, 0, 0, 0, 0, 0, 0, 0, 0, 0, 0, 0, 0, 0, 0
remuRedist Forward bitvector (len=16): 0, 0, 0, 0, 0, 0, 0, 0, 0, 0, 0, 0, 0, 0, 0, 0
  PE(6) Inst(13) Data3:
remuRedist Tags (tagWidth=16): 0, 0, 0, 0, 0, 0, 0, 0, 0, 0, 0, 0, 0, 0, 0, 0
remuRedist Forward bitvector (len=16): 0, 0, 0, 0, 0, 0, 0, 0, 0, 0, 0, 0, 0, 0, 0, 0
  PE(6) Inst(14) Data0:
remuRedist Tags (tagWidth=16): 0, 0, 0, 0, 0, 0, 0, 0, 0, 0, 0, 0, 0, 0, 0, 0
remuRedist Forward bitvector (len=16): 0, 0, 0, 0, 0, 0, 0, 0, 0, 0, 0, 0, 0, 0, 0, 0
  PE(6) Inst(14) Data1:
remuRedist Tags (tagWidth=16): 0, 0, 0, 0, 0, 0, 0, 0, 0, 0, 0, 0, 0, 0, 0, 0
remuRedist Forward bitvector (len=16): 0, 0, 0, 0, 0, 0, 0, 0, 0, 0, 0, 0, 0, 0, 0, 0
  PE(6) Inst(14) Data2:
remuRedist Tags (tagWidth=16): 0, 0, 0, 0, 0, 0, 0, 0, 0, 0, 0, 0, 0, 0, 0, 0
remuRedist Forward bitvector (len=16): 0, 0, 0, 0, 0, 0, 0, 0, 0, 0, 0, 0, 0, 0, 0, 0
  PE(6) Inst(14) Data3:
remuRedist Tags (tagWidth=16): 0, 0, 0, 0, 0, 0, 0, 0, 0, 0, 0, 0, 0, 0, 0, 0
remuRedist Forward bitvector (len=16): 0, 0, 0, 0, 0, 0, 0, 0, 0, 0, 0, 0, 0, 0, 0, 0
  PE(6) Inst(15) Data0:
remuRedist Tags (tagWidth=16): 0, 0, 0, 0, 0, 0, 0, 0, 0, 0, 0, 0, 0, 0, 0, 0
remuRedist Forward bitvector (len=16): 0, 0, 0, 0, 0, 0, 0, 0, 0, 0, 0, 0, 0, 0, 0, 0
  PE(6) Inst(15) Data1:
remuRedist Tags (tagWidth=16): 0, 0, 0, 0, 0, 0, 0, 0, 0, 0, 0, 0, 0, 0, 0, 0
remuRedist Forward bitvector (len=16): 0, 0, 0, 0, 0, 0, 0, 0, 0, 0, 0, 0, 0, 0, 0, 0
  PE(6) Inst(15) Data2:
remuRedist Tags (tagWidth=16): 0, 0, 0, 0, 0, 0, 0, 0, 0, 0, 0, 0, 0, 0, 0, 0
remuRedist Forward bitvector (len=16): 0, 0, 0, 0, 0, 0, 0, 0, 0, 0, 0, 0, 0, 0, 0, 0
  PE(6) Inst(15) Data3:
remuRedist Tags (tagWidth=16): 0, 0, 0, 0, 0, 0, 0, 0, 0, 0, 0, 0, 0, 0, 0, 0
remuRedist Forward bitvector (len=16): 0, 0, 0, 0, 0, 0, 0, 0, 0, 0, 0, 0, 0, 0, 0, 0
remuRedist(7):
  PE(7) Inst(0) Data0:
remuRedist Tags (tagWidth=16): 0, 0, 1, 1, 0, 1, 0, 0, 0, 0, 0, 0, 0, 0, 0, 0
remuRedist Forward bitvector (len=16): 1, 0, 0, 0, 0, 0, 0, 0, 0, 0, 0, 0, 0, 0, 0, 0
  PE(7) Inst(0) Data1:
remuRedist Tags (tagWidth=16): 0, 0, 0, 0, 0, 0, 0, 0, 0, 0, 0, 0, 0, 0, 0, 0
remuRedist Forward bitvector (len=16): 0, 0, 0, 0, 0, 0, 0, 0, 0, 0, 0, 0, 0, 0, 0, 0
  PE(7) Inst(0) Data2:
remuRedist Tags (tagWidth=16): 0, 0, 0, 0, 0, 0, 0, 0, 0, 0, 0, 0, 0, 0, 0, 0
remuRedist Forward bitvector (len=16): 0, 0, 0, 0, 0, 0, 0, 0, 0, 0, 0, 0, 0, 0, 0, 0
  PE(7) Inst(0) Data3:
remuRedist Tags (tagWidth=16): 0, 0, 0, 0, 0, 0, 0, 0, 0, 0, 0, 0, 0, 0, 0, 0
remuRedist Forward bitvector (len=16): 0, 0, 0, 0, 0, 0, 0, 0, 0, 0, 0, 0, 0, 0, 0, 0
  PE(7) Inst(1) Data0:
remuRedist Tags (tagWidth=16): 0, 0, 0, 0, 0, 0, 0, 0, 0, 0, 0, 0, 0, 0, 0, 0
remuRedist Forward bitvector (len=16): 0, 0, 0, 0, 0, 0, 0, 0, 0, 0, 0, 0, 0, 0, 0, 0
  PE(7) Inst(1) Data1:
remuRedist Tags (tagWidth=16): 0, 0, 0, 0, 0, 0, 0, 0, 0, 0, 0, 0, 0, 0, 0, 0
remuRedist Forward bitvector (len=16): 0, 0, 0, 0, 0, 0, 0, 0, 0, 0, 0, 0, 0, 0, 0, 0
  PE(7) Inst(1) Data2:
remuRedist Tags (tagWidth=16): 0, 0, 0, 0, 0, 0, 0, 0, 0, 0, 0, 0, 0, 0, 0, 0
remuRedist Forward bitvector (len=16): 0, 0, 0, 0, 0, 0, 0, 0, 0, 0, 0, 0, 0, 0, 0, 0
  PE(7) Inst(1) Data3:
remuRedist Tags (tagWidth=16): 0, 0, 0, 0, 0, 0, 0, 0, 0, 0, 0, 0, 0, 0, 0, 0
remuRedist Forward bitvector (len=16): 0, 0, 0, 0, 0, 0, 0, 0, 0, 0, 0, 0, 0, 0, 0, 0
  PE(7) Inst(2) Data0:
remuRedist Tags (tagWidth=16): 0, 0, 0, 0, 0, 0, 0, 0, 0, 0, 0, 0, 0, 0, 0, 0
remuRedist Forward bitvector (len=16): 0, 0, 0, 0, 0, 0, 0, 0, 0, 0, 0, 0, 0, 0, 0, 0
  PE(7) Inst(2) Data1:
remuRedist Tags (tagWidth=16): 0, 0, 0, 0, 0, 0, 0, 0, 0, 0, 0, 0, 0, 0, 0, 0
remuRedist Forward bitvector (len=16): 0, 0, 0, 0, 0, 0, 0, 0, 0, 0, 0, 0, 0, 0, 0, 0
  PE(7) Inst(2) Data2:
remuRedist Tags (tagWidth=16): 0, 0, 0, 0, 0, 0, 0, 0, 0, 0, 0, 0, 0, 0, 0, 0
remuRedist Forward bitvector (len=16): 0, 0, 0, 0, 0, 0, 0, 0, 0, 0, 0, 0, 0, 0, 0, 0
  PE(7) Inst(2) Data3:
remuRedist Tags (tagWidth=16): 0, 0, 0, 0, 0, 0, 0, 0, 0, 0, 0, 0, 0, 0, 0, 0
remuRedist Forward bitvector (len=16): 0, 0, 0, 0, 0, 0, 0, 0, 0, 0, 0, 0, 0, 0, 0, 0
  PE(7) Inst(3) Data0:
remuRedist Tags (tagWidth=16): 0, 0, 0, 0, 0, 0, 0, 0, 0, 0, 0, 0, 0, 0, 0, 0
remuRedist Forward bitvector (len=16): 0, 0, 0, 0, 0, 0, 0, 0, 0, 0, 0, 0, 0, 0, 0, 0
  PE(7) Inst(3) Data1:
remuRedist Tags (tagWidth=16): 0, 0, 0, 0, 0, 0, 0, 0, 0, 0, 0, 0, 0, 0, 0, 0
remuRedist Forward bitvector (len=16): 0, 0, 0, 0, 0, 0, 0, 0, 0, 0, 0, 0, 0, 0, 0, 0
  PE(7) Inst(3) Data2:
remuRedist Tags (tagWidth=16): 0, 0, 0, 0, 0, 0, 0, 0, 0, 0, 0, 0, 0, 0, 0, 0
remuRedist Forward bitvector (len=16): 0, 0, 0, 0, 0, 0, 0, 0, 0, 0, 0, 0, 0, 0, 0, 0
  PE(7) Inst(3) Data3:
remuRedist Tags (tagWidth=16): 0, 0, 0, 0, 0, 0, 0, 0, 0, 0, 0, 0, 0, 0, 0, 0
remuRedist Forward bitvector (len=16): 0, 0, 0, 0, 0, 0, 0, 0, 0, 0, 0, 0, 0, 0, 0, 0
  PE(7) Inst(4) Data0:
remuRedist Tags (tagWidth=16): 0, 0, 0, 0, 0, 0, 0, 0, 0, 0, 0, 0, 0, 0, 0, 0
remuRedist Forward bitvector (len=16): 0, 0, 0, 0, 0, 0, 0, 0, 0, 0, 0, 0, 0, 0, 0, 0
  PE(7) Inst(4) Data1:
remuRedist Tags (tagWidth=16): 0, 0, 0, 0, 0, 0, 0, 0, 0, 0, 0, 0, 0, 0, 0, 0
remuRedist Forward bitvector (len=16): 0, 0, 0, 0, 0, 0, 0, 0, 0, 0, 0, 0, 0, 0, 0, 0
  PE(7) Inst(4) Data2:
remuRedist Tags (tagWidth=16): 0, 0, 0, 0, 0, 0, 0, 0, 0, 0, 0, 0, 0, 0, 0, 0
remuRedist Forward bitvector (len=16): 0, 0, 0, 0, 0, 0, 0, 0, 0, 0, 0, 0, 0, 0, 0, 0
  PE(7) Inst(4) Data3:
remuRedist Tags (tagWidth=16): 0, 0, 0, 0, 0, 0, 0, 0, 0, 0, 0, 0, 0, 0, 0, 0
remuRedist Forward bitvector (len=16): 0, 0, 0, 0, 0, 0, 0, 0, 0, 0, 0, 0, 0, 0, 0, 0
  PE(7) Inst(5) Data0:
remuRedist Tags (tagWidth=16): 0, 0, 0, 0, 0, 0, 0, 0, 0, 0, 0, 0, 0, 0, 0, 0
remuRedist Forward bitvector (len=16): 0, 0, 0, 0, 0, 0, 0, 0, 0, 0, 0, 0, 0, 0, 0, 0
  PE(7) Inst(5) Data1:
remuRedist Tags (tagWidth=16): 0, 0, 0, 0, 0, 0, 0, 0, 0, 0, 0, 0, 0, 0, 0, 0
remuRedist Forward bitvector (len=16): 0, 0, 0, 0, 0, 0, 0, 0, 0, 0, 0, 0, 0, 0, 0, 0
  PE(7) Inst(5) Data2:
remuRedist Tags (tagWidth=16): 0, 0, 0, 0, 0, 0, 0, 0, 0, 0, 0, 0, 0, 0, 0, 0
remuRedist Forward bitvector (len=16): 0, 0, 0, 0, 0, 0, 0, 0, 0, 0, 0, 0, 0, 0, 0, 0
  PE(7) Inst(5) Data3:
remuRedist Tags (tagWidth=16): 0, 0, 0, 0, 0, 0, 0, 0, 0, 0, 0, 0, 0, 0, 0, 0
remuRedist Forward bitvector (len=16): 0, 0, 0, 0, 0, 0, 0, 0, 0, 0, 0, 0, 0, 0, 0, 0
  PE(7) Inst(6) Data0:
remuRedist Tags (tagWidth=16): 0, 0, 0, 0, 0, 0, 0, 0, 0, 0, 0, 0, 0, 0, 0, 0
remuRedist Forward bitvector (len=16): 0, 0, 0, 0, 0, 0, 0, 0, 0, 0, 0, 0, 0, 0, 0, 0
  PE(7) Inst(6) Data1:
remuRedist Tags (tagWidth=16): 0, 0, 0, 0, 0, 0, 0, 0, 0, 0, 0, 0, 0, 0, 0, 0
remuRedist Forward bitvector (len=16): 0, 0, 0, 0, 0, 0, 0, 0, 0, 0, 0, 0, 0, 0, 0, 0
  PE(7) Inst(6) Data2:
remuRedist Tags (tagWidth=16): 0, 0, 0, 0, 0, 0, 0, 0, 0, 0, 0, 0, 0, 0, 0, 0
remuRedist Forward bitvector (len=16): 0, 0, 0, 0, 0, 0, 0, 0, 0, 0, 0, 0, 0, 0, 0, 0
  PE(7) Inst(6) Data3:
remuRedist Tags (tagWidth=16): 0, 0, 0, 0, 0, 0, 0, 0, 0, 0, 0, 0, 0, 0, 0, 0
remuRedist Forward bitvector (len=16): 0, 0, 0, 0, 0, 0, 0, 0, 0, 0, 0, 0, 0, 0, 0, 0
  PE(7) Inst(7) Data0:
remuRedist Tags (tagWidth=16): 0, 0, 0, 0, 0, 0, 0, 0, 0, 0, 0, 0, 0, 0, 0, 0
remuRedist Forward bitvector (len=16): 0, 0, 0, 0, 0, 0, 0, 0, 0, 0, 0, 0, 0, 0, 0, 0
  PE(7) Inst(7) Data1:
remuRedist Tags (tagWidth=16): 0, 0, 0, 0, 0, 0, 0, 0, 0, 0, 0, 0, 0, 0, 0, 0
remuRedist Forward bitvector (len=16): 0, 0, 0, 0, 0, 0, 0, 0, 0, 0, 0, 0, 0, 0, 0, 0
  PE(7) Inst(7) Data2:
remuRedist Tags (tagWidth=16): 0, 0, 0, 0, 0, 0, 0, 0, 0, 0, 0, 0, 0, 0, 0, 0
remuRedist Forward bitvector (len=16): 0, 0, 0, 0, 0, 0, 0, 0, 0, 0, 0, 0, 0, 0, 0, 0
  PE(7) Inst(7) Data3:
remuRedist Tags (tagWidth=16): 0, 0, 0, 0, 0, 0, 0, 0, 0, 0, 0, 0, 0, 0, 0, 0
remuRedist Forward bitvector (len=16): 0, 0, 0, 0, 0, 0, 0, 0, 0, 0, 0, 0, 0, 0, 0, 0
  PE(7) Inst(8) Data0:
remuRedist Tags (tagWidth=16): 0, 0, 0, 0, 0, 0, 0, 0, 0, 0, 0, 0, 0, 0, 0, 0
remuRedist Forward bitvector (len=16): 0, 0, 0, 0, 0, 0, 0, 0, 0, 0, 0, 0, 0, 0, 0, 0
  PE(7) Inst(8) Data1:
remuRedist Tags (tagWidth=16): 0, 0, 0, 0, 0, 0, 0, 0, 0, 0, 0, 0, 0, 0, 0, 0
remuRedist Forward bitvector (len=16): 0, 0, 0, 0, 0, 0, 0, 0, 0, 0, 0, 0, 0, 0, 0, 0
  PE(7) Inst(8) Data2:
remuRedist Tags (tagWidth=16): 0, 0, 0, 0, 0, 0, 0, 0, 0, 0, 0, 0, 0, 0, 0, 0
remuRedist Forward bitvector (len=16): 0, 0, 0, 0, 0, 0, 0, 0, 0, 0, 0, 0, 0, 0, 0, 0
  PE(7) Inst(8) Data3:
remuRedist Tags (tagWidth=16): 0, 0, 0, 0, 0, 0, 0, 0, 0, 0, 0, 0, 0, 0, 0, 0
remuRedist Forward bitvector (len=16): 0, 0, 0, 0, 0, 0, 0, 0, 0, 0, 0, 0, 0, 0, 0, 0
  PE(7) Inst(9) Data0:
remuRedist Tags (tagWidth=16): 0, 0, 0, 0, 0, 0, 0, 0, 0, 0, 0, 0, 0, 0, 0, 0
remuRedist Forward bitvector (len=16): 0, 0, 0, 0, 0, 0, 0, 0, 0, 0, 0, 0, 0, 0, 0, 0
  PE(7) Inst(9) Data1:
remuRedist Tags (tagWidth=16): 0, 0, 0, 0, 0, 0, 0, 0, 0, 0, 0, 0, 0, 0, 0, 0
remuRedist Forward bitvector (len=16): 0, 0, 0, 0, 0, 0, 0, 0, 0, 0, 0, 0, 0, 0, 0, 0
  PE(7) Inst(9) Data2:
remuRedist Tags (tagWidth=16): 0, 0, 0, 0, 0, 0, 0, 0, 0, 0, 0, 0, 0, 0, 0, 0
remuRedist Forward bitvector (len=16): 0, 0, 0, 0, 0, 0, 0, 0, 0, 0, 0, 0, 0, 0, 0, 0
  PE(7) Inst(9) Data3:
remuRedist Tags (tagWidth=16): 0, 0, 0, 0, 0, 0, 0, 0, 0, 0, 0, 0, 0, 0, 0, 0
remuRedist Forward bitvector (len=16): 0, 0, 0, 0, 0, 0, 0, 0, 0, 0, 0, 0, 0, 0, 0, 0
  PE(7) Inst(10) Data0:
remuRedist Tags (tagWidth=16): 0, 0, 0, 0, 0, 0, 0, 0, 0, 0, 0, 0, 0, 0, 0, 0
remuRedist Forward bitvector (len=16): 0, 0, 0, 0, 0, 0, 0, 0, 0, 0, 0, 0, 0, 0, 0, 0
  PE(7) Inst(10) Data1:
remuRedist Tags (tagWidth=16): 0, 0, 0, 0, 0, 0, 0, 0, 0, 0, 0, 0, 0, 0, 0, 0
remuRedist Forward bitvector (len=16): 0, 0, 0, 0, 0, 0, 0, 0, 0, 0, 0, 0, 0, 0, 0, 0
  PE(7) Inst(10) Data2:
remuRedist Tags (tagWidth=16): 0, 0, 0, 0, 0, 0, 0, 0, 0, 0, 0, 0, 0, 0, 0, 0
remuRedist Forward bitvector (len=16): 0, 0, 0, 0, 0, 0, 0, 0, 0, 0, 0, 0, 0, 0, 0, 0
  PE(7) Inst(10) Data3:
remuRedist Tags (tagWidth=16): 0, 0, 0, 0, 0, 0, 0, 0, 0, 0, 0, 0, 0, 0, 0, 0
remuRedist Forward bitvector (len=16): 0, 0, 0, 0, 0, 0, 0, 0, 0, 0, 0, 0, 0, 0, 0, 0
  PE(7) Inst(11) Data0:
remuRedist Tags (tagWidth=16): 0, 0, 0, 0, 0, 0, 0, 0, 0, 0, 0, 0, 0, 0, 0, 0
remuRedist Forward bitvector (len=16): 0, 0, 0, 0, 0, 0, 0, 0, 0, 0, 0, 0, 0, 0, 0, 0
  PE(7) Inst(11) Data1:
remuRedist Tags (tagWidth=16): 0, 0, 0, 0, 0, 0, 0, 0, 0, 0, 0, 0, 0, 0, 0, 0
remuRedist Forward bitvector (len=16): 0, 0, 0, 0, 0, 0, 0, 0, 0, 0, 0, 0, 0, 0, 0, 0
  PE(7) Inst(11) Data2:
remuRedist Tags (tagWidth=16): 0, 0, 0, 0, 0, 0, 0, 0, 0, 0, 0, 0, 0, 0, 0, 0
remuRedist Forward bitvector (len=16): 0, 0, 0, 0, 0, 0, 0, 0, 0, 0, 0, 0, 0, 0, 0, 0
  PE(7) Inst(11) Data3:
remuRedist Tags (tagWidth=16): 0, 0, 0, 0, 0, 0, 0, 0, 0, 0, 0, 0, 0, 0, 0, 0
remuRedist Forward bitvector (len=16): 0, 0, 0, 0, 0, 0, 0, 0, 0, 0, 0, 0, 0, 0, 0, 0
  PE(7) Inst(12) Data0:
remuRedist Tags (tagWidth=16): 0, 0, 0, 0, 0, 0, 0, 0, 0, 0, 0, 0, 0, 0, 0, 0
remuRedist Forward bitvector (len=16): 0, 0, 0, 0, 0, 0, 0, 0, 0, 0, 0, 0, 0, 0, 0, 0
  PE(7) Inst(12) Data1:
remuRedist Tags (tagWidth=16): 0, 0, 0, 0, 0, 0, 0, 0, 0, 0, 0, 0, 0, 0, 0, 0
remuRedist Forward bitvector (len=16): 0, 0, 0, 0, 0, 0, 0, 0, 0, 0, 0, 0, 0, 0, 0, 0
  PE(7) Inst(12) Data2:
remuRedist Tags (tagWidth=16): 0, 0, 0, 0, 0, 0, 0, 0, 0, 0, 0, 0, 0, 0, 0, 0
remuRedist Forward bitvector (len=16): 0, 0, 0, 0, 0, 0, 0, 0, 0, 0, 0, 0, 0, 0, 0, 0
  PE(7) Inst(12) Data3:
remuRedist Tags (tagWidth=16): 0, 0, 0, 0, 0, 0, 0, 0, 0, 0, 0, 0, 0, 0, 0, 0
remuRedist Forward bitvector (len=16): 0, 0, 0, 0, 0, 0, 0, 0, 0, 0, 0, 0, 0, 0, 0, 0
  PE(7) Inst(13) Data0:
remuRedist Tags (tagWidth=16): 0, 0, 0, 0, 0, 0, 0, 0, 0, 0, 0, 0, 0, 0, 0, 0
remuRedist Forward bitvector (len=16): 0, 0, 0, 0, 0, 0, 0, 0, 0, 0, 0, 0, 0, 0, 0, 0
  PE(7) Inst(13) Data1:
remuRedist Tags (tagWidth=16): 0, 0, 0, 0, 0, 0, 0, 0, 0, 0, 0, 0, 0, 0, 0, 0
remuRedist Forward bitvector (len=16): 0, 0, 0, 0, 0, 0, 0, 0, 0, 0, 0, 0, 0, 0, 0, 0
  PE(7) Inst(13) Data2:
remuRedist Tags (tagWidth=16): 0, 0, 0, 0, 0, 0, 0, 0, 0, 0, 0, 0, 0, 0, 0, 0
remuRedist Forward bitvector (len=16): 0, 0, 0, 0, 0, 0, 0, 0, 0, 0, 0, 0, 0, 0, 0, 0
  PE(7) Inst(13) Data3:
remuRedist Tags (tagWidth=16): 0, 0, 0, 0, 0, 0, 0, 0, 0, 0, 0, 0, 0, 0, 0, 0
remuRedist Forward bitvector (len=16): 0, 0, 0, 0, 0, 0, 0, 0, 0, 0, 0, 0, 0, 0, 0, 0
  PE(7) Inst(14) Data0:
remuRedist Tags (tagWidth=16): 0, 0, 0, 0, 0, 0, 0, 0, 0, 0, 0, 0, 0, 0, 0, 0
remuRedist Forward bitvector (len=16): 0, 0, 0, 0, 0, 0, 0, 0, 0, 0, 0, 0, 0, 0, 0, 0
  PE(7) Inst(14) Data1:
remuRedist Tags (tagWidth=16): 0, 0, 0, 0, 0, 0, 0, 0, 0, 0, 0, 0, 0, 0, 0, 0
remuRedist Forward bitvector (len=16): 0, 0, 0, 0, 0, 0, 0, 0, 0, 0, 0, 0, 0, 0, 0, 0
  PE(7) Inst(14) Data2:
remuRedist Tags (tagWidth=16): 0, 0, 0, 0, 0, 0, 0, 0, 0, 0, 0, 0, 0, 0, 0, 0
remuRedist Forward bitvector (len=16): 0, 0, 0, 0, 0, 0, 0, 0, 0, 0, 0, 0, 0, 0, 0, 0
  PE(7) Inst(14) Data3:
remuRedist Tags (tagWidth=16): 0, 0, 0, 0, 0, 0, 0, 0, 0, 0, 0, 0, 0, 0, 0, 0
remuRedist Forward bitvector (len=16): 0, 0, 0, 0, 0, 0, 0, 0, 0, 0, 0, 0, 0, 0, 0, 0
  PE(7) Inst(15) Data0:
remuRedist Tags (tagWidth=16): 0, 0, 0, 0, 0, 0, 0, 0, 0, 0, 0, 0, 0, 0, 0, 0
remuRedist Forward bitvector (len=16): 0, 0, 0, 0, 0, 0, 0, 0, 0, 0, 0, 0, 0, 0, 0, 0
  PE(7) Inst(15) Data1:
remuRedist Tags (tagWidth=16): 0, 0, 0, 0, 0, 0, 0, 0, 0, 0, 0, 0, 0, 0, 0, 0
remuRedist Forward bitvector (len=16): 0, 0, 0, 0, 0, 0, 0, 0, 0, 0, 0, 0, 0, 0, 0, 0
  PE(7) Inst(15) Data2:
remuRedist Tags (tagWidth=16): 0, 0, 0, 0, 0, 0, 0, 0, 0, 0, 0, 0, 0, 0, 0, 0
remuRedist Forward bitvector (len=16): 0, 0, 0, 0, 0, 0, 0, 0, 0, 0, 0, 0, 0, 0, 0, 0
  PE(7) Inst(15) Data3:
remuRedist Tags (tagWidth=16): 0, 0, 0, 0, 0, 0, 0, 0, 0, 0, 0, 0, 0, 0, 0, 0
remuRedist Forward bitvector (len=16): 0, 0, 0, 0, 0, 0, 0, 0, 0, 0, 0, 0, 0, 0, 0, 0
remuRedist(8):
  PE(8) Inst(0) Data0:
remuRedist Tags (tagWidth=16): 0, 1, 0, 0, 1, 0, 1, 0, 0, 0, 0, 0, 0, 0, 0, 0
remuRedist Forward bitvector (len=16): 1, 0, 0, 0, 0, 0, 0, 0, 0, 0, 0, 0, 0, 0, 0, 0
  PE(8) Inst(0) Data1:
remuRedist Tags (tagWidth=16): 0, 0, 0, 0, 0, 0, 0, 0, 0, 0, 0, 0, 0, 0, 0, 0
remuRedist Forward bitvector (len=16): 0, 0, 0, 0, 0, 0, 0, 0, 0, 0, 0, 0, 0, 0, 0, 0
  PE(8) Inst(0) Data2:
remuRedist Tags (tagWidth=16): 0, 0, 0, 0, 0, 0, 0, 0, 0, 0, 0, 0, 0, 0, 0, 0
remuRedist Forward bitvector (len=16): 0, 0, 0, 0, 0, 0, 0, 0, 0, 0, 0, 0, 0, 0, 0, 0
  PE(8) Inst(0) Data3:
remuRedist Tags (tagWidth=16): 0, 0, 0, 0, 0, 0, 0, 0, 0, 0, 0, 0, 0, 0, 0, 0
remuRedist Forward bitvector (len=16): 0, 0, 0, 0, 0, 0, 0, 0, 0, 0, 0, 0, 0, 0, 0, 0
  PE(8) Inst(1) Data0:
remuRedist Tags (tagWidth=16): 0, 0, 1, 0, 1, 1, 0, 0, 0, 0, 0, 0, 0, 0, 0, 0
remuRedist Forward bitvector (len=16): 0, 1, 0, 0, 0, 0, 0, 0, 0, 0, 0, 0, 0, 0, 0, 0
  PE(8) Inst(1) Data1:
remuRedist Tags (tagWidth=16): 0, 0, 0, 0, 0, 0, 0, 0, 0, 0, 0, 0, 0, 0, 0, 0
remuRedist Forward bitvector (len=16): 0, 0, 0, 0, 0, 0, 0, 0, 0, 0, 0, 0, 0, 0, 0, 0
  PE(8) Inst(1) Data2:
remuRedist Tags (tagWidth=16): 0, 0, 0, 0, 0, 0, 0, 0, 0, 0, 0, 0, 0, 0, 0, 0
remuRedist Forward bitvector (len=16): 0, 0, 0, 0, 0, 0, 0, 0, 0, 0, 0, 0, 0, 0, 0, 0
  PE(8) Inst(1) Data3:
remuRedist Tags (tagWidth=16): 0, 0, 0, 0, 0, 0, 0, 0, 0, 0, 0, 0, 0, 0, 0, 0
remuRedist Forward bitvector (len=16): 0, 0, 0, 0, 0, 0, 0, 0, 0, 0, 0, 0, 0, 0, 0, 0
  PE(8) Inst(2) Data0:
remuRedist Tags (tagWidth=16): 0, 0, 0, 0, 0, 0, 0, 0, 0, 0, 0, 0, 0, 0, 0, 0
remuRedist Forward bitvector (len=16): 0, 0, 0, 0, 0, 0, 0, 0, 0, 0, 0, 0, 0, 0, 0, 0
  PE(8) Inst(2) Data1:
remuRedist Tags (tagWidth=16): 0, 0, 0, 0, 0, 0, 0, 0, 0, 0, 0, 0, 0, 0, 0, 0
remuRedist Forward bitvector (len=16): 0, 0, 0, 0, 0, 0, 0, 0, 0, 0, 0, 0, 0, 0, 0, 0
  PE(8) Inst(2) Data2:
remuRedist Tags (tagWidth=16): 0, 0, 0, 0, 0, 0, 0, 0, 0, 0, 0, 0, 0, 0, 0, 0
remuRedist Forward bitvector (len=16): 0, 0, 0, 0, 0, 0, 0, 0, 0, 0, 0, 0, 0, 0, 0, 0
  PE(8) Inst(2) Data3:
remuRedist Tags (tagWidth=16): 0, 0, 0, 0, 0, 0, 0, 0, 0, 0, 0, 0, 0, 0, 0, 0
remuRedist Forward bitvector (len=16): 0, 0, 0, 0, 0, 0, 0, 0, 0, 0, 0, 0, 0, 0, 0, 0
  PE(8) Inst(3) Data0:
remuRedist Tags (tagWidth=16): 0, 0, 0, 0, 0, 0, 0, 0, 0, 0, 0, 0, 0, 0, 0, 0
remuRedist Forward bitvector (len=16): 0, 0, 0, 0, 0, 0, 0, 0, 0, 0, 0, 0, 0, 0, 0, 0
  PE(8) Inst(3) Data1:
remuRedist Tags (tagWidth=16): 0, 0, 0, 0, 0, 0, 0, 0, 0, 0, 0, 0, 0, 0, 0, 0
remuRedist Forward bitvector (len=16): 0, 0, 0, 0, 0, 0, 0, 0, 0, 0, 0, 0, 0, 0, 0, 0
  PE(8) Inst(3) Data2:
remuRedist Tags (tagWidth=16): 0, 0, 0, 0, 0, 0, 0, 0, 0, 0, 0, 0, 0, 0, 0, 0
remuRedist Forward bitvector (len=16): 0, 0, 0, 0, 0, 0, 0, 0, 0, 0, 0, 0, 0, 0, 0, 0
  PE(8) Inst(3) Data3:
remuRedist Tags (tagWidth=16): 0, 0, 0, 0, 0, 0, 0, 0, 0, 0, 0, 0, 0, 0, 0, 0
remuRedist Forward bitvector (len=16): 0, 0, 0, 0, 0, 0, 0, 0, 0, 0, 0, 0, 0, 0, 0, 0
  PE(8) Inst(4) Data0:
remuRedist Tags (tagWidth=16): 0, 0, 0, 0, 0, 0, 0, 0, 0, 0, 0, 0, 0, 0, 0, 0
remuRedist Forward bitvector (len=16): 0, 0, 0, 0, 0, 0, 0, 0, 0, 0, 0, 0, 0, 0, 0, 0
  PE(8) Inst(4) Data1:
remuRedist Tags (tagWidth=16): 0, 0, 0, 0, 0, 0, 0, 0, 0, 0, 0, 0, 0, 0, 0, 0
remuRedist Forward bitvector (len=16): 0, 0, 0, 0, 0, 0, 0, 0, 0, 0, 0, 0, 0, 0, 0, 0
  PE(8) Inst(4) Data2:
remuRedist Tags (tagWidth=16): 0, 0, 0, 0, 0, 0, 0, 0, 0, 0, 0, 0, 0, 0, 0, 0
remuRedist Forward bitvector (len=16): 0, 0, 0, 0, 0, 0, 0, 0, 0, 0, 0, 0, 0, 0, 0, 0
  PE(8) Inst(4) Data3:
remuRedist Tags (tagWidth=16): 0, 0, 0, 0, 0, 0, 0, 0, 0, 0, 0, 0, 0, 0, 0, 0
remuRedist Forward bitvector (len=16): 0, 0, 0, 0, 0, 0, 0, 0, 0, 0, 0, 0, 0, 0, 0, 0
  PE(8) Inst(5) Data0:
remuRedist Tags (tagWidth=16): 0, 0, 0, 0, 0, 0, 0, 0, 0, 0, 0, 0, 0, 0, 0, 0
remuRedist Forward bitvector (len=16): 0, 0, 0, 0, 0, 0, 0, 0, 0, 0, 0, 0, 0, 0, 0, 0
  PE(8) Inst(5) Data1:
remuRedist Tags (tagWidth=16): 0, 0, 0, 0, 0, 0, 0, 0, 0, 0, 0, 0, 0, 0, 0, 0
remuRedist Forward bitvector (len=16): 0, 0, 0, 0, 0, 0, 0, 0, 0, 0, 0, 0, 0, 0, 0, 0
  PE(8) Inst(5) Data2:
remuRedist Tags (tagWidth=16): 0, 0, 0, 0, 0, 0, 0, 0, 0, 0, 0, 0, 0, 0, 0, 0
remuRedist Forward bitvector (len=16): 0, 0, 0, 0, 0, 0, 0, 0, 0, 0, 0, 0, 0, 0, 0, 0
  PE(8) Inst(5) Data3:
remuRedist Tags (tagWidth=16): 0, 0, 0, 0, 0, 0, 0, 0, 0, 0, 0, 0, 0, 0, 0, 0
remuRedist Forward bitvector (len=16): 0, 0, 0, 0, 0, 0, 0, 0, 0, 0, 0, 0, 0, 0, 0, 0
  PE(8) Inst(6) Data0:
remuRedist Tags (tagWidth=16): 0, 0, 0, 0, 0, 0, 0, 0, 0, 0, 0, 0, 0, 0, 0, 0
remuRedist Forward bitvector (len=16): 0, 0, 0, 0, 0, 0, 0, 0, 0, 0, 0, 0, 0, 0, 0, 0
  PE(8) Inst(6) Data1:
remuRedist Tags (tagWidth=16): 0, 0, 0, 0, 0, 0, 0, 0, 0, 0, 0, 0, 0, 0, 0, 0
remuRedist Forward bitvector (len=16): 0, 0, 0, 0, 0, 0, 0, 0, 0, 0, 0, 0, 0, 0, 0, 0
  PE(8) Inst(6) Data2:
remuRedist Tags (tagWidth=16): 0, 0, 0, 0, 0, 0, 0, 0, 0, 0, 0, 0, 0, 0, 0, 0
remuRedist Forward bitvector (len=16): 0, 0, 0, 0, 0, 0, 0, 0, 0, 0, 0, 0, 0, 0, 0, 0
  PE(8) Inst(6) Data3:
remuRedist Tags (tagWidth=16): 0, 0, 0, 0, 0, 0, 0, 0, 0, 0, 0, 0, 0, 0, 0, 0
remuRedist Forward bitvector (len=16): 0, 0, 0, 0, 0, 0, 0, 0, 0, 0, 0, 0, 0, 0, 0, 0
  PE(8) Inst(7) Data0:
remuRedist Tags (tagWidth=16): 0, 0, 0, 0, 0, 0, 0, 0, 0, 0, 0, 0, 0, 0, 0, 0
remuRedist Forward bitvector (len=16): 0, 0, 0, 0, 0, 0, 0, 0, 0, 0, 0, 0, 0, 0, 0, 0
  PE(8) Inst(7) Data1:
remuRedist Tags (tagWidth=16): 0, 0, 0, 0, 0, 0, 0, 0, 0, 0, 0, 0, 0, 0, 0, 0
remuRedist Forward bitvector (len=16): 0, 0, 0, 0, 0, 0, 0, 0, 0, 0, 0, 0, 0, 0, 0, 0
  PE(8) Inst(7) Data2:
remuRedist Tags (tagWidth=16): 0, 0, 0, 0, 0, 0, 0, 0, 0, 0, 0, 0, 0, 0, 0, 0
remuRedist Forward bitvector (len=16): 0, 0, 0, 0, 0, 0, 0, 0, 0, 0, 0, 0, 0, 0, 0, 0
  PE(8) Inst(7) Data3:
remuRedist Tags (tagWidth=16): 0, 0, 0, 0, 0, 0, 0, 0, 0, 0, 0, 0, 0, 0, 0, 0
remuRedist Forward bitvector (len=16): 0, 0, 0, 0, 0, 0, 0, 0, 0, 0, 0, 0, 0, 0, 0, 0
  PE(8) Inst(8) Data0:
remuRedist Tags (tagWidth=16): 0, 0, 0, 0, 0, 0, 0, 0, 0, 0, 0, 0, 0, 0, 0, 0
remuRedist Forward bitvector (len=16): 0, 0, 0, 0, 0, 0, 0, 0, 0, 0, 0, 0, 0, 0, 0, 0
  PE(8) Inst(8) Data1:
remuRedist Tags (tagWidth=16): 0, 0, 0, 0, 0, 0, 0, 0, 0, 0, 0, 0, 0, 0, 0, 0
remuRedist Forward bitvector (len=16): 0, 0, 0, 0, 0, 0, 0, 0, 0, 0, 0, 0, 0, 0, 0, 0
  PE(8) Inst(8) Data2:
remuRedist Tags (tagWidth=16): 0, 0, 0, 0, 0, 0, 0, 0, 0, 0, 0, 0, 0, 0, 0, 0
remuRedist Forward bitvector (len=16): 0, 0, 0, 0, 0, 0, 0, 0, 0, 0, 0, 0, 0, 0, 0, 0
  PE(8) Inst(8) Data3:
remuRedist Tags (tagWidth=16): 0, 0, 0, 0, 0, 0, 0, 0, 0, 0, 0, 0, 0, 0, 0, 0
remuRedist Forward bitvector (len=16): 0, 0, 0, 0, 0, 0, 0, 0, 0, 0, 0, 0, 0, 0, 0, 0
  PE(8) Inst(9) Data0:
remuRedist Tags (tagWidth=16): 0, 0, 0, 0, 0, 0, 0, 0, 0, 0, 0, 0, 0, 0, 0, 0
remuRedist Forward bitvector (len=16): 0, 0, 0, 0, 0, 0, 0, 0, 0, 0, 0, 0, 0, 0, 0, 0
  PE(8) Inst(9) Data1:
remuRedist Tags (tagWidth=16): 0, 0, 0, 0, 0, 0, 0, 0, 0, 0, 0, 0, 0, 0, 0, 0
remuRedist Forward bitvector (len=16): 0, 0, 0, 0, 0, 0, 0, 0, 0, 0, 0, 0, 0, 0, 0, 0
  PE(8) Inst(9) Data2:
remuRedist Tags (tagWidth=16): 0, 0, 0, 0, 0, 0, 0, 0, 0, 0, 0, 0, 0, 0, 0, 0
remuRedist Forward bitvector (len=16): 0, 0, 0, 0, 0, 0, 0, 0, 0, 0, 0, 0, 0, 0, 0, 0
  PE(8) Inst(9) Data3:
remuRedist Tags (tagWidth=16): 0, 0, 0, 0, 0, 0, 0, 0, 0, 0, 0, 0, 0, 0, 0, 0
remuRedist Forward bitvector (len=16): 0, 0, 0, 0, 0, 0, 0, 0, 0, 0, 0, 0, 0, 0, 0, 0
  PE(8) Inst(10) Data0:
remuRedist Tags (tagWidth=16): 0, 0, 0, 0, 0, 0, 0, 0, 0, 0, 0, 0, 0, 0, 0, 0
remuRedist Forward bitvector (len=16): 0, 0, 0, 0, 0, 0, 0, 0, 0, 0, 0, 0, 0, 0, 0, 0
  PE(8) Inst(10) Data1:
remuRedist Tags (tagWidth=16): 0, 0, 0, 0, 0, 0, 0, 0, 0, 0, 0, 0, 0, 0, 0, 0
remuRedist Forward bitvector (len=16): 0, 0, 0, 0, 0, 0, 0, 0, 0, 0, 0, 0, 0, 0, 0, 0
  PE(8) Inst(10) Data2:
remuRedist Tags (tagWidth=16): 0, 0, 0, 0, 0, 0, 0, 0, 0, 0, 0, 0, 0, 0, 0, 0
remuRedist Forward bitvector (len=16): 0, 0, 0, 0, 0, 0, 0, 0, 0, 0, 0, 0, 0, 0, 0, 0
  PE(8) Inst(10) Data3:
remuRedist Tags (tagWidth=16): 0, 0, 0, 0, 0, 0, 0, 0, 0, 0, 0, 0, 0, 0, 0, 0
remuRedist Forward bitvector (len=16): 0, 0, 0, 0, 0, 0, 0, 0, 0, 0, 0, 0, 0, 0, 0, 0
  PE(8) Inst(11) Data0:
remuRedist Tags (tagWidth=16): 0, 0, 0, 0, 0, 0, 0, 0, 0, 0, 0, 0, 0, 0, 0, 0
remuRedist Forward bitvector (len=16): 0, 0, 0, 0, 0, 0, 0, 0, 0, 0, 0, 0, 0, 0, 0, 0
  PE(8) Inst(11) Data1:
remuRedist Tags (tagWidth=16): 0, 0, 0, 0, 0, 0, 0, 0, 0, 0, 0, 0, 0, 0, 0, 0
remuRedist Forward bitvector (len=16): 0, 0, 0, 0, 0, 0, 0, 0, 0, 0, 0, 0, 0, 0, 0, 0
  PE(8) Inst(11) Data2:
remuRedist Tags (tagWidth=16): 0, 0, 0, 0, 0, 0, 0, 0, 0, 0, 0, 0, 0, 0, 0, 0
remuRedist Forward bitvector (len=16): 0, 0, 0, 0, 0, 0, 0, 0, 0, 0, 0, 0, 0, 0, 0, 0
  PE(8) Inst(11) Data3:
remuRedist Tags (tagWidth=16): 0, 0, 0, 0, 0, 0, 0, 0, 0, 0, 0, 0, 0, 0, 0, 0
remuRedist Forward bitvector (len=16): 0, 0, 0, 0, 0, 0, 0, 0, 0, 0, 0, 0, 0, 0, 0, 0
  PE(8) Inst(12) Data0:
remuRedist Tags (tagWidth=16): 0, 0, 0, 0, 0, 0, 0, 0, 0, 0, 0, 0, 0, 0, 0, 0
remuRedist Forward bitvector (len=16): 0, 0, 0, 0, 0, 0, 0, 0, 0, 0, 0, 0, 0, 0, 0, 0
  PE(8) Inst(12) Data1:
remuRedist Tags (tagWidth=16): 0, 0, 0, 0, 0, 0, 0, 0, 0, 0, 0, 0, 0, 0, 0, 0
remuRedist Forward bitvector (len=16): 0, 0, 0, 0, 0, 0, 0, 0, 0, 0, 0, 0, 0, 0, 0, 0
  PE(8) Inst(12) Data2:
remuRedist Tags (tagWidth=16): 0, 0, 0, 0, 0, 0, 0, 0, 0, 0, 0, 0, 0, 0, 0, 0
remuRedist Forward bitvector (len=16): 0, 0, 0, 0, 0, 0, 0, 0, 0, 0, 0, 0, 0, 0, 0, 0
  PE(8) Inst(12) Data3:
remuRedist Tags (tagWidth=16): 0, 0, 0, 0, 0, 0, 0, 0, 0, 0, 0, 0, 0, 0, 0, 0
remuRedist Forward bitvector (len=16): 0, 0, 0, 0, 0, 0, 0, 0, 0, 0, 0, 0, 0, 0, 0, 0
  PE(8) Inst(13) Data0:
remuRedist Tags (tagWidth=16): 0, 0, 0, 0, 0, 0, 0, 0, 0, 0, 0, 0, 0, 0, 0, 0
remuRedist Forward bitvector (len=16): 0, 0, 0, 0, 0, 0, 0, 0, 0, 0, 0, 0, 0, 0, 0, 0
  PE(8) Inst(13) Data1:
remuRedist Tags (tagWidth=16): 0, 0, 0, 0, 0, 0, 0, 0, 0, 0, 0, 0, 0, 0, 0, 0
remuRedist Forward bitvector (len=16): 0, 0, 0, 0, 0, 0, 0, 0, 0, 0, 0, 0, 0, 0, 0, 0
  PE(8) Inst(13) Data2:
remuRedist Tags (tagWidth=16): 0, 0, 0, 0, 0, 0, 0, 0, 0, 0, 0, 0, 0, 0, 0, 0
remuRedist Forward bitvector (len=16): 0, 0, 0, 0, 0, 0, 0, 0, 0, 0, 0, 0, 0, 0, 0, 0
  PE(8) Inst(13) Data3:
remuRedist Tags (tagWidth=16): 0, 0, 0, 0, 0, 0, 0, 0, 0, 0, 0, 0, 0, 0, 0, 0
remuRedist Forward bitvector (len=16): 0, 0, 0, 0, 0, 0, 0, 0, 0, 0, 0, 0, 0, 0, 0, 0
  PE(8) Inst(14) Data0:
remuRedist Tags (tagWidth=16): 0, 0, 0, 0, 0, 0, 0, 0, 0, 0, 0, 0, 0, 0, 0, 0
remuRedist Forward bitvector (len=16): 0, 0, 0, 0, 0, 0, 0, 0, 0, 0, 0, 0, 0, 0, 0, 0
  PE(8) Inst(14) Data1:
remuRedist Tags (tagWidth=16): 0, 0, 0, 0, 0, 0, 0, 0, 0, 0, 0, 0, 0, 0, 0, 0
remuRedist Forward bitvector (len=16): 0, 0, 0, 0, 0, 0, 0, 0, 0, 0, 0, 0, 0, 0, 0, 0
  PE(8) Inst(14) Data2:
remuRedist Tags (tagWidth=16): 0, 0, 0, 0, 0, 0, 0, 0, 0, 0, 0, 0, 0, 0, 0, 0
remuRedist Forward bitvector (len=16): 0, 0, 0, 0, 0, 0, 0, 0, 0, 0, 0, 0, 0, 0, 0, 0
  PE(8) Inst(14) Data3:
remuRedist Tags (tagWidth=16): 0, 0, 0, 0, 0, 0, 0, 0, 0, 0, 0, 0, 0, 0, 0, 0
remuRedist Forward bitvector (len=16): 0, 0, 0, 0, 0, 0, 0, 0, 0, 0, 0, 0, 0, 0, 0, 0
  PE(8) Inst(15) Data0:
remuRedist Tags (tagWidth=16): 0, 0, 0, 0, 0, 0, 0, 0, 0, 0, 0, 0, 0, 0, 0, 0
remuRedist Forward bitvector (len=16): 0, 0, 0, 0, 0, 0, 0, 0, 0, 0, 0, 0, 0, 0, 0, 0
  PE(8) Inst(15) Data1:
remuRedist Tags (tagWidth=16): 0, 0, 0, 0, 0, 0, 0, 0, 0, 0, 0, 0, 0, 0, 0, 0
remuRedist Forward bitvector (len=16): 0, 0, 0, 0, 0, 0, 0, 0, 0, 0, 0, 0, 0, 0, 0, 0
  PE(8) Inst(15) Data2:
remuRedist Tags (tagWidth=16): 0, 0, 0, 0, 0, 0, 0, 0, 0, 0, 0, 0, 0, 0, 0, 0
remuRedist Forward bitvector (len=16): 0, 0, 0, 0, 0, 0, 0, 0, 0, 0, 0, 0, 0, 0, 0, 0
  PE(8) Inst(15) Data3:
remuRedist Tags (tagWidth=16): 0, 0, 0, 0, 0, 0, 0, 0, 0, 0, 0, 0, 0, 0, 0, 0
remuRedist Forward bitvector (len=16): 0, 0, 0, 0, 0, 0, 0, 0, 0, 0, 0, 0, 0, 0, 0, 0
remuRedist(9):
  PE(9) Inst(0) Data0:
remuRedist Tags (tagWidth=16): 1, 1, 0, 0, 1, 1, 0, 0, 0, 0, 0, 0, 0, 0, 0, 0
remuRedist Forward bitvector (len=16): 1, 0, 0, 0, 0, 0, 0, 0, 0, 0, 0, 0, 0, 0, 0, 0
  PE(9) Inst(0) Data1:
remuRedist Tags (tagWidth=16): 0, 0, 0, 0, 0, 0, 0, 0, 0, 0, 0, 0, 0, 0, 0, 0
remuRedist Forward bitvector (len=16): 0, 0, 0, 0, 0, 0, 0, 0, 0, 0, 0, 0, 0, 0, 0, 0
  PE(9) Inst(0) Data2:
remuRedist Tags (tagWidth=16): 0, 0, 0, 0, 0, 0, 0, 0, 0, 0, 0, 0, 0, 0, 0, 0
remuRedist Forward bitvector (len=16): 0, 0, 0, 0, 0, 0, 0, 0, 0, 0, 0, 0, 0, 0, 0, 0
  PE(9) Inst(0) Data3:
remuRedist Tags (tagWidth=16): 0, 0, 0, 0, 0, 0, 0, 0, 0, 0, 0, 0, 0, 0, 0, 0
remuRedist Forward bitvector (len=16): 0, 0, 0, 0, 0, 0, 0, 0, 0, 0, 0, 0, 0, 0, 0, 0
  PE(9) Inst(1) Data0:
remuRedist Tags (tagWidth=16): 0, 0, 0, 0, 0, 0, 0, 0, 0, 0, 0, 0, 0, 0, 0, 0
remuRedist Forward bitvector (len=16): 0, 0, 0, 0, 0, 0, 0, 0, 0, 0, 0, 0, 0, 0, 0, 0
  PE(9) Inst(1) Data1:
remuRedist Tags (tagWidth=16): 0, 0, 0, 0, 0, 0, 0, 0, 0, 0, 0, 0, 0, 0, 0, 0
remuRedist Forward bitvector (len=16): 0, 0, 0, 0, 0, 0, 0, 0, 0, 0, 0, 0, 0, 0, 0, 0
  PE(9) Inst(1) Data2:
remuRedist Tags (tagWidth=16): 0, 0, 0, 0, 0, 0, 0, 0, 0, 0, 0, 0, 0, 0, 0, 0
remuRedist Forward bitvector (len=16): 0, 0, 0, 0, 0, 0, 0, 0, 0, 0, 0, 0, 0, 0, 0, 0
  PE(9) Inst(1) Data3:
remuRedist Tags (tagWidth=16): 0, 0, 0, 0, 0, 0, 0, 0, 0, 0, 0, 0, 0, 0, 0, 0
remuRedist Forward bitvector (len=16): 0, 0, 0, 0, 0, 0, 0, 0, 0, 0, 0, 0, 0, 0, 0, 0
  PE(9) Inst(2) Data0:
remuRedist Tags (tagWidth=16): 0, 0, 0, 0, 0, 0, 0, 0, 0, 0, 0, 0, 0, 0, 0, 0
remuRedist Forward bitvector (len=16): 0, 0, 0, 0, 0, 0, 0, 0, 0, 0, 0, 0, 0, 0, 0, 0
  PE(9) Inst(2) Data1:
remuRedist Tags (tagWidth=16): 0, 0, 0, 0, 0, 0, 0, 0, 0, 0, 0, 0, 0, 0, 0, 0
remuRedist Forward bitvector (len=16): 0, 0, 0, 0, 0, 0, 0, 0, 0, 0, 0, 0, 0, 0, 0, 0
  PE(9) Inst(2) Data2:
remuRedist Tags (tagWidth=16): 0, 0, 0, 0, 0, 0, 0, 0, 0, 0, 0, 0, 0, 0, 0, 0
remuRedist Forward bitvector (len=16): 0, 0, 0, 0, 0, 0, 0, 0, 0, 0, 0, 0, 0, 0, 0, 0
  PE(9) Inst(2) Data3:
remuRedist Tags (tagWidth=16): 0, 0, 0, 0, 0, 0, 0, 0, 0, 0, 0, 0, 0, 0, 0, 0
remuRedist Forward bitvector (len=16): 0, 0, 0, 0, 0, 0, 0, 0, 0, 0, 0, 0, 0, 0, 0, 0
  PE(9) Inst(3) Data0:
remuRedist Tags (tagWidth=16): 0, 0, 0, 0, 0, 0, 0, 0, 0, 0, 0, 0, 0, 0, 0, 0
remuRedist Forward bitvector (len=16): 0, 0, 0, 0, 0, 0, 0, 0, 0, 0, 0, 0, 0, 0, 0, 0
  PE(9) Inst(3) Data1:
remuRedist Tags (tagWidth=16): 0, 0, 0, 0, 0, 0, 0, 0, 0, 0, 0, 0, 0, 0, 0, 0
remuRedist Forward bitvector (len=16): 0, 0, 0, 0, 0, 0, 0, 0, 0, 0, 0, 0, 0, 0, 0, 0
  PE(9) Inst(3) Data2:
remuRedist Tags (tagWidth=16): 0, 0, 0, 0, 0, 0, 0, 0, 0, 0, 0, 0, 0, 0, 0, 0
remuRedist Forward bitvector (len=16): 0, 0, 0, 0, 0, 0, 0, 0, 0, 0, 0, 0, 0, 0, 0, 0
  PE(9) Inst(3) Data3:
remuRedist Tags (tagWidth=16): 0, 0, 0, 0, 0, 0, 0, 0, 0, 0, 0, 0, 0, 0, 0, 0
remuRedist Forward bitvector (len=16): 0, 0, 0, 0, 0, 0, 0, 0, 0, 0, 0, 0, 0, 0, 0, 0
  PE(9) Inst(4) Data0:
remuRedist Tags (tagWidth=16): 0, 0, 0, 0, 0, 0, 0, 0, 0, 0, 0, 0, 0, 0, 0, 0
remuRedist Forward bitvector (len=16): 0, 0, 0, 0, 0, 0, 0, 0, 0, 0, 0, 0, 0, 0, 0, 0
  PE(9) Inst(4) Data1:
remuRedist Tags (tagWidth=16): 0, 0, 0, 0, 0, 0, 0, 0, 0, 0, 0, 0, 0, 0, 0, 0
remuRedist Forward bitvector (len=16): 0, 0, 0, 0, 0, 0, 0, 0, 0, 0, 0, 0, 0, 0, 0, 0
  PE(9) Inst(4) Data2:
remuRedist Tags (tagWidth=16): 0, 0, 0, 0, 0, 0, 0, 0, 0, 0, 0, 0, 0, 0, 0, 0
remuRedist Forward bitvector (len=16): 0, 0, 0, 0, 0, 0, 0, 0, 0, 0, 0, 0, 0, 0, 0, 0
  PE(9) Inst(4) Data3:
remuRedist Tags (tagWidth=16): 0, 0, 0, 0, 0, 0, 0, 0, 0, 0, 0, 0, 0, 0, 0, 0
remuRedist Forward bitvector (len=16): 0, 0, 0, 0, 0, 0, 0, 0, 0, 0, 0, 0, 0, 0, 0, 0
  PE(9) Inst(5) Data0:
remuRedist Tags (tagWidth=16): 0, 0, 0, 0, 0, 0, 0, 0, 0, 0, 0, 0, 0, 0, 0, 0
remuRedist Forward bitvector (len=16): 0, 0, 0, 0, 0, 0, 0, 0, 0, 0, 0, 0, 0, 0, 0, 0
  PE(9) Inst(5) Data1:
remuRedist Tags (tagWidth=16): 0, 0, 0, 0, 0, 0, 0, 0, 0, 0, 0, 0, 0, 0, 0, 0
remuRedist Forward bitvector (len=16): 0, 0, 0, 0, 0, 0, 0, 0, 0, 0, 0, 0, 0, 0, 0, 0
  PE(9) Inst(5) Data2:
remuRedist Tags (tagWidth=16): 0, 0, 0, 0, 0, 0, 0, 0, 0, 0, 0, 0, 0, 0, 0, 0
remuRedist Forward bitvector (len=16): 0, 0, 0, 0, 0, 0, 0, 0, 0, 0, 0, 0, 0, 0, 0, 0
  PE(9) Inst(5) Data3:
remuRedist Tags (tagWidth=16): 0, 0, 0, 0, 0, 0, 0, 0, 0, 0, 0, 0, 0, 0, 0, 0
remuRedist Forward bitvector (len=16): 0, 0, 0, 0, 0, 0, 0, 0, 0, 0, 0, 0, 0, 0, 0, 0
  PE(9) Inst(6) Data0:
remuRedist Tags (tagWidth=16): 0, 0, 0, 0, 0, 0, 0, 0, 0, 0, 0, 0, 0, 0, 0, 0
remuRedist Forward bitvector (len=16): 0, 0, 0, 0, 0, 0, 0, 0, 0, 0, 0, 0, 0, 0, 0, 0
  PE(9) Inst(6) Data1:
remuRedist Tags (tagWidth=16): 0, 0, 0, 0, 0, 0, 0, 0, 0, 0, 0, 0, 0, 0, 0, 0
remuRedist Forward bitvector (len=16): 0, 0, 0, 0, 0, 0, 0, 0, 0, 0, 0, 0, 0, 0, 0, 0
  PE(9) Inst(6) Data2:
remuRedist Tags (tagWidth=16): 0, 0, 0, 0, 0, 0, 0, 0, 0, 0, 0, 0, 0, 0, 0, 0
remuRedist Forward bitvector (len=16): 0, 0, 0, 0, 0, 0, 0, 0, 0, 0, 0, 0, 0, 0, 0, 0
  PE(9) Inst(6) Data3:
remuRedist Tags (tagWidth=16): 0, 0, 0, 0, 0, 0, 0, 0, 0, 0, 0, 0, 0, 0, 0, 0
remuRedist Forward bitvector (len=16): 0, 0, 0, 0, 0, 0, 0, 0, 0, 0, 0, 0, 0, 0, 0, 0
  PE(9) Inst(7) Data0:
remuRedist Tags (tagWidth=16): 0, 0, 0, 0, 0, 0, 0, 0, 0, 0, 0, 0, 0, 0, 0, 0
remuRedist Forward bitvector (len=16): 0, 0, 0, 0, 0, 0, 0, 0, 0, 0, 0, 0, 0, 0, 0, 0
  PE(9) Inst(7) Data1:
remuRedist Tags (tagWidth=16): 0, 0, 0, 0, 0, 0, 0, 0, 0, 0, 0, 0, 0, 0, 0, 0
remuRedist Forward bitvector (len=16): 0, 0, 0, 0, 0, 0, 0, 0, 0, 0, 0, 0, 0, 0, 0, 0
  PE(9) Inst(7) Data2:
remuRedist Tags (tagWidth=16): 0, 0, 0, 0, 0, 0, 0, 0, 0, 0, 0, 0, 0, 0, 0, 0
remuRedist Forward bitvector (len=16): 0, 0, 0, 0, 0, 0, 0, 0, 0, 0, 0, 0, 0, 0, 0, 0
  PE(9) Inst(7) Data3:
remuRedist Tags (tagWidth=16): 0, 0, 0, 0, 0, 0, 0, 0, 0, 0, 0, 0, 0, 0, 0, 0
remuRedist Forward bitvector (len=16): 0, 0, 0, 0, 0, 0, 0, 0, 0, 0, 0, 0, 0, 0, 0, 0
  PE(9) Inst(8) Data0:
remuRedist Tags (tagWidth=16): 0, 0, 0, 0, 0, 0, 0, 0, 0, 0, 0, 0, 0, 0, 0, 0
remuRedist Forward bitvector (len=16): 0, 0, 0, 0, 0, 0, 0, 0, 0, 0, 0, 0, 0, 0, 0, 0
  PE(9) Inst(8) Data1:
remuRedist Tags (tagWidth=16): 0, 0, 0, 0, 0, 0, 0, 0, 0, 0, 0, 0, 0, 0, 0, 0
remuRedist Forward bitvector (len=16): 0, 0, 0, 0, 0, 0, 0, 0, 0, 0, 0, 0, 0, 0, 0, 0
  PE(9) Inst(8) Data2:
remuRedist Tags (tagWidth=16): 0, 0, 0, 0, 0, 0, 0, 0, 0, 0, 0, 0, 0, 0, 0, 0
remuRedist Forward bitvector (len=16): 0, 0, 0, 0, 0, 0, 0, 0, 0, 0, 0, 0, 0, 0, 0, 0
  PE(9) Inst(8) Data3:
remuRedist Tags (tagWidth=16): 0, 0, 0, 0, 0, 0, 0, 0, 0, 0, 0, 0, 0, 0, 0, 0
remuRedist Forward bitvector (len=16): 0, 0, 0, 0, 0, 0, 0, 0, 0, 0, 0, 0, 0, 0, 0, 0
  PE(9) Inst(9) Data0:
remuRedist Tags (tagWidth=16): 0, 0, 0, 0, 0, 0, 0, 0, 0, 0, 0, 0, 0, 0, 0, 0
remuRedist Forward bitvector (len=16): 0, 0, 0, 0, 0, 0, 0, 0, 0, 0, 0, 0, 0, 0, 0, 0
  PE(9) Inst(9) Data1:
remuRedist Tags (tagWidth=16): 0, 0, 0, 0, 0, 0, 0, 0, 0, 0, 0, 0, 0, 0, 0, 0
remuRedist Forward bitvector (len=16): 0, 0, 0, 0, 0, 0, 0, 0, 0, 0, 0, 0, 0, 0, 0, 0
  PE(9) Inst(9) Data2:
remuRedist Tags (tagWidth=16): 0, 0, 0, 0, 0, 0, 0, 0, 0, 0, 0, 0, 0, 0, 0, 0
remuRedist Forward bitvector (len=16): 0, 0, 0, 0, 0, 0, 0, 0, 0, 0, 0, 0, 0, 0, 0, 0
  PE(9) Inst(9) Data3:
remuRedist Tags (tagWidth=16): 0, 0, 0, 0, 0, 0, 0, 0, 0, 0, 0, 0, 0, 0, 0, 0
remuRedist Forward bitvector (len=16): 0, 0, 0, 0, 0, 0, 0, 0, 0, 0, 0, 0, 0, 0, 0, 0
  PE(9) Inst(10) Data0:
remuRedist Tags (tagWidth=16): 0, 0, 0, 0, 0, 0, 0, 0, 0, 0, 0, 0, 0, 0, 0, 0
remuRedist Forward bitvector (len=16): 0, 0, 0, 0, 0, 0, 0, 0, 0, 0, 0, 0, 0, 0, 0, 0
  PE(9) Inst(10) Data1:
remuRedist Tags (tagWidth=16): 0, 0, 0, 0, 0, 0, 0, 0, 0, 0, 0, 0, 0, 0, 0, 0
remuRedist Forward bitvector (len=16): 0, 0, 0, 0, 0, 0, 0, 0, 0, 0, 0, 0, 0, 0, 0, 0
  PE(9) Inst(10) Data2:
remuRedist Tags (tagWidth=16): 0, 0, 0, 0, 0, 0, 0, 0, 0, 0, 0, 0, 0, 0, 0, 0
remuRedist Forward bitvector (len=16): 0, 0, 0, 0, 0, 0, 0, 0, 0, 0, 0, 0, 0, 0, 0, 0
  PE(9) Inst(10) Data3:
remuRedist Tags (tagWidth=16): 0, 0, 0, 0, 0, 0, 0, 0, 0, 0, 0, 0, 0, 0, 0, 0
remuRedist Forward bitvector (len=16): 0, 0, 0, 0, 0, 0, 0, 0, 0, 0, 0, 0, 0, 0, 0, 0
  PE(9) Inst(11) Data0:
remuRedist Tags (tagWidth=16): 0, 0, 0, 0, 0, 0, 0, 0, 0, 0, 0, 0, 0, 0, 0, 0
remuRedist Forward bitvector (len=16): 0, 0, 0, 0, 0, 0, 0, 0, 0, 0, 0, 0, 0, 0, 0, 0
  PE(9) Inst(11) Data1:
remuRedist Tags (tagWidth=16): 0, 0, 0, 0, 0, 0, 0, 0, 0, 0, 0, 0, 0, 0, 0, 0
remuRedist Forward bitvector (len=16): 0, 0, 0, 0, 0, 0, 0, 0, 0, 0, 0, 0, 0, 0, 0, 0
  PE(9) Inst(11) Data2:
remuRedist Tags (tagWidth=16): 0, 0, 0, 0, 0, 0, 0, 0, 0, 0, 0, 0, 0, 0, 0, 0
remuRedist Forward bitvector (len=16): 0, 0, 0, 0, 0, 0, 0, 0, 0, 0, 0, 0, 0, 0, 0, 0
  PE(9) Inst(11) Data3:
remuRedist Tags (tagWidth=16): 0, 0, 0, 0, 0, 0, 0, 0, 0, 0, 0, 0, 0, 0, 0, 0
remuRedist Forward bitvector (len=16): 0, 0, 0, 0, 0, 0, 0, 0, 0, 0, 0, 0, 0, 0, 0, 0
  PE(9) Inst(12) Data0:
remuRedist Tags (tagWidth=16): 0, 0, 0, 0, 0, 0, 0, 0, 0, 0, 0, 0, 0, 0, 0, 0
remuRedist Forward bitvector (len=16): 0, 0, 0, 0, 0, 0, 0, 0, 0, 0, 0, 0, 0, 0, 0, 0
  PE(9) Inst(12) Data1:
remuRedist Tags (tagWidth=16): 0, 0, 0, 0, 0, 0, 0, 0, 0, 0, 0, 0, 0, 0, 0, 0
remuRedist Forward bitvector (len=16): 0, 0, 0, 0, 0, 0, 0, 0, 0, 0, 0, 0, 0, 0, 0, 0
  PE(9) Inst(12) Data2:
remuRedist Tags (tagWidth=16): 0, 0, 0, 0, 0, 0, 0, 0, 0, 0, 0, 0, 0, 0, 0, 0
remuRedist Forward bitvector (len=16): 0, 0, 0, 0, 0, 0, 0, 0, 0, 0, 0, 0, 0, 0, 0, 0
  PE(9) Inst(12) Data3:
remuRedist Tags (tagWidth=16): 0, 0, 0, 0, 0, 0, 0, 0, 0, 0, 0, 0, 0, 0, 0, 0
remuRedist Forward bitvector (len=16): 0, 0, 0, 0, 0, 0, 0, 0, 0, 0, 0, 0, 0, 0, 0, 0
  PE(9) Inst(13) Data0:
remuRedist Tags (tagWidth=16): 0, 0, 0, 0, 0, 0, 0, 0, 0, 0, 0, 0, 0, 0, 0, 0
remuRedist Forward bitvector (len=16): 0, 0, 0, 0, 0, 0, 0, 0, 0, 0, 0, 0, 0, 0, 0, 0
  PE(9) Inst(13) Data1:
remuRedist Tags (tagWidth=16): 0, 0, 0, 0, 0, 0, 0, 0, 0, 0, 0, 0, 0, 0, 0, 0
remuRedist Forward bitvector (len=16): 0, 0, 0, 0, 0, 0, 0, 0, 0, 0, 0, 0, 0, 0, 0, 0
  PE(9) Inst(13) Data2:
remuRedist Tags (tagWidth=16): 0, 0, 0, 0, 0, 0, 0, 0, 0, 0, 0, 0, 0, 0, 0, 0
remuRedist Forward bitvector (len=16): 0, 0, 0, 0, 0, 0, 0, 0, 0, 0, 0, 0, 0, 0, 0, 0
  PE(9) Inst(13) Data3:
remuRedist Tags (tagWidth=16): 0, 0, 0, 0, 0, 0, 0, 0, 0, 0, 0, 0, 0, 0, 0, 0
remuRedist Forward bitvector (len=16): 0, 0, 0, 0, 0, 0, 0, 0, 0, 0, 0, 0, 0, 0, 0, 0
  PE(9) Inst(14) Data0:
remuRedist Tags (tagWidth=16): 0, 0, 0, 0, 0, 0, 0, 0, 0, 0, 0, 0, 0, 0, 0, 0
remuRedist Forward bitvector (len=16): 0, 0, 0, 0, 0, 0, 0, 0, 0, 0, 0, 0, 0, 0, 0, 0
  PE(9) Inst(14) Data1:
remuRedist Tags (tagWidth=16): 0, 0, 0, 0, 0, 0, 0, 0, 0, 0, 0, 0, 0, 0, 0, 0
remuRedist Forward bitvector (len=16): 0, 0, 0, 0, 0, 0, 0, 0, 0, 0, 0, 0, 0, 0, 0, 0
  PE(9) Inst(14) Data2:
remuRedist Tags (tagWidth=16): 0, 0, 0, 0, 0, 0, 0, 0, 0, 0, 0, 0, 0, 0, 0, 0
remuRedist Forward bitvector (len=16): 0, 0, 0, 0, 0, 0, 0, 0, 0, 0, 0, 0, 0, 0, 0, 0
  PE(9) Inst(14) Data3:
remuRedist Tags (tagWidth=16): 0, 0, 0, 0, 0, 0, 0, 0, 0, 0, 0, 0, 0, 0, 0, 0
remuRedist Forward bitvector (len=16): 0, 0, 0, 0, 0, 0, 0, 0, 0, 0, 0, 0, 0, 0, 0, 0
  PE(9) Inst(15) Data0:
remuRedist Tags (tagWidth=16): 0, 0, 0, 0, 0, 0, 0, 0, 0, 0, 0, 0, 0, 0, 0, 0
remuRedist Forward bitvector (len=16): 0, 0, 0, 0, 0, 0, 0, 0, 0, 0, 0, 0, 0, 0, 0, 0
  PE(9) Inst(15) Data1:
remuRedist Tags (tagWidth=16): 0, 0, 0, 0, 0, 0, 0, 0, 0, 0, 0, 0, 0, 0, 0, 0
remuRedist Forward bitvector (len=16): 0, 0, 0, 0, 0, 0, 0, 0, 0, 0, 0, 0, 0, 0, 0, 0
  PE(9) Inst(15) Data2:
remuRedist Tags (tagWidth=16): 0, 0, 0, 0, 0, 0, 0, 0, 0, 0, 0, 0, 0, 0, 0, 0
remuRedist Forward bitvector (len=16): 0, 0, 0, 0, 0, 0, 0, 0, 0, 0, 0, 0, 0, 0, 0, 0
  PE(9) Inst(15) Data3:
remuRedist Tags (tagWidth=16): 0, 0, 0, 0, 0, 0, 0, 0, 0, 0, 0, 0, 0, 0, 0, 0
remuRedist Forward bitvector (len=16): 0, 0, 0, 0, 0, 0, 0, 0, 0, 0, 0, 0, 0, 0, 0, 0
remuRedist(10):
  PE(10) Inst(0) Data0:
remuRedist Tags (tagWidth=16): 0, 1, 0, 0, 1, 1, 0, 0, 0, 0, 0, 0, 0, 0, 0, 0
remuRedist Forward bitvector (len=16): 1, 0, 0, 0, 0, 0, 0, 0, 0, 0, 0, 0, 0, 0, 0, 0
  PE(10) Inst(0) Data1:
remuRedist Tags (tagWidth=16): 0, 0, 0, 0, 0, 0, 0, 0, 0, 0, 0, 0, 0, 0, 0, 0
remuRedist Forward bitvector (len=16): 0, 0, 0, 0, 0, 0, 0, 0, 0, 0, 0, 0, 0, 0, 0, 0
  PE(10) Inst(0) Data2:
remuRedist Tags (tagWidth=16): 0, 0, 0, 0, 0, 0, 0, 0, 0, 0, 0, 0, 0, 0, 0, 0
remuRedist Forward bitvector (len=16): 0, 0, 0, 0, 0, 0, 0, 0, 0, 0, 0, 0, 0, 0, 0, 0
  PE(10) Inst(0) Data3:
remuRedist Tags (tagWidth=16): 0, 0, 0, 0, 0, 0, 0, 0, 0, 0, 0, 0, 0, 0, 0, 0
remuRedist Forward bitvector (len=16): 0, 0, 0, 0, 0, 0, 0, 0, 0, 0, 0, 0, 0, 0, 0, 0
  PE(10) Inst(1) Data0:
remuRedist Tags (tagWidth=16): 0, 0, 0, 0, 0, 0, 0, 0, 0, 0, 0, 0, 0, 0, 0, 0
remuRedist Forward bitvector (len=16): 0, 0, 0, 0, 0, 0, 0, 0, 0, 0, 0, 0, 0, 0, 0, 0
  PE(10) Inst(1) Data1:
remuRedist Tags (tagWidth=16): 0, 0, 0, 0, 0, 0, 0, 0, 0, 0, 0, 0, 0, 0, 0, 0
remuRedist Forward bitvector (len=16): 0, 0, 0, 0, 0, 0, 0, 0, 0, 0, 0, 0, 0, 0, 0, 0
  PE(10) Inst(1) Data2:
remuRedist Tags (tagWidth=16): 0, 0, 0, 0, 0, 0, 0, 0, 0, 0, 0, 0, 0, 0, 0, 0
remuRedist Forward bitvector (len=16): 0, 0, 0, 0, 0, 0, 0, 0, 0, 0, 0, 0, 0, 0, 0, 0
  PE(10) Inst(1) Data3:
remuRedist Tags (tagWidth=16): 0, 0, 0, 0, 0, 0, 0, 0, 0, 0, 0, 0, 0, 0, 0, 0
remuRedist Forward bitvector (len=16): 0, 0, 0, 0, 0, 0, 0, 0, 0, 0, 0, 0, 0, 0, 0, 0
  PE(10) Inst(2) Data0:
remuRedist Tags (tagWidth=16): 0, 0, 0, 0, 0, 0, 0, 0, 0, 0, 0, 0, 0, 0, 0, 0
remuRedist Forward bitvector (len=16): 0, 0, 0, 0, 0, 0, 0, 0, 0, 0, 0, 0, 0, 0, 0, 0
  PE(10) Inst(2) Data1:
remuRedist Tags (tagWidth=16): 0, 0, 0, 0, 0, 0, 0, 0, 0, 0, 0, 0, 0, 0, 0, 0
remuRedist Forward bitvector (len=16): 0, 0, 0, 0, 0, 0, 0, 0, 0, 0, 0, 0, 0, 0, 0, 0
  PE(10) Inst(2) Data2:
remuRedist Tags (tagWidth=16): 0, 0, 0, 0, 0, 0, 0, 0, 0, 0, 0, 0, 0, 0, 0, 0
remuRedist Forward bitvector (len=16): 0, 0, 0, 0, 0, 0, 0, 0, 0, 0, 0, 0, 0, 0, 0, 0
  PE(10) Inst(2) Data3:
remuRedist Tags (tagWidth=16): 0, 0, 0, 0, 0, 0, 0, 0, 0, 0, 0, 0, 0, 0, 0, 0
remuRedist Forward bitvector (len=16): 0, 0, 0, 0, 0, 0, 0, 0, 0, 0, 0, 0, 0, 0, 0, 0
  PE(10) Inst(3) Data0:
remuRedist Tags (tagWidth=16): 0, 0, 0, 0, 0, 0, 0, 0, 0, 0, 0, 0, 0, 0, 0, 0
remuRedist Forward bitvector (len=16): 0, 0, 0, 0, 0, 0, 0, 0, 0, 0, 0, 0, 0, 0, 0, 0
  PE(10) Inst(3) Data1:
remuRedist Tags (tagWidth=16): 0, 0, 0, 0, 0, 0, 0, 0, 0, 0, 0, 0, 0, 0, 0, 0
remuRedist Forward bitvector (len=16): 0, 0, 0, 0, 0, 0, 0, 0, 0, 0, 0, 0, 0, 0, 0, 0
  PE(10) Inst(3) Data2:
remuRedist Tags (tagWidth=16): 0, 0, 0, 0, 0, 0, 0, 0, 0, 0, 0, 0, 0, 0, 0, 0
remuRedist Forward bitvector (len=16): 0, 0, 0, 0, 0, 0, 0, 0, 0, 0, 0, 0, 0, 0, 0, 0
  PE(10) Inst(3) Data3:
remuRedist Tags (tagWidth=16): 0, 0, 0, 0, 0, 0, 0, 0, 0, 0, 0, 0, 0, 0, 0, 0
remuRedist Forward bitvector (len=16): 0, 0, 0, 0, 0, 0, 0, 0, 0, 0, 0, 0, 0, 0, 0, 0
  PE(10) Inst(4) Data0:
remuRedist Tags (tagWidth=16): 0, 0, 0, 0, 0, 0, 0, 0, 0, 0, 0, 0, 0, 0, 0, 0
remuRedist Forward bitvector (len=16): 0, 0, 0, 0, 0, 0, 0, 0, 0, 0, 0, 0, 0, 0, 0, 0
  PE(10) Inst(4) Data1:
remuRedist Tags (tagWidth=16): 0, 0, 0, 0, 0, 0, 0, 0, 0, 0, 0, 0, 0, 0, 0, 0
remuRedist Forward bitvector (len=16): 0, 0, 0, 0, 0, 0, 0, 0, 0, 0, 0, 0, 0, 0, 0, 0
  PE(10) Inst(4) Data2:
remuRedist Tags (tagWidth=16): 0, 0, 0, 0, 0, 0, 0, 0, 0, 0, 0, 0, 0, 0, 0, 0
remuRedist Forward bitvector (len=16): 0, 0, 0, 0, 0, 0, 0, 0, 0, 0, 0, 0, 0, 0, 0, 0
  PE(10) Inst(4) Data3:
remuRedist Tags (tagWidth=16): 0, 0, 0, 0, 0, 0, 0, 0, 0, 0, 0, 0, 0, 0, 0, 0
remuRedist Forward bitvector (len=16): 0, 0, 0, 0, 0, 0, 0, 0, 0, 0, 0, 0, 0, 0, 0, 0
  PE(10) Inst(5) Data0:
remuRedist Tags (tagWidth=16): 0, 0, 0, 0, 0, 0, 0, 0, 0, 0, 0, 0, 0, 0, 0, 0
remuRedist Forward bitvector (len=16): 0, 0, 0, 0, 0, 0, 0, 0, 0, 0, 0, 0, 0, 0, 0, 0
  PE(10) Inst(5) Data1:
remuRedist Tags (tagWidth=16): 0, 0, 0, 0, 0, 0, 0, 0, 0, 0, 0, 0, 0, 0, 0, 0
remuRedist Forward bitvector (len=16): 0, 0, 0, 0, 0, 0, 0, 0, 0, 0, 0, 0, 0, 0, 0, 0
  PE(10) Inst(5) Data2:
remuRedist Tags (tagWidth=16): 0, 0, 0, 0, 0, 0, 0, 0, 0, 0, 0, 0, 0, 0, 0, 0
remuRedist Forward bitvector (len=16): 0, 0, 0, 0, 0, 0, 0, 0, 0, 0, 0, 0, 0, 0, 0, 0
  PE(10) Inst(5) Data3:
remuRedist Tags (tagWidth=16): 0, 0, 0, 0, 0, 0, 0, 0, 0, 0, 0, 0, 0, 0, 0, 0
remuRedist Forward bitvector (len=16): 0, 0, 0, 0, 0, 0, 0, 0, 0, 0, 0, 0, 0, 0, 0, 0
  PE(10) Inst(6) Data0:
remuRedist Tags (tagWidth=16): 0, 0, 0, 0, 0, 0, 0, 0, 0, 0, 0, 0, 0, 0, 0, 0
remuRedist Forward bitvector (len=16): 0, 0, 0, 0, 0, 0, 0, 0, 0, 0, 0, 0, 0, 0, 0, 0
  PE(10) Inst(6) Data1:
remuRedist Tags (tagWidth=16): 0, 0, 0, 0, 0, 0, 0, 0, 0, 0, 0, 0, 0, 0, 0, 0
remuRedist Forward bitvector (len=16): 0, 0, 0, 0, 0, 0, 0, 0, 0, 0, 0, 0, 0, 0, 0, 0
  PE(10) Inst(6) Data2:
remuRedist Tags (tagWidth=16): 0, 0, 0, 0, 0, 0, 0, 0, 0, 0, 0, 0, 0, 0, 0, 0
remuRedist Forward bitvector (len=16): 0, 0, 0, 0, 0, 0, 0, 0, 0, 0, 0, 0, 0, 0, 0, 0
  PE(10) Inst(6) Data3:
remuRedist Tags (tagWidth=16): 0, 0, 0, 0, 0, 0, 0, 0, 0, 0, 0, 0, 0, 0, 0, 0
remuRedist Forward bitvector (len=16): 0, 0, 0, 0, 0, 0, 0, 0, 0, 0, 0, 0, 0, 0, 0, 0
  PE(10) Inst(7) Data0:
remuRedist Tags (tagWidth=16): 0, 0, 0, 0, 0, 0, 0, 0, 0, 0, 0, 0, 0, 0, 0, 0
remuRedist Forward bitvector (len=16): 0, 0, 0, 0, 0, 0, 0, 0, 0, 0, 0, 0, 0, 0, 0, 0
  PE(10) Inst(7) Data1:
remuRedist Tags (tagWidth=16): 0, 0, 0, 0, 0, 0, 0, 0, 0, 0, 0, 0, 0, 0, 0, 0
remuRedist Forward bitvector (len=16): 0, 0, 0, 0, 0, 0, 0, 0, 0, 0, 0, 0, 0, 0, 0, 0
  PE(10) Inst(7) Data2:
remuRedist Tags (tagWidth=16): 0, 0, 0, 0, 0, 0, 0, 0, 0, 0, 0, 0, 0, 0, 0, 0
remuRedist Forward bitvector (len=16): 0, 0, 0, 0, 0, 0, 0, 0, 0, 0, 0, 0, 0, 0, 0, 0
  PE(10) Inst(7) Data3:
remuRedist Tags (tagWidth=16): 0, 0, 0, 0, 0, 0, 0, 0, 0, 0, 0, 0, 0, 0, 0, 0
remuRedist Forward bitvector (len=16): 0, 0, 0, 0, 0, 0, 0, 0, 0, 0, 0, 0, 0, 0, 0, 0
  PE(10) Inst(8) Data0:
remuRedist Tags (tagWidth=16): 0, 0, 0, 0, 0, 0, 0, 0, 0, 0, 0, 0, 0, 0, 0, 0
remuRedist Forward bitvector (len=16): 0, 0, 0, 0, 0, 0, 0, 0, 0, 0, 0, 0, 0, 0, 0, 0
  PE(10) Inst(8) Data1:
remuRedist Tags (tagWidth=16): 0, 0, 0, 0, 0, 0, 0, 0, 0, 0, 0, 0, 0, 0, 0, 0
remuRedist Forward bitvector (len=16): 0, 0, 0, 0, 0, 0, 0, 0, 0, 0, 0, 0, 0, 0, 0, 0
  PE(10) Inst(8) Data2:
remuRedist Tags (tagWidth=16): 0, 0, 0, 0, 0, 0, 0, 0, 0, 0, 0, 0, 0, 0, 0, 0
remuRedist Forward bitvector (len=16): 0, 0, 0, 0, 0, 0, 0, 0, 0, 0, 0, 0, 0, 0, 0, 0
  PE(10) Inst(8) Data3:
remuRedist Tags (tagWidth=16): 0, 0, 0, 0, 0, 0, 0, 0, 0, 0, 0, 0, 0, 0, 0, 0
remuRedist Forward bitvector (len=16): 0, 0, 0, 0, 0, 0, 0, 0, 0, 0, 0, 0, 0, 0, 0, 0
  PE(10) Inst(9) Data0:
remuRedist Tags (tagWidth=16): 0, 0, 0, 0, 0, 0, 0, 0, 0, 0, 0, 0, 0, 0, 0, 0
remuRedist Forward bitvector (len=16): 0, 0, 0, 0, 0, 0, 0, 0, 0, 0, 0, 0, 0, 0, 0, 0
  PE(10) Inst(9) Data1:
remuRedist Tags (tagWidth=16): 0, 0, 0, 0, 0, 0, 0, 0, 0, 0, 0, 0, 0, 0, 0, 0
remuRedist Forward bitvector (len=16): 0, 0, 0, 0, 0, 0, 0, 0, 0, 0, 0, 0, 0, 0, 0, 0
  PE(10) Inst(9) Data2:
remuRedist Tags (tagWidth=16): 0, 0, 0, 0, 0, 0, 0, 0, 0, 0, 0, 0, 0, 0, 0, 0
remuRedist Forward bitvector (len=16): 0, 0, 0, 0, 0, 0, 0, 0, 0, 0, 0, 0, 0, 0, 0, 0
  PE(10) Inst(9) Data3:
remuRedist Tags (tagWidth=16): 0, 0, 0, 0, 0, 0, 0, 0, 0, 0, 0, 0, 0, 0, 0, 0
remuRedist Forward bitvector (len=16): 0, 0, 0, 0, 0, 0, 0, 0, 0, 0, 0, 0, 0, 0, 0, 0
  PE(10) Inst(10) Data0:
remuRedist Tags (tagWidth=16): 0, 0, 0, 0, 0, 0, 0, 0, 0, 0, 0, 0, 0, 0, 0, 0
remuRedist Forward bitvector (len=16): 0, 0, 0, 0, 0, 0, 0, 0, 0, 0, 0, 0, 0, 0, 0, 0
  PE(10) Inst(10) Data1:
remuRedist Tags (tagWidth=16): 0, 0, 0, 0, 0, 0, 0, 0, 0, 0, 0, 0, 0, 0, 0, 0
remuRedist Forward bitvector (len=16): 0, 0, 0, 0, 0, 0, 0, 0, 0, 0, 0, 0, 0, 0, 0, 0
  PE(10) Inst(10) Data2:
remuRedist Tags (tagWidth=16): 0, 0, 0, 0, 0, 0, 0, 0, 0, 0, 0, 0, 0, 0, 0, 0
remuRedist Forward bitvector (len=16): 0, 0, 0, 0, 0, 0, 0, 0, 0, 0, 0, 0, 0, 0, 0, 0
  PE(10) Inst(10) Data3:
remuRedist Tags (tagWidth=16): 0, 0, 0, 0, 0, 0, 0, 0, 0, 0, 0, 0, 0, 0, 0, 0
remuRedist Forward bitvector (len=16): 0, 0, 0, 0, 0, 0, 0, 0, 0, 0, 0, 0, 0, 0, 0, 0
  PE(10) Inst(11) Data0:
remuRedist Tags (tagWidth=16): 0, 0, 0, 0, 0, 0, 0, 0, 0, 0, 0, 0, 0, 0, 0, 0
remuRedist Forward bitvector (len=16): 0, 0, 0, 0, 0, 0, 0, 0, 0, 0, 0, 0, 0, 0, 0, 0
  PE(10) Inst(11) Data1:
remuRedist Tags (tagWidth=16): 0, 0, 0, 0, 0, 0, 0, 0, 0, 0, 0, 0, 0, 0, 0, 0
remuRedist Forward bitvector (len=16): 0, 0, 0, 0, 0, 0, 0, 0, 0, 0, 0, 0, 0, 0, 0, 0
  PE(10) Inst(11) Data2:
remuRedist Tags (tagWidth=16): 0, 0, 0, 0, 0, 0, 0, 0, 0, 0, 0, 0, 0, 0, 0, 0
remuRedist Forward bitvector (len=16): 0, 0, 0, 0, 0, 0, 0, 0, 0, 0, 0, 0, 0, 0, 0, 0
  PE(10) Inst(11) Data3:
remuRedist Tags (tagWidth=16): 0, 0, 0, 0, 0, 0, 0, 0, 0, 0, 0, 0, 0, 0, 0, 0
remuRedist Forward bitvector (len=16): 0, 0, 0, 0, 0, 0, 0, 0, 0, 0, 0, 0, 0, 0, 0, 0
  PE(10) Inst(12) Data0:
remuRedist Tags (tagWidth=16): 0, 0, 0, 0, 0, 0, 0, 0, 0, 0, 0, 0, 0, 0, 0, 0
remuRedist Forward bitvector (len=16): 0, 0, 0, 0, 0, 0, 0, 0, 0, 0, 0, 0, 0, 0, 0, 0
  PE(10) Inst(12) Data1:
remuRedist Tags (tagWidth=16): 0, 0, 0, 0, 0, 0, 0, 0, 0, 0, 0, 0, 0, 0, 0, 0
remuRedist Forward bitvector (len=16): 0, 0, 0, 0, 0, 0, 0, 0, 0, 0, 0, 0, 0, 0, 0, 0
  PE(10) Inst(12) Data2:
remuRedist Tags (tagWidth=16): 0, 0, 0, 0, 0, 0, 0, 0, 0, 0, 0, 0, 0, 0, 0, 0
remuRedist Forward bitvector (len=16): 0, 0, 0, 0, 0, 0, 0, 0, 0, 0, 0, 0, 0, 0, 0, 0
  PE(10) Inst(12) Data3:
remuRedist Tags (tagWidth=16): 0, 0, 0, 0, 0, 0, 0, 0, 0, 0, 0, 0, 0, 0, 0, 0
remuRedist Forward bitvector (len=16): 0, 0, 0, 0, 0, 0, 0, 0, 0, 0, 0, 0, 0, 0, 0, 0
  PE(10) Inst(13) Data0:
remuRedist Tags (tagWidth=16): 0, 0, 0, 0, 0, 0, 0, 0, 0, 0, 0, 0, 0, 0, 0, 0
remuRedist Forward bitvector (len=16): 0, 0, 0, 0, 0, 0, 0, 0, 0, 0, 0, 0, 0, 0, 0, 0
  PE(10) Inst(13) Data1:
remuRedist Tags (tagWidth=16): 0, 0, 0, 0, 0, 0, 0, 0, 0, 0, 0, 0, 0, 0, 0, 0
remuRedist Forward bitvector (len=16): 0, 0, 0, 0, 0, 0, 0, 0, 0, 0, 0, 0, 0, 0, 0, 0
  PE(10) Inst(13) Data2:
remuRedist Tags (tagWidth=16): 0, 0, 0, 0, 0, 0, 0, 0, 0, 0, 0, 0, 0, 0, 0, 0
remuRedist Forward bitvector (len=16): 0, 0, 0, 0, 0, 0, 0, 0, 0, 0, 0, 0, 0, 0, 0, 0
  PE(10) Inst(13) Data3:
remuRedist Tags (tagWidth=16): 0, 0, 0, 0, 0, 0, 0, 0, 0, 0, 0, 0, 0, 0, 0, 0
remuRedist Forward bitvector (len=16): 0, 0, 0, 0, 0, 0, 0, 0, 0, 0, 0, 0, 0, 0, 0, 0
  PE(10) Inst(14) Data0:
remuRedist Tags (tagWidth=16): 0, 0, 0, 0, 0, 0, 0, 0, 0, 0, 0, 0, 0, 0, 0, 0
remuRedist Forward bitvector (len=16): 0, 0, 0, 0, 0, 0, 0, 0, 0, 0, 0, 0, 0, 0, 0, 0
  PE(10) Inst(14) Data1:
remuRedist Tags (tagWidth=16): 0, 0, 0, 0, 0, 0, 0, 0, 0, 0, 0, 0, 0, 0, 0, 0
remuRedist Forward bitvector (len=16): 0, 0, 0, 0, 0, 0, 0, 0, 0, 0, 0, 0, 0, 0, 0, 0
  PE(10) Inst(14) Data2:
remuRedist Tags (tagWidth=16): 0, 0, 0, 0, 0, 0, 0, 0, 0, 0, 0, 0, 0, 0, 0, 0
remuRedist Forward bitvector (len=16): 0, 0, 0, 0, 0, 0, 0, 0, 0, 0, 0, 0, 0, 0, 0, 0
  PE(10) Inst(14) Data3:
remuRedist Tags (tagWidth=16): 0, 0, 0, 0, 0, 0, 0, 0, 0, 0, 0, 0, 0, 0, 0, 0
remuRedist Forward bitvector (len=16): 0, 0, 0, 0, 0, 0, 0, 0, 0, 0, 0, 0, 0, 0, 0, 0
  PE(10) Inst(15) Data0:
remuRedist Tags (tagWidth=16): 0, 0, 0, 0, 0, 0, 0, 0, 0, 0, 0, 0, 0, 0, 0, 0
remuRedist Forward bitvector (len=16): 0, 0, 0, 0, 0, 0, 0, 0, 0, 0, 0, 0, 0, 0, 0, 0
  PE(10) Inst(15) Data1:
remuRedist Tags (tagWidth=16): 0, 0, 0, 0, 0, 0, 0, 0, 0, 0, 0, 0, 0, 0, 0, 0
remuRedist Forward bitvector (len=16): 0, 0, 0, 0, 0, 0, 0, 0, 0, 0, 0, 0, 0, 0, 0, 0
  PE(10) Inst(15) Data2:
remuRedist Tags (tagWidth=16): 0, 0, 0, 0, 0, 0, 0, 0, 0, 0, 0, 0, 0, 0, 0, 0
remuRedist Forward bitvector (len=16): 0, 0, 0, 0, 0, 0, 0, 0, 0, 0, 0, 0, 0, 0, 0, 0
  PE(10) Inst(15) Data3:
remuRedist Tags (tagWidth=16): 0, 0, 0, 0, 0, 0, 0, 0, 0, 0, 0, 0, 0, 0, 0, 0
remuRedist Forward bitvector (len=16): 0, 0, 0, 0, 0, 0, 0, 0, 0, 0, 0, 0, 0, 0, 0, 0
remuRedist(11):
  PE(11) Inst(0) Data0:
remuRedist Tags (tagWidth=16): 0, 0, 0, 0, 0, 0, 0, 0, 0, 0, 0, 0, 0, 0, 0, 0
remuRedist Forward bitvector (len=16): 0, 0, 0, 0, 0, 0, 0, 0, 0, 0, 0, 0, 0, 0, 0, 0
  PE(11) Inst(0) Data1:
remuRedist Tags (tagWidth=16): 0, 0, 0, 0, 0, 0, 0, 0, 0, 0, 0, 0, 0, 0, 0, 0
remuRedist Forward bitvector (len=16): 0, 0, 0, 0, 0, 0, 0, 0, 0, 0, 0, 0, 0, 0, 0, 0
  PE(11) Inst(0) Data2:
remuRedist Tags (tagWidth=16): 0, 0, 0, 0, 0, 0, 0, 0, 0, 0, 0, 0, 0, 0, 0, 0
remuRedist Forward bitvector (len=16): 0, 0, 0, 0, 0, 0, 0, 0, 0, 0, 0, 0, 0, 0, 0, 0
  PE(11) Inst(0) Data3:
remuRedist Tags (tagWidth=16): 0, 0, 0, 0, 0, 0, 0, 0, 0, 0, 0, 0, 0, 0, 0, 0
remuRedist Forward bitvector (len=16): 0, 0, 0, 0, 0, 0, 0, 0, 0, 0, 0, 0, 0, 0, 0, 0
  PE(11) Inst(1) Data0:
remuRedist Tags (tagWidth=16): 0, 0, 0, 0, 0, 0, 0, 0, 0, 0, 0, 0, 0, 0, 0, 0
remuRedist Forward bitvector (len=16): 0, 0, 0, 0, 0, 0, 0, 0, 0, 0, 0, 0, 0, 0, 0, 0
  PE(11) Inst(1) Data1:
remuRedist Tags (tagWidth=16): 0, 0, 0, 0, 0, 0, 0, 0, 0, 0, 0, 0, 0, 0, 0, 0
remuRedist Forward bitvector (len=16): 0, 0, 0, 0, 0, 0, 0, 0, 0, 0, 0, 0, 0, 0, 0, 0
  PE(11) Inst(1) Data2:
remuRedist Tags (tagWidth=16): 0, 0, 0, 0, 0, 0, 0, 0, 0, 0, 0, 0, 0, 0, 0, 0
remuRedist Forward bitvector (len=16): 0, 0, 0, 0, 0, 0, 0, 0, 0, 0, 0, 0, 0, 0, 0, 0
  PE(11) Inst(1) Data3:
remuRedist Tags (tagWidth=16): 0, 0, 0, 0, 0, 0, 0, 0, 0, 0, 0, 0, 0, 0, 0, 0
remuRedist Forward bitvector (len=16): 0, 0, 0, 0, 0, 0, 0, 0, 0, 0, 0, 0, 0, 0, 0, 0
  PE(11) Inst(2) Data0:
remuRedist Tags (tagWidth=16): 0, 0, 0, 0, 0, 0, 0, 0, 0, 0, 0, 0, 0, 0, 0, 0
remuRedist Forward bitvector (len=16): 0, 0, 0, 0, 0, 0, 0, 0, 0, 0, 0, 0, 0, 0, 0, 0
  PE(11) Inst(2) Data1:
remuRedist Tags (tagWidth=16): 0, 0, 0, 0, 0, 0, 0, 0, 0, 0, 0, 0, 0, 0, 0, 0
remuRedist Forward bitvector (len=16): 0, 0, 0, 0, 0, 0, 0, 0, 0, 0, 0, 0, 0, 0, 0, 0
  PE(11) Inst(2) Data2:
remuRedist Tags (tagWidth=16): 0, 0, 0, 0, 0, 0, 0, 0, 0, 0, 0, 0, 0, 0, 0, 0
remuRedist Forward bitvector (len=16): 0, 0, 0, 0, 0, 0, 0, 0, 0, 0, 0, 0, 0, 0, 0, 0
  PE(11) Inst(2) Data3:
remuRedist Tags (tagWidth=16): 0, 0, 0, 0, 0, 0, 0, 0, 0, 0, 0, 0, 0, 0, 0, 0
remuRedist Forward bitvector (len=16): 0, 0, 0, 0, 0, 0, 0, 0, 0, 0, 0, 0, 0, 0, 0, 0
  PE(11) Inst(3) Data0:
remuRedist Tags (tagWidth=16): 0, 0, 0, 0, 0, 0, 0, 0, 0, 0, 0, 0, 0, 0, 0, 0
remuRedist Forward bitvector (len=16): 0, 0, 0, 0, 0, 0, 0, 0, 0, 0, 0, 0, 0, 0, 0, 0
  PE(11) Inst(3) Data1:
remuRedist Tags (tagWidth=16): 0, 0, 0, 0, 0, 0, 0, 0, 0, 0, 0, 0, 0, 0, 0, 0
remuRedist Forward bitvector (len=16): 0, 0, 0, 0, 0, 0, 0, 0, 0, 0, 0, 0, 0, 0, 0, 0
  PE(11) Inst(3) Data2:
remuRedist Tags (tagWidth=16): 0, 0, 0, 0, 0, 0, 0, 0, 0, 0, 0, 0, 0, 0, 0, 0
remuRedist Forward bitvector (len=16): 0, 0, 0, 0, 0, 0, 0, 0, 0, 0, 0, 0, 0, 0, 0, 0
  PE(11) Inst(3) Data3:
remuRedist Tags (tagWidth=16): 0, 0, 0, 0, 0, 0, 0, 0, 0, 0, 0, 0, 0, 0, 0, 0
remuRedist Forward bitvector (len=16): 0, 0, 0, 0, 0, 0, 0, 0, 0, 0, 0, 0, 0, 0, 0, 0
  PE(11) Inst(4) Data0:
remuRedist Tags (tagWidth=16): 0, 0, 0, 0, 0, 0, 0, 0, 0, 0, 0, 0, 0, 0, 0, 0
remuRedist Forward bitvector (len=16): 0, 0, 0, 0, 0, 0, 0, 0, 0, 0, 0, 0, 0, 0, 0, 0
  PE(11) Inst(4) Data1:
remuRedist Tags (tagWidth=16): 0, 0, 0, 0, 0, 0, 0, 0, 0, 0, 0, 0, 0, 0, 0, 0
remuRedist Forward bitvector (len=16): 0, 0, 0, 0, 0, 0, 0, 0, 0, 0, 0, 0, 0, 0, 0, 0
  PE(11) Inst(4) Data2:
remuRedist Tags (tagWidth=16): 0, 0, 0, 0, 0, 0, 0, 0, 0, 0, 0, 0, 0, 0, 0, 0
remuRedist Forward bitvector (len=16): 0, 0, 0, 0, 0, 0, 0, 0, 0, 0, 0, 0, 0, 0, 0, 0
  PE(11) Inst(4) Data3:
remuRedist Tags (tagWidth=16): 0, 0, 0, 0, 0, 0, 0, 0, 0, 0, 0, 0, 0, 0, 0, 0
remuRedist Forward bitvector (len=16): 0, 0, 0, 0, 0, 0, 0, 0, 0, 0, 0, 0, 0, 0, 0, 0
  PE(11) Inst(5) Data0:
remuRedist Tags (tagWidth=16): 0, 0, 0, 0, 0, 0, 0, 0, 0, 0, 0, 0, 0, 0, 0, 0
remuRedist Forward bitvector (len=16): 0, 0, 0, 0, 0, 0, 0, 0, 0, 0, 0, 0, 0, 0, 0, 0
  PE(11) Inst(5) Data1:
remuRedist Tags (tagWidth=16): 0, 0, 0, 0, 0, 0, 0, 0, 0, 0, 0, 0, 0, 0, 0, 0
remuRedist Forward bitvector (len=16): 0, 0, 0, 0, 0, 0, 0, 0, 0, 0, 0, 0, 0, 0, 0, 0
  PE(11) Inst(5) Data2:
remuRedist Tags (tagWidth=16): 0, 0, 0, 0, 0, 0, 0, 0, 0, 0, 0, 0, 0, 0, 0, 0
remuRedist Forward bitvector (len=16): 0, 0, 0, 0, 0, 0, 0, 0, 0, 0, 0, 0, 0, 0, 0, 0
  PE(11) Inst(5) Data3:
remuRedist Tags (tagWidth=16): 0, 0, 0, 0, 0, 0, 0, 0, 0, 0, 0, 0, 0, 0, 0, 0
remuRedist Forward bitvector (len=16): 0, 0, 0, 0, 0, 0, 0, 0, 0, 0, 0, 0, 0, 0, 0, 0
  PE(11) Inst(6) Data0:
remuRedist Tags (tagWidth=16): 0, 0, 0, 0, 0, 0, 0, 0, 0, 0, 0, 0, 0, 0, 0, 0
remuRedist Forward bitvector (len=16): 0, 0, 0, 0, 0, 0, 0, 0, 0, 0, 0, 0, 0, 0, 0, 0
  PE(11) Inst(6) Data1:
remuRedist Tags (tagWidth=16): 0, 0, 0, 0, 0, 0, 0, 0, 0, 0, 0, 0, 0, 0, 0, 0
remuRedist Forward bitvector (len=16): 0, 0, 0, 0, 0, 0, 0, 0, 0, 0, 0, 0, 0, 0, 0, 0
  PE(11) Inst(6) Data2:
remuRedist Tags (tagWidth=16): 0, 0, 0, 0, 0, 0, 0, 0, 0, 0, 0, 0, 0, 0, 0, 0
remuRedist Forward bitvector (len=16): 0, 0, 0, 0, 0, 0, 0, 0, 0, 0, 0, 0, 0, 0, 0, 0
  PE(11) Inst(6) Data3:
remuRedist Tags (tagWidth=16): 0, 0, 0, 0, 0, 0, 0, 0, 0, 0, 0, 0, 0, 0, 0, 0
remuRedist Forward bitvector (len=16): 0, 0, 0, 0, 0, 0, 0, 0, 0, 0, 0, 0, 0, 0, 0, 0
  PE(11) Inst(7) Data0:
remuRedist Tags (tagWidth=16): 0, 0, 0, 0, 0, 0, 0, 0, 0, 0, 0, 0, 0, 0, 0, 0
remuRedist Forward bitvector (len=16): 0, 0, 0, 0, 0, 0, 0, 0, 0, 0, 0, 0, 0, 0, 0, 0
  PE(11) Inst(7) Data1:
remuRedist Tags (tagWidth=16): 0, 0, 0, 0, 0, 0, 0, 0, 0, 0, 0, 0, 0, 0, 0, 0
remuRedist Forward bitvector (len=16): 0, 0, 0, 0, 0, 0, 0, 0, 0, 0, 0, 0, 0, 0, 0, 0
  PE(11) Inst(7) Data2:
remuRedist Tags (tagWidth=16): 0, 0, 0, 0, 0, 0, 0, 0, 0, 0, 0, 0, 0, 0, 0, 0
remuRedist Forward bitvector (len=16): 0, 0, 0, 0, 0, 0, 0, 0, 0, 0, 0, 0, 0, 0, 0, 0
  PE(11) Inst(7) Data3:
remuRedist Tags (tagWidth=16): 0, 0, 0, 0, 0, 0, 0, 0, 0, 0, 0, 0, 0, 0, 0, 0
remuRedist Forward bitvector (len=16): 0, 0, 0, 0, 0, 0, 0, 0, 0, 0, 0, 0, 0, 0, 0, 0
  PE(11) Inst(8) Data0:
remuRedist Tags (tagWidth=16): 0, 0, 0, 0, 0, 0, 0, 0, 0, 0, 0, 0, 0, 0, 0, 0
remuRedist Forward bitvector (len=16): 0, 0, 0, 0, 0, 0, 0, 0, 0, 0, 0, 0, 0, 0, 0, 0
  PE(11) Inst(8) Data1:
remuRedist Tags (tagWidth=16): 0, 0, 0, 0, 0, 0, 0, 0, 0, 0, 0, 0, 0, 0, 0, 0
remuRedist Forward bitvector (len=16): 0, 0, 0, 0, 0, 0, 0, 0, 0, 0, 0, 0, 0, 0, 0, 0
  PE(11) Inst(8) Data2:
remuRedist Tags (tagWidth=16): 0, 0, 0, 0, 0, 0, 0, 0, 0, 0, 0, 0, 0, 0, 0, 0
remuRedist Forward bitvector (len=16): 0, 0, 0, 0, 0, 0, 0, 0, 0, 0, 0, 0, 0, 0, 0, 0
  PE(11) Inst(8) Data3:
remuRedist Tags (tagWidth=16): 0, 0, 0, 0, 0, 0, 0, 0, 0, 0, 0, 0, 0, 0, 0, 0
remuRedist Forward bitvector (len=16): 0, 0, 0, 0, 0, 0, 0, 0, 0, 0, 0, 0, 0, 0, 0, 0
  PE(11) Inst(9) Data0:
remuRedist Tags (tagWidth=16): 0, 0, 0, 0, 0, 0, 0, 0, 0, 0, 0, 0, 0, 0, 0, 0
remuRedist Forward bitvector (len=16): 0, 0, 0, 0, 0, 0, 0, 0, 0, 0, 0, 0, 0, 0, 0, 0
  PE(11) Inst(9) Data1:
remuRedist Tags (tagWidth=16): 0, 0, 0, 0, 0, 0, 0, 0, 0, 0, 0, 0, 0, 0, 0, 0
remuRedist Forward bitvector (len=16): 0, 0, 0, 0, 0, 0, 0, 0, 0, 0, 0, 0, 0, 0, 0, 0
  PE(11) Inst(9) Data2:
remuRedist Tags (tagWidth=16): 0, 0, 0, 0, 0, 0, 0, 0, 0, 0, 0, 0, 0, 0, 0, 0
remuRedist Forward bitvector (len=16): 0, 0, 0, 0, 0, 0, 0, 0, 0, 0, 0, 0, 0, 0, 0, 0
  PE(11) Inst(9) Data3:
remuRedist Tags (tagWidth=16): 0, 0, 0, 0, 0, 0, 0, 0, 0, 0, 0, 0, 0, 0, 0, 0
remuRedist Forward bitvector (len=16): 0, 0, 0, 0, 0, 0, 0, 0, 0, 0, 0, 0, 0, 0, 0, 0
  PE(11) Inst(10) Data0:
remuRedist Tags (tagWidth=16): 0, 0, 0, 0, 0, 0, 0, 0, 0, 0, 0, 0, 0, 0, 0, 0
remuRedist Forward bitvector (len=16): 0, 0, 0, 0, 0, 0, 0, 0, 0, 0, 0, 0, 0, 0, 0, 0
  PE(11) Inst(10) Data1:
remuRedist Tags (tagWidth=16): 0, 0, 0, 0, 0, 0, 0, 0, 0, 0, 0, 0, 0, 0, 0, 0
remuRedist Forward bitvector (len=16): 0, 0, 0, 0, 0, 0, 0, 0, 0, 0, 0, 0, 0, 0, 0, 0
  PE(11) Inst(10) Data2:
remuRedist Tags (tagWidth=16): 0, 0, 0, 0, 0, 0, 0, 0, 0, 0, 0, 0, 0, 0, 0, 0
remuRedist Forward bitvector (len=16): 0, 0, 0, 0, 0, 0, 0, 0, 0, 0, 0, 0, 0, 0, 0, 0
  PE(11) Inst(10) Data3:
remuRedist Tags (tagWidth=16): 0, 0, 0, 0, 0, 0, 0, 0, 0, 0, 0, 0, 0, 0, 0, 0
remuRedist Forward bitvector (len=16): 0, 0, 0, 0, 0, 0, 0, 0, 0, 0, 0, 0, 0, 0, 0, 0
  PE(11) Inst(11) Data0:
remuRedist Tags (tagWidth=16): 0, 0, 0, 0, 0, 0, 0, 0, 0, 0, 0, 0, 0, 0, 0, 0
remuRedist Forward bitvector (len=16): 0, 0, 0, 0, 0, 0, 0, 0, 0, 0, 0, 0, 0, 0, 0, 0
  PE(11) Inst(11) Data1:
remuRedist Tags (tagWidth=16): 0, 0, 0, 0, 0, 0, 0, 0, 0, 0, 0, 0, 0, 0, 0, 0
remuRedist Forward bitvector (len=16): 0, 0, 0, 0, 0, 0, 0, 0, 0, 0, 0, 0, 0, 0, 0, 0
  PE(11) Inst(11) Data2:
remuRedist Tags (tagWidth=16): 0, 0, 0, 0, 0, 0, 0, 0, 0, 0, 0, 0, 0, 0, 0, 0
remuRedist Forward bitvector (len=16): 0, 0, 0, 0, 0, 0, 0, 0, 0, 0, 0, 0, 0, 0, 0, 0
  PE(11) Inst(11) Data3:
remuRedist Tags (tagWidth=16): 0, 0, 0, 0, 0, 0, 0, 0, 0, 0, 0, 0, 0, 0, 0, 0
remuRedist Forward bitvector (len=16): 0, 0, 0, 0, 0, 0, 0, 0, 0, 0, 0, 0, 0, 0, 0, 0
  PE(11) Inst(12) Data0:
remuRedist Tags (tagWidth=16): 0, 0, 0, 0, 0, 0, 0, 0, 0, 0, 0, 0, 0, 0, 0, 0
remuRedist Forward bitvector (len=16): 0, 0, 0, 0, 0, 0, 0, 0, 0, 0, 0, 0, 0, 0, 0, 0
  PE(11) Inst(12) Data1:
remuRedist Tags (tagWidth=16): 0, 0, 0, 0, 0, 0, 0, 0, 0, 0, 0, 0, 0, 0, 0, 0
remuRedist Forward bitvector (len=16): 0, 0, 0, 0, 0, 0, 0, 0, 0, 0, 0, 0, 0, 0, 0, 0
  PE(11) Inst(12) Data2:
remuRedist Tags (tagWidth=16): 0, 0, 0, 0, 0, 0, 0, 0, 0, 0, 0, 0, 0, 0, 0, 0
remuRedist Forward bitvector (len=16): 0, 0, 0, 0, 0, 0, 0, 0, 0, 0, 0, 0, 0, 0, 0, 0
  PE(11) Inst(12) Data3:
remuRedist Tags (tagWidth=16): 0, 0, 0, 0, 0, 0, 0, 0, 0, 0, 0, 0, 0, 0, 0, 0
remuRedist Forward bitvector (len=16): 0, 0, 0, 0, 0, 0, 0, 0, 0, 0, 0, 0, 0, 0, 0, 0
  PE(11) Inst(13) Data0:
remuRedist Tags (tagWidth=16): 0, 0, 0, 0, 0, 0, 0, 0, 0, 0, 0, 0, 0, 0, 0, 0
remuRedist Forward bitvector (len=16): 0, 0, 0, 0, 0, 0, 0, 0, 0, 0, 0, 0, 0, 0, 0, 0
  PE(11) Inst(13) Data1:
remuRedist Tags (tagWidth=16): 0, 0, 0, 0, 0, 0, 0, 0, 0, 0, 0, 0, 0, 0, 0, 0
remuRedist Forward bitvector (len=16): 0, 0, 0, 0, 0, 0, 0, 0, 0, 0, 0, 0, 0, 0, 0, 0
  PE(11) Inst(13) Data2:
remuRedist Tags (tagWidth=16): 0, 0, 0, 0, 0, 0, 0, 0, 0, 0, 0, 0, 0, 0, 0, 0
remuRedist Forward bitvector (len=16): 0, 0, 0, 0, 0, 0, 0, 0, 0, 0, 0, 0, 0, 0, 0, 0
  PE(11) Inst(13) Data3:
remuRedist Tags (tagWidth=16): 0, 0, 0, 0, 0, 0, 0, 0, 0, 0, 0, 0, 0, 0, 0, 0
remuRedist Forward bitvector (len=16): 0, 0, 0, 0, 0, 0, 0, 0, 0, 0, 0, 0, 0, 0, 0, 0
  PE(11) Inst(14) Data0:
remuRedist Tags (tagWidth=16): 0, 0, 0, 0, 0, 0, 0, 0, 0, 0, 0, 0, 0, 0, 0, 0
remuRedist Forward bitvector (len=16): 0, 0, 0, 0, 0, 0, 0, 0, 0, 0, 0, 0, 0, 0, 0, 0
  PE(11) Inst(14) Data1:
remuRedist Tags (tagWidth=16): 0, 0, 0, 0, 0, 0, 0, 0, 0, 0, 0, 0, 0, 0, 0, 0
remuRedist Forward bitvector (len=16): 0, 0, 0, 0, 0, 0, 0, 0, 0, 0, 0, 0, 0, 0, 0, 0
  PE(11) Inst(14) Data2:
remuRedist Tags (tagWidth=16): 0, 0, 0, 0, 0, 0, 0, 0, 0, 0, 0, 0, 0, 0, 0, 0
remuRedist Forward bitvector (len=16): 0, 0, 0, 0, 0, 0, 0, 0, 0, 0, 0, 0, 0, 0, 0, 0
  PE(11) Inst(14) Data3:
remuRedist Tags (tagWidth=16): 0, 0, 0, 0, 0, 0, 0, 0, 0, 0, 0, 0, 0, 0, 0, 0
remuRedist Forward bitvector (len=16): 0, 0, 0, 0, 0, 0, 0, 0, 0, 0, 0, 0, 0, 0, 0, 0
  PE(11) Inst(15) Data0:
remuRedist Tags (tagWidth=16): 0, 0, 0, 0, 0, 0, 0, 0, 0, 0, 0, 0, 0, 0, 0, 0
remuRedist Forward bitvector (len=16): 0, 0, 0, 0, 0, 0, 0, 0, 0, 0, 0, 0, 0, 0, 0, 0
  PE(11) Inst(15) Data1:
remuRedist Tags (tagWidth=16): 0, 0, 0, 0, 0, 0, 0, 0, 0, 0, 0, 0, 0, 0, 0, 0
remuRedist Forward bitvector (len=16): 0, 0, 0, 0, 0, 0, 0, 0, 0, 0, 0, 0, 0, 0, 0, 0
  PE(11) Inst(15) Data2:
remuRedist Tags (tagWidth=16): 0, 0, 0, 0, 0, 0, 0, 0, 0, 0, 0, 0, 0, 0, 0, 0
remuRedist Forward bitvector (len=16): 0, 0, 0, 0, 0, 0, 0, 0, 0, 0, 0, 0, 0, 0, 0, 0
  PE(11) Inst(15) Data3:
remuRedist Tags (tagWidth=16): 0, 0, 0, 0, 0, 0, 0, 0, 0, 0, 0, 0, 0, 0, 0, 0
remuRedist Forward bitvector (len=16): 0, 0, 0, 0, 0, 0, 0, 0, 0, 0, 0, 0, 0, 0, 0, 0
remuRedist(12):
  PE(12) Inst(0) Data0:
remuRedist Tags (tagWidth=16): 0, 1, 1, 0, 1, 0, 1, 0, 0, 0, 0, 0, 0, 0, 0, 0
remuRedist Forward bitvector (len=16): 1, 0, 0, 0, 0, 0, 0, 0, 0, 0, 0, 0, 0, 0, 0, 0
  PE(12) Inst(0) Data1:
remuRedist Tags (tagWidth=16): 0, 0, 0, 0, 0, 0, 0, 0, 0, 0, 0, 0, 0, 0, 0, 0
remuRedist Forward bitvector (len=16): 0, 0, 0, 0, 0, 0, 0, 0, 0, 0, 0, 0, 0, 0, 0, 0
  PE(12) Inst(0) Data2:
remuRedist Tags (tagWidth=16): 0, 0, 0, 0, 0, 0, 0, 0, 0, 0, 0, 0, 0, 0, 0, 0
remuRedist Forward bitvector (len=16): 0, 0, 0, 0, 0, 0, 0, 0, 0, 0, 0, 0, 0, 0, 0, 0
  PE(12) Inst(0) Data3:
remuRedist Tags (tagWidth=16): 0, 0, 0, 0, 0, 0, 0, 0, 0, 0, 0, 0, 0, 0, 0, 0
remuRedist Forward bitvector (len=16): 0, 0, 0, 0, 0, 0, 0, 0, 0, 0, 0, 0, 0, 0, 0, 0
  PE(12) Inst(1) Data0:
remuRedist Tags (tagWidth=16): 0, 0, 0, 0, 0, 0, 0, 0, 0, 0, 0, 0, 0, 0, 0, 0
remuRedist Forward bitvector (len=16): 0, 0, 0, 0, 0, 0, 0, 0, 0, 0, 0, 0, 0, 0, 0, 0
  PE(12) Inst(1) Data1:
remuRedist Tags (tagWidth=16): 0, 0, 0, 0, 0, 0, 0, 0, 0, 0, 0, 0, 0, 0, 0, 0
remuRedist Forward bitvector (len=16): 0, 0, 0, 0, 0, 0, 0, 0, 0, 0, 0, 0, 0, 0, 0, 0
  PE(12) Inst(1) Data2:
remuRedist Tags (tagWidth=16): 0, 0, 0, 0, 0, 0, 0, 0, 0, 0, 0, 0, 0, 0, 0, 0
remuRedist Forward bitvector (len=16): 0, 0, 0, 0, 0, 0, 0, 0, 0, 0, 0, 0, 0, 0, 0, 0
  PE(12) Inst(1) Data3:
remuRedist Tags (tagWidth=16): 0, 0, 0, 0, 0, 0, 0, 0, 0, 0, 0, 0, 0, 0, 0, 0
remuRedist Forward bitvector (len=16): 0, 0, 0, 0, 0, 0, 0, 0, 0, 0, 0, 0, 0, 0, 0, 0
  PE(12) Inst(2) Data0:
remuRedist Tags (tagWidth=16): 0, 0, 0, 0, 0, 0, 0, 0, 0, 0, 0, 0, 0, 0, 0, 0
remuRedist Forward bitvector (len=16): 0, 0, 0, 0, 0, 0, 0, 0, 0, 0, 0, 0, 0, 0, 0, 0
  PE(12) Inst(2) Data1:
remuRedist Tags (tagWidth=16): 0, 0, 0, 0, 0, 0, 0, 0, 0, 0, 0, 0, 0, 0, 0, 0
remuRedist Forward bitvector (len=16): 0, 0, 0, 0, 0, 0, 0, 0, 0, 0, 0, 0, 0, 0, 0, 0
  PE(12) Inst(2) Data2:
remuRedist Tags (tagWidth=16): 0, 0, 0, 0, 0, 0, 0, 0, 0, 0, 0, 0, 0, 0, 0, 0
remuRedist Forward bitvector (len=16): 0, 0, 0, 0, 0, 0, 0, 0, 0, 0, 0, 0, 0, 0, 0, 0
  PE(12) Inst(2) Data3:
remuRedist Tags (tagWidth=16): 0, 0, 0, 0, 0, 0, 0, 0, 0, 0, 0, 0, 0, 0, 0, 0
remuRedist Forward bitvector (len=16): 0, 0, 0, 0, 0, 0, 0, 0, 0, 0, 0, 0, 0, 0, 0, 0
  PE(12) Inst(3) Data0:
remuRedist Tags (tagWidth=16): 0, 0, 0, 0, 0, 0, 0, 0, 0, 0, 0, 0, 0, 0, 0, 0
remuRedist Forward bitvector (len=16): 0, 0, 0, 0, 0, 0, 0, 0, 0, 0, 0, 0, 0, 0, 0, 0
  PE(12) Inst(3) Data1:
remuRedist Tags (tagWidth=16): 0, 0, 0, 0, 0, 0, 0, 0, 0, 0, 0, 0, 0, 0, 0, 0
remuRedist Forward bitvector (len=16): 0, 0, 0, 0, 0, 0, 0, 0, 0, 0, 0, 0, 0, 0, 0, 0
  PE(12) Inst(3) Data2:
remuRedist Tags (tagWidth=16): 0, 0, 0, 0, 0, 0, 0, 0, 0, 0, 0, 0, 0, 0, 0, 0
remuRedist Forward bitvector (len=16): 0, 0, 0, 0, 0, 0, 0, 0, 0, 0, 0, 0, 0, 0, 0, 0
  PE(12) Inst(3) Data3:
remuRedist Tags (tagWidth=16): 0, 0, 0, 0, 0, 0, 0, 0, 0, 0, 0, 0, 0, 0, 0, 0
remuRedist Forward bitvector (len=16): 0, 0, 0, 0, 0, 0, 0, 0, 0, 0, 0, 0, 0, 0, 0, 0
  PE(12) Inst(4) Data0:
remuRedist Tags (tagWidth=16): 0, 0, 0, 0, 0, 0, 0, 0, 0, 0, 0, 0, 0, 0, 0, 0
remuRedist Forward bitvector (len=16): 0, 0, 0, 0, 0, 0, 0, 0, 0, 0, 0, 0, 0, 0, 0, 0
  PE(12) Inst(4) Data1:
remuRedist Tags (tagWidth=16): 0, 0, 0, 0, 0, 0, 0, 0, 0, 0, 0, 0, 0, 0, 0, 0
remuRedist Forward bitvector (len=16): 0, 0, 0, 0, 0, 0, 0, 0, 0, 0, 0, 0, 0, 0, 0, 0
  PE(12) Inst(4) Data2:
remuRedist Tags (tagWidth=16): 0, 0, 0, 0, 0, 0, 0, 0, 0, 0, 0, 0, 0, 0, 0, 0
remuRedist Forward bitvector (len=16): 0, 0, 0, 0, 0, 0, 0, 0, 0, 0, 0, 0, 0, 0, 0, 0
  PE(12) Inst(4) Data3:
remuRedist Tags (tagWidth=16): 0, 0, 0, 0, 0, 0, 0, 0, 0, 0, 0, 0, 0, 0, 0, 0
remuRedist Forward bitvector (len=16): 0, 0, 0, 0, 0, 0, 0, 0, 0, 0, 0, 0, 0, 0, 0, 0
  PE(12) Inst(5) Data0:
remuRedist Tags (tagWidth=16): 0, 0, 0, 0, 0, 0, 0, 0, 0, 0, 0, 0, 0, 0, 0, 0
remuRedist Forward bitvector (len=16): 0, 0, 0, 0, 0, 0, 0, 0, 0, 0, 0, 0, 0, 0, 0, 0
  PE(12) Inst(5) Data1:
remuRedist Tags (tagWidth=16): 0, 0, 0, 0, 0, 0, 0, 0, 0, 0, 0, 0, 0, 0, 0, 0
remuRedist Forward bitvector (len=16): 0, 0, 0, 0, 0, 0, 0, 0, 0, 0, 0, 0, 0, 0, 0, 0
  PE(12) Inst(5) Data2:
remuRedist Tags (tagWidth=16): 0, 0, 0, 0, 0, 0, 0, 0, 0, 0, 0, 0, 0, 0, 0, 0
remuRedist Forward bitvector (len=16): 0, 0, 0, 0, 0, 0, 0, 0, 0, 0, 0, 0, 0, 0, 0, 0
  PE(12) Inst(5) Data3:
remuRedist Tags (tagWidth=16): 0, 0, 0, 0, 0, 0, 0, 0, 0, 0, 0, 0, 0, 0, 0, 0
remuRedist Forward bitvector (len=16): 0, 0, 0, 0, 0, 0, 0, 0, 0, 0, 0, 0, 0, 0, 0, 0
  PE(12) Inst(6) Data0:
remuRedist Tags (tagWidth=16): 0, 0, 0, 0, 0, 0, 0, 0, 0, 0, 0, 0, 0, 0, 0, 0
remuRedist Forward bitvector (len=16): 0, 0, 0, 0, 0, 0, 0, 0, 0, 0, 0, 0, 0, 0, 0, 0
  PE(12) Inst(6) Data1:
remuRedist Tags (tagWidth=16): 0, 0, 0, 0, 0, 0, 0, 0, 0, 0, 0, 0, 0, 0, 0, 0
remuRedist Forward bitvector (len=16): 0, 0, 0, 0, 0, 0, 0, 0, 0, 0, 0, 0, 0, 0, 0, 0
  PE(12) Inst(6) Data2:
remuRedist Tags (tagWidth=16): 0, 0, 0, 0, 0, 0, 0, 0, 0, 0, 0, 0, 0, 0, 0, 0
remuRedist Forward bitvector (len=16): 0, 0, 0, 0, 0, 0, 0, 0, 0, 0, 0, 0, 0, 0, 0, 0
  PE(12) Inst(6) Data3:
remuRedist Tags (tagWidth=16): 0, 0, 0, 0, 0, 0, 0, 0, 0, 0, 0, 0, 0, 0, 0, 0
remuRedist Forward bitvector (len=16): 0, 0, 0, 0, 0, 0, 0, 0, 0, 0, 0, 0, 0, 0, 0, 0
  PE(12) Inst(7) Data0:
remuRedist Tags (tagWidth=16): 0, 0, 0, 0, 0, 0, 0, 0, 0, 0, 0, 0, 0, 0, 0, 0
remuRedist Forward bitvector (len=16): 0, 0, 0, 0, 0, 0, 0, 0, 0, 0, 0, 0, 0, 0, 0, 0
  PE(12) Inst(7) Data1:
remuRedist Tags (tagWidth=16): 0, 0, 0, 0, 0, 0, 0, 0, 0, 0, 0, 0, 0, 0, 0, 0
remuRedist Forward bitvector (len=16): 0, 0, 0, 0, 0, 0, 0, 0, 0, 0, 0, 0, 0, 0, 0, 0
  PE(12) Inst(7) Data2:
remuRedist Tags (tagWidth=16): 0, 0, 0, 0, 0, 0, 0, 0, 0, 0, 0, 0, 0, 0, 0, 0
remuRedist Forward bitvector (len=16): 0, 0, 0, 0, 0, 0, 0, 0, 0, 0, 0, 0, 0, 0, 0, 0
  PE(12) Inst(7) Data3:
remuRedist Tags (tagWidth=16): 0, 0, 0, 0, 0, 0, 0, 0, 0, 0, 0, 0, 0, 0, 0, 0
remuRedist Forward bitvector (len=16): 0, 0, 0, 0, 0, 0, 0, 0, 0, 0, 0, 0, 0, 0, 0, 0
  PE(12) Inst(8) Data0:
remuRedist Tags (tagWidth=16): 0, 0, 0, 0, 0, 0, 0, 0, 0, 0, 0, 0, 0, 0, 0, 0
remuRedist Forward bitvector (len=16): 0, 0, 0, 0, 0, 0, 0, 0, 0, 0, 0, 0, 0, 0, 0, 0
  PE(12) Inst(8) Data1:
remuRedist Tags (tagWidth=16): 0, 0, 0, 0, 0, 0, 0, 0, 0, 0, 0, 0, 0, 0, 0, 0
remuRedist Forward bitvector (len=16): 0, 0, 0, 0, 0, 0, 0, 0, 0, 0, 0, 0, 0, 0, 0, 0
  PE(12) Inst(8) Data2:
remuRedist Tags (tagWidth=16): 0, 0, 0, 0, 0, 0, 0, 0, 0, 0, 0, 0, 0, 0, 0, 0
remuRedist Forward bitvector (len=16): 0, 0, 0, 0, 0, 0, 0, 0, 0, 0, 0, 0, 0, 0, 0, 0
  PE(12) Inst(8) Data3:
remuRedist Tags (tagWidth=16): 0, 0, 0, 0, 0, 0, 0, 0, 0, 0, 0, 0, 0, 0, 0, 0
remuRedist Forward bitvector (len=16): 0, 0, 0, 0, 0, 0, 0, 0, 0, 0, 0, 0, 0, 0, 0, 0
  PE(12) Inst(9) Data0:
remuRedist Tags (tagWidth=16): 0, 0, 0, 0, 0, 0, 0, 0, 0, 0, 0, 0, 0, 0, 0, 0
remuRedist Forward bitvector (len=16): 0, 0, 0, 0, 0, 0, 0, 0, 0, 0, 0, 0, 0, 0, 0, 0
  PE(12) Inst(9) Data1:
remuRedist Tags (tagWidth=16): 0, 0, 0, 0, 0, 0, 0, 0, 0, 0, 0, 0, 0, 0, 0, 0
remuRedist Forward bitvector (len=16): 0, 0, 0, 0, 0, 0, 0, 0, 0, 0, 0, 0, 0, 0, 0, 0
  PE(12) Inst(9) Data2:
remuRedist Tags (tagWidth=16): 0, 0, 0, 0, 0, 0, 0, 0, 0, 0, 0, 0, 0, 0, 0, 0
remuRedist Forward bitvector (len=16): 0, 0, 0, 0, 0, 0, 0, 0, 0, 0, 0, 0, 0, 0, 0, 0
  PE(12) Inst(9) Data3:
remuRedist Tags (tagWidth=16): 0, 0, 0, 0, 0, 0, 0, 0, 0, 0, 0, 0, 0, 0, 0, 0
remuRedist Forward bitvector (len=16): 0, 0, 0, 0, 0, 0, 0, 0, 0, 0, 0, 0, 0, 0, 0, 0
  PE(12) Inst(10) Data0:
remuRedist Tags (tagWidth=16): 0, 0, 0, 0, 0, 0, 0, 0, 0, 0, 0, 0, 0, 0, 0, 0
remuRedist Forward bitvector (len=16): 0, 0, 0, 0, 0, 0, 0, 0, 0, 0, 0, 0, 0, 0, 0, 0
  PE(12) Inst(10) Data1:
remuRedist Tags (tagWidth=16): 0, 0, 0, 0, 0, 0, 0, 0, 0, 0, 0, 0, 0, 0, 0, 0
remuRedist Forward bitvector (len=16): 0, 0, 0, 0, 0, 0, 0, 0, 0, 0, 0, 0, 0, 0, 0, 0
  PE(12) Inst(10) Data2:
remuRedist Tags (tagWidth=16): 0, 0, 0, 0, 0, 0, 0, 0, 0, 0, 0, 0, 0, 0, 0, 0
remuRedist Forward bitvector (len=16): 0, 0, 0, 0, 0, 0, 0, 0, 0, 0, 0, 0, 0, 0, 0, 0
  PE(12) Inst(10) Data3:
remuRedist Tags (tagWidth=16): 0, 0, 0, 0, 0, 0, 0, 0, 0, 0, 0, 0, 0, 0, 0, 0
remuRedist Forward bitvector (len=16): 0, 0, 0, 0, 0, 0, 0, 0, 0, 0, 0, 0, 0, 0, 0, 0
  PE(12) Inst(11) Data0:
remuRedist Tags (tagWidth=16): 0, 0, 0, 0, 0, 0, 0, 0, 0, 0, 0, 0, 0, 0, 0, 0
remuRedist Forward bitvector (len=16): 0, 0, 0, 0, 0, 0, 0, 0, 0, 0, 0, 0, 0, 0, 0, 0
  PE(12) Inst(11) Data1:
remuRedist Tags (tagWidth=16): 0, 0, 0, 0, 0, 0, 0, 0, 0, 0, 0, 0, 0, 0, 0, 0
remuRedist Forward bitvector (len=16): 0, 0, 0, 0, 0, 0, 0, 0, 0, 0, 0, 0, 0, 0, 0, 0
  PE(12) Inst(11) Data2:
remuRedist Tags (tagWidth=16): 0, 0, 0, 0, 0, 0, 0, 0, 0, 0, 0, 0, 0, 0, 0, 0
remuRedist Forward bitvector (len=16): 0, 0, 0, 0, 0, 0, 0, 0, 0, 0, 0, 0, 0, 0, 0, 0
  PE(12) Inst(11) Data3:
remuRedist Tags (tagWidth=16): 0, 0, 0, 0, 0, 0, 0, 0, 0, 0, 0, 0, 0, 0, 0, 0
remuRedist Forward bitvector (len=16): 0, 0, 0, 0, 0, 0, 0, 0, 0, 0, 0, 0, 0, 0, 0, 0
  PE(12) Inst(12) Data0:
remuRedist Tags (tagWidth=16): 0, 0, 0, 0, 0, 0, 0, 0, 0, 0, 0, 0, 0, 0, 0, 0
remuRedist Forward bitvector (len=16): 0, 0, 0, 0, 0, 0, 0, 0, 0, 0, 0, 0, 0, 0, 0, 0
  PE(12) Inst(12) Data1:
remuRedist Tags (tagWidth=16): 0, 0, 0, 0, 0, 0, 0, 0, 0, 0, 0, 0, 0, 0, 0, 0
remuRedist Forward bitvector (len=16): 0, 0, 0, 0, 0, 0, 0, 0, 0, 0, 0, 0, 0, 0, 0, 0
  PE(12) Inst(12) Data2:
remuRedist Tags (tagWidth=16): 0, 0, 0, 0, 0, 0, 0, 0, 0, 0, 0, 0, 0, 0, 0, 0
remuRedist Forward bitvector (len=16): 0, 0, 0, 0, 0, 0, 0, 0, 0, 0, 0, 0, 0, 0, 0, 0
  PE(12) Inst(12) Data3:
remuRedist Tags (tagWidth=16): 0, 0, 0, 0, 0, 0, 0, 0, 0, 0, 0, 0, 0, 0, 0, 0
remuRedist Forward bitvector (len=16): 0, 0, 0, 0, 0, 0, 0, 0, 0, 0, 0, 0, 0, 0, 0, 0
  PE(12) Inst(13) Data0:
remuRedist Tags (tagWidth=16): 0, 0, 0, 0, 0, 0, 0, 0, 0, 0, 0, 0, 0, 0, 0, 0
remuRedist Forward bitvector (len=16): 0, 0, 0, 0, 0, 0, 0, 0, 0, 0, 0, 0, 0, 0, 0, 0
  PE(12) Inst(13) Data1:
remuRedist Tags (tagWidth=16): 0, 0, 0, 0, 0, 0, 0, 0, 0, 0, 0, 0, 0, 0, 0, 0
remuRedist Forward bitvector (len=16): 0, 0, 0, 0, 0, 0, 0, 0, 0, 0, 0, 0, 0, 0, 0, 0
  PE(12) Inst(13) Data2:
remuRedist Tags (tagWidth=16): 0, 0, 0, 0, 0, 0, 0, 0, 0, 0, 0, 0, 0, 0, 0, 0
remuRedist Forward bitvector (len=16): 0, 0, 0, 0, 0, 0, 0, 0, 0, 0, 0, 0, 0, 0, 0, 0
  PE(12) Inst(13) Data3:
remuRedist Tags (tagWidth=16): 0, 0, 0, 0, 0, 0, 0, 0, 0, 0, 0, 0, 0, 0, 0, 0
remuRedist Forward bitvector (len=16): 0, 0, 0, 0, 0, 0, 0, 0, 0, 0, 0, 0, 0, 0, 0, 0
  PE(12) Inst(14) Data0:
remuRedist Tags (tagWidth=16): 0, 0, 0, 0, 0, 0, 0, 0, 0, 0, 0, 0, 0, 0, 0, 0
remuRedist Forward bitvector (len=16): 0, 0, 0, 0, 0, 0, 0, 0, 0, 0, 0, 0, 0, 0, 0, 0
  PE(12) Inst(14) Data1:
remuRedist Tags (tagWidth=16): 0, 0, 0, 0, 0, 0, 0, 0, 0, 0, 0, 0, 0, 0, 0, 0
remuRedist Forward bitvector (len=16): 0, 0, 0, 0, 0, 0, 0, 0, 0, 0, 0, 0, 0, 0, 0, 0
  PE(12) Inst(14) Data2:
remuRedist Tags (tagWidth=16): 0, 0, 0, 0, 0, 0, 0, 0, 0, 0, 0, 0, 0, 0, 0, 0
remuRedist Forward bitvector (len=16): 0, 0, 0, 0, 0, 0, 0, 0, 0, 0, 0, 0, 0, 0, 0, 0
  PE(12) Inst(14) Data3:
remuRedist Tags (tagWidth=16): 0, 0, 0, 0, 0, 0, 0, 0, 0, 0, 0, 0, 0, 0, 0, 0
remuRedist Forward bitvector (len=16): 0, 0, 0, 0, 0, 0, 0, 0, 0, 0, 0, 0, 0, 0, 0, 0
  PE(12) Inst(15) Data0:
remuRedist Tags (tagWidth=16): 0, 0, 0, 0, 0, 0, 0, 0, 0, 0, 0, 0, 0, 0, 0, 0
remuRedist Forward bitvector (len=16): 0, 0, 0, 0, 0, 0, 0, 0, 0, 0, 0, 0, 0, 0, 0, 0
  PE(12) Inst(15) Data1:
remuRedist Tags (tagWidth=16): 0, 0, 0, 0, 0, 0, 0, 0, 0, 0, 0, 0, 0, 0, 0, 0
remuRedist Forward bitvector (len=16): 0, 0, 0, 0, 0, 0, 0, 0, 0, 0, 0, 0, 0, 0, 0, 0
  PE(12) Inst(15) Data2:
remuRedist Tags (tagWidth=16): 0, 0, 0, 0, 0, 0, 0, 0, 0, 0, 0, 0, 0, 0, 0, 0
remuRedist Forward bitvector (len=16): 0, 0, 0, 0, 0, 0, 0, 0, 0, 0, 0, 0, 0, 0, 0, 0
  PE(12) Inst(15) Data3:
remuRedist Tags (tagWidth=16): 0, 0, 0, 0, 0, 0, 0, 0, 0, 0, 0, 0, 0, 0, 0, 0
remuRedist Forward bitvector (len=16): 0, 0, 0, 0, 0, 0, 0, 0, 0, 0, 0, 0, 0, 0, 0, 0
remuRedist(13):
  PE(13) Inst(0) Data0:
remuRedist Tags (tagWidth=16): 0, 0, 0, 0, 0, 0, 0, 0, 0, 0, 0, 0, 0, 0, 0, 0
remuRedist Forward bitvector (len=16): 0, 0, 0, 0, 0, 0, 0, 0, 0, 0, 0, 0, 0, 0, 0, 0
  PE(13) Inst(0) Data1:
remuRedist Tags (tagWidth=16): 0, 0, 0, 0, 0, 0, 0, 0, 0, 0, 0, 0, 0, 0, 0, 0
remuRedist Forward bitvector (len=16): 0, 0, 0, 0, 0, 0, 0, 0, 0, 0, 0, 0, 0, 0, 0, 0
  PE(13) Inst(0) Data2:
remuRedist Tags (tagWidth=16): 0, 0, 0, 0, 0, 0, 0, 0, 0, 0, 0, 0, 0, 0, 0, 0
remuRedist Forward bitvector (len=16): 0, 0, 0, 0, 0, 0, 0, 0, 0, 0, 0, 0, 0, 0, 0, 0
  PE(13) Inst(0) Data3:
remuRedist Tags (tagWidth=16): 0, 0, 0, 0, 0, 0, 0, 0, 0, 0, 0, 0, 0, 0, 0, 0
remuRedist Forward bitvector (len=16): 0, 0, 0, 0, 0, 0, 0, 0, 0, 0, 0, 0, 0, 0, 0, 0
  PE(13) Inst(1) Data0:
remuRedist Tags (tagWidth=16): 0, 0, 0, 0, 0, 0, 0, 0, 0, 0, 0, 0, 0, 0, 0, 0
remuRedist Forward bitvector (len=16): 0, 0, 0, 0, 0, 0, 0, 0, 0, 0, 0, 0, 0, 0, 0, 0
  PE(13) Inst(1) Data1:
remuRedist Tags (tagWidth=16): 0, 0, 0, 0, 0, 0, 0, 0, 0, 0, 0, 0, 0, 0, 0, 0
remuRedist Forward bitvector (len=16): 0, 0, 0, 0, 0, 0, 0, 0, 0, 0, 0, 0, 0, 0, 0, 0
  PE(13) Inst(1) Data2:
remuRedist Tags (tagWidth=16): 0, 0, 0, 0, 0, 0, 0, 0, 0, 0, 0, 0, 0, 0, 0, 0
remuRedist Forward bitvector (len=16): 0, 0, 0, 0, 0, 0, 0, 0, 0, 0, 0, 0, 0, 0, 0, 0
  PE(13) Inst(1) Data3:
remuRedist Tags (tagWidth=16): 0, 0, 0, 0, 0, 0, 0, 0, 0, 0, 0, 0, 0, 0, 0, 0
remuRedist Forward bitvector (len=16): 0, 0, 0, 0, 0, 0, 0, 0, 0, 0, 0, 0, 0, 0, 0, 0
  PE(13) Inst(2) Data0:
remuRedist Tags (tagWidth=16): 0, 0, 0, 0, 0, 0, 0, 0, 0, 0, 0, 0, 0, 0, 0, 0
remuRedist Forward bitvector (len=16): 0, 0, 0, 0, 0, 0, 0, 0, 0, 0, 0, 0, 0, 0, 0, 0
  PE(13) Inst(2) Data1:
remuRedist Tags (tagWidth=16): 0, 0, 0, 0, 0, 0, 0, 0, 0, 0, 0, 0, 0, 0, 0, 0
remuRedist Forward bitvector (len=16): 0, 0, 0, 0, 0, 0, 0, 0, 0, 0, 0, 0, 0, 0, 0, 0
  PE(13) Inst(2) Data2:
remuRedist Tags (tagWidth=16): 0, 0, 0, 0, 0, 0, 0, 0, 0, 0, 0, 0, 0, 0, 0, 0
remuRedist Forward bitvector (len=16): 0, 0, 0, 0, 0, 0, 0, 0, 0, 0, 0, 0, 0, 0, 0, 0
  PE(13) Inst(2) Data3:
remuRedist Tags (tagWidth=16): 0, 0, 0, 0, 0, 0, 0, 0, 0, 0, 0, 0, 0, 0, 0, 0
remuRedist Forward bitvector (len=16): 0, 0, 0, 0, 0, 0, 0, 0, 0, 0, 0, 0, 0, 0, 0, 0
  PE(13) Inst(3) Data0:
remuRedist Tags (tagWidth=16): 0, 0, 0, 0, 0, 0, 0, 0, 0, 0, 0, 0, 0, 0, 0, 0
remuRedist Forward bitvector (len=16): 0, 0, 0, 0, 0, 0, 0, 0, 0, 0, 0, 0, 0, 0, 0, 0
  PE(13) Inst(3) Data1:
remuRedist Tags (tagWidth=16): 0, 0, 0, 0, 0, 0, 0, 0, 0, 0, 0, 0, 0, 0, 0, 0
remuRedist Forward bitvector (len=16): 0, 0, 0, 0, 0, 0, 0, 0, 0, 0, 0, 0, 0, 0, 0, 0
  PE(13) Inst(3) Data2:
remuRedist Tags (tagWidth=16): 0, 0, 0, 0, 0, 0, 0, 0, 0, 0, 0, 0, 0, 0, 0, 0
remuRedist Forward bitvector (len=16): 0, 0, 0, 0, 0, 0, 0, 0, 0, 0, 0, 0, 0, 0, 0, 0
  PE(13) Inst(3) Data3:
remuRedist Tags (tagWidth=16): 0, 0, 0, 0, 0, 0, 0, 0, 0, 0, 0, 0, 0, 0, 0, 0
remuRedist Forward bitvector (len=16): 0, 0, 0, 0, 0, 0, 0, 0, 0, 0, 0, 0, 0, 0, 0, 0
  PE(13) Inst(4) Data0:
remuRedist Tags (tagWidth=16): 0, 0, 0, 0, 0, 0, 0, 0, 0, 0, 0, 0, 0, 0, 0, 0
remuRedist Forward bitvector (len=16): 0, 0, 0, 0, 0, 0, 0, 0, 0, 0, 0, 0, 0, 0, 0, 0
  PE(13) Inst(4) Data1:
remuRedist Tags (tagWidth=16): 0, 0, 0, 0, 0, 0, 0, 0, 0, 0, 0, 0, 0, 0, 0, 0
remuRedist Forward bitvector (len=16): 0, 0, 0, 0, 0, 0, 0, 0, 0, 0, 0, 0, 0, 0, 0, 0
  PE(13) Inst(4) Data2:
remuRedist Tags (tagWidth=16): 0, 0, 0, 0, 0, 0, 0, 0, 0, 0, 0, 0, 0, 0, 0, 0
remuRedist Forward bitvector (len=16): 0, 0, 0, 0, 0, 0, 0, 0, 0, 0, 0, 0, 0, 0, 0, 0
  PE(13) Inst(4) Data3:
remuRedist Tags (tagWidth=16): 0, 0, 0, 0, 0, 0, 0, 0, 0, 0, 0, 0, 0, 0, 0, 0
remuRedist Forward bitvector (len=16): 0, 0, 0, 0, 0, 0, 0, 0, 0, 0, 0, 0, 0, 0, 0, 0
  PE(13) Inst(5) Data0:
remuRedist Tags (tagWidth=16): 0, 0, 0, 0, 0, 0, 0, 0, 0, 0, 0, 0, 0, 0, 0, 0
remuRedist Forward bitvector (len=16): 0, 0, 0, 0, 0, 0, 0, 0, 0, 0, 0, 0, 0, 0, 0, 0
  PE(13) Inst(5) Data1:
remuRedist Tags (tagWidth=16): 0, 0, 0, 0, 0, 0, 0, 0, 0, 0, 0, 0, 0, 0, 0, 0
remuRedist Forward bitvector (len=16): 0, 0, 0, 0, 0, 0, 0, 0, 0, 0, 0, 0, 0, 0, 0, 0
  PE(13) Inst(5) Data2:
remuRedist Tags (tagWidth=16): 0, 0, 0, 0, 0, 0, 0, 0, 0, 0, 0, 0, 0, 0, 0, 0
remuRedist Forward bitvector (len=16): 0, 0, 0, 0, 0, 0, 0, 0, 0, 0, 0, 0, 0, 0, 0, 0
  PE(13) Inst(5) Data3:
remuRedist Tags (tagWidth=16): 0, 0, 0, 0, 0, 0, 0, 0, 0, 0, 0, 0, 0, 0, 0, 0
remuRedist Forward bitvector (len=16): 0, 0, 0, 0, 0, 0, 0, 0, 0, 0, 0, 0, 0, 0, 0, 0
  PE(13) Inst(6) Data0:
remuRedist Tags (tagWidth=16): 0, 0, 0, 0, 0, 0, 0, 0, 0, 0, 0, 0, 0, 0, 0, 0
remuRedist Forward bitvector (len=16): 0, 0, 0, 0, 0, 0, 0, 0, 0, 0, 0, 0, 0, 0, 0, 0
  PE(13) Inst(6) Data1:
remuRedist Tags (tagWidth=16): 0, 0, 0, 0, 0, 0, 0, 0, 0, 0, 0, 0, 0, 0, 0, 0
remuRedist Forward bitvector (len=16): 0, 0, 0, 0, 0, 0, 0, 0, 0, 0, 0, 0, 0, 0, 0, 0
  PE(13) Inst(6) Data2:
remuRedist Tags (tagWidth=16): 0, 0, 0, 0, 0, 0, 0, 0, 0, 0, 0, 0, 0, 0, 0, 0
remuRedist Forward bitvector (len=16): 0, 0, 0, 0, 0, 0, 0, 0, 0, 0, 0, 0, 0, 0, 0, 0
  PE(13) Inst(6) Data3:
remuRedist Tags (tagWidth=16): 0, 0, 0, 0, 0, 0, 0, 0, 0, 0, 0, 0, 0, 0, 0, 0
remuRedist Forward bitvector (len=16): 0, 0, 0, 0, 0, 0, 0, 0, 0, 0, 0, 0, 0, 0, 0, 0
  PE(13) Inst(7) Data0:
remuRedist Tags (tagWidth=16): 0, 0, 0, 0, 0, 0, 0, 0, 0, 0, 0, 0, 0, 0, 0, 0
remuRedist Forward bitvector (len=16): 0, 0, 0, 0, 0, 0, 0, 0, 0, 0, 0, 0, 0, 0, 0, 0
  PE(13) Inst(7) Data1:
remuRedist Tags (tagWidth=16): 0, 0, 0, 0, 0, 0, 0, 0, 0, 0, 0, 0, 0, 0, 0, 0
remuRedist Forward bitvector (len=16): 0, 0, 0, 0, 0, 0, 0, 0, 0, 0, 0, 0, 0, 0, 0, 0
  PE(13) Inst(7) Data2:
remuRedist Tags (tagWidth=16): 0, 0, 0, 0, 0, 0, 0, 0, 0, 0, 0, 0, 0, 0, 0, 0
remuRedist Forward bitvector (len=16): 0, 0, 0, 0, 0, 0, 0, 0, 0, 0, 0, 0, 0, 0, 0, 0
  PE(13) Inst(7) Data3:
remuRedist Tags (tagWidth=16): 0, 0, 0, 0, 0, 0, 0, 0, 0, 0, 0, 0, 0, 0, 0, 0
remuRedist Forward bitvector (len=16): 0, 0, 0, 0, 0, 0, 0, 0, 0, 0, 0, 0, 0, 0, 0, 0
  PE(13) Inst(8) Data0:
remuRedist Tags (tagWidth=16): 0, 0, 0, 0, 0, 0, 0, 0, 0, 0, 0, 0, 0, 0, 0, 0
remuRedist Forward bitvector (len=16): 0, 0, 0, 0, 0, 0, 0, 0, 0, 0, 0, 0, 0, 0, 0, 0
  PE(13) Inst(8) Data1:
remuRedist Tags (tagWidth=16): 0, 0, 0, 0, 0, 0, 0, 0, 0, 0, 0, 0, 0, 0, 0, 0
remuRedist Forward bitvector (len=16): 0, 0, 0, 0, 0, 0, 0, 0, 0, 0, 0, 0, 0, 0, 0, 0
  PE(13) Inst(8) Data2:
remuRedist Tags (tagWidth=16): 0, 0, 0, 0, 0, 0, 0, 0, 0, 0, 0, 0, 0, 0, 0, 0
remuRedist Forward bitvector (len=16): 0, 0, 0, 0, 0, 0, 0, 0, 0, 0, 0, 0, 0, 0, 0, 0
  PE(13) Inst(8) Data3:
remuRedist Tags (tagWidth=16): 0, 0, 0, 0, 0, 0, 0, 0, 0, 0, 0, 0, 0, 0, 0, 0
remuRedist Forward bitvector (len=16): 0, 0, 0, 0, 0, 0, 0, 0, 0, 0, 0, 0, 0, 0, 0, 0
  PE(13) Inst(9) Data0:
remuRedist Tags (tagWidth=16): 0, 0, 0, 0, 0, 0, 0, 0, 0, 0, 0, 0, 0, 0, 0, 0
remuRedist Forward bitvector (len=16): 0, 0, 0, 0, 0, 0, 0, 0, 0, 0, 0, 0, 0, 0, 0, 0
  PE(13) Inst(9) Data1:
remuRedist Tags (tagWidth=16): 0, 0, 0, 0, 0, 0, 0, 0, 0, 0, 0, 0, 0, 0, 0, 0
remuRedist Forward bitvector (len=16): 0, 0, 0, 0, 0, 0, 0, 0, 0, 0, 0, 0, 0, 0, 0, 0
  PE(13) Inst(9) Data2:
remuRedist Tags (tagWidth=16): 0, 0, 0, 0, 0, 0, 0, 0, 0, 0, 0, 0, 0, 0, 0, 0
remuRedist Forward bitvector (len=16): 0, 0, 0, 0, 0, 0, 0, 0, 0, 0, 0, 0, 0, 0, 0, 0
  PE(13) Inst(9) Data3:
remuRedist Tags (tagWidth=16): 0, 0, 0, 0, 0, 0, 0, 0, 0, 0, 0, 0, 0, 0, 0, 0
remuRedist Forward bitvector (len=16): 0, 0, 0, 0, 0, 0, 0, 0, 0, 0, 0, 0, 0, 0, 0, 0
  PE(13) Inst(10) Data0:
remuRedist Tags (tagWidth=16): 0, 0, 0, 0, 0, 0, 0, 0, 0, 0, 0, 0, 0, 0, 0, 0
remuRedist Forward bitvector (len=16): 0, 0, 0, 0, 0, 0, 0, 0, 0, 0, 0, 0, 0, 0, 0, 0
  PE(13) Inst(10) Data1:
remuRedist Tags (tagWidth=16): 0, 0, 0, 0, 0, 0, 0, 0, 0, 0, 0, 0, 0, 0, 0, 0
remuRedist Forward bitvector (len=16): 0, 0, 0, 0, 0, 0, 0, 0, 0, 0, 0, 0, 0, 0, 0, 0
  PE(13) Inst(10) Data2:
remuRedist Tags (tagWidth=16): 0, 0, 0, 0, 0, 0, 0, 0, 0, 0, 0, 0, 0, 0, 0, 0
remuRedist Forward bitvector (len=16): 0, 0, 0, 0, 0, 0, 0, 0, 0, 0, 0, 0, 0, 0, 0, 0
  PE(13) Inst(10) Data3:
remuRedist Tags (tagWidth=16): 0, 0, 0, 0, 0, 0, 0, 0, 0, 0, 0, 0, 0, 0, 0, 0
remuRedist Forward bitvector (len=16): 0, 0, 0, 0, 0, 0, 0, 0, 0, 0, 0, 0, 0, 0, 0, 0
  PE(13) Inst(11) Data0:
remuRedist Tags (tagWidth=16): 0, 0, 0, 0, 0, 0, 0, 0, 0, 0, 0, 0, 0, 0, 0, 0
remuRedist Forward bitvector (len=16): 0, 0, 0, 0, 0, 0, 0, 0, 0, 0, 0, 0, 0, 0, 0, 0
  PE(13) Inst(11) Data1:
remuRedist Tags (tagWidth=16): 0, 0, 0, 0, 0, 0, 0, 0, 0, 0, 0, 0, 0, 0, 0, 0
remuRedist Forward bitvector (len=16): 0, 0, 0, 0, 0, 0, 0, 0, 0, 0, 0, 0, 0, 0, 0, 0
  PE(13) Inst(11) Data2:
remuRedist Tags (tagWidth=16): 0, 0, 0, 0, 0, 0, 0, 0, 0, 0, 0, 0, 0, 0, 0, 0
remuRedist Forward bitvector (len=16): 0, 0, 0, 0, 0, 0, 0, 0, 0, 0, 0, 0, 0, 0, 0, 0
  PE(13) Inst(11) Data3:
remuRedist Tags (tagWidth=16): 0, 0, 0, 0, 0, 0, 0, 0, 0, 0, 0, 0, 0, 0, 0, 0
remuRedist Forward bitvector (len=16): 0, 0, 0, 0, 0, 0, 0, 0, 0, 0, 0, 0, 0, 0, 0, 0
  PE(13) Inst(12) Data0:
remuRedist Tags (tagWidth=16): 0, 0, 0, 0, 0, 0, 0, 0, 0, 0, 0, 0, 0, 0, 0, 0
remuRedist Forward bitvector (len=16): 0, 0, 0, 0, 0, 0, 0, 0, 0, 0, 0, 0, 0, 0, 0, 0
  PE(13) Inst(12) Data1:
remuRedist Tags (tagWidth=16): 0, 0, 0, 0, 0, 0, 0, 0, 0, 0, 0, 0, 0, 0, 0, 0
remuRedist Forward bitvector (len=16): 0, 0, 0, 0, 0, 0, 0, 0, 0, 0, 0, 0, 0, 0, 0, 0
  PE(13) Inst(12) Data2:
remuRedist Tags (tagWidth=16): 0, 0, 0, 0, 0, 0, 0, 0, 0, 0, 0, 0, 0, 0, 0, 0
remuRedist Forward bitvector (len=16): 0, 0, 0, 0, 0, 0, 0, 0, 0, 0, 0, 0, 0, 0, 0, 0
  PE(13) Inst(12) Data3:
remuRedist Tags (tagWidth=16): 0, 0, 0, 0, 0, 0, 0, 0, 0, 0, 0, 0, 0, 0, 0, 0
remuRedist Forward bitvector (len=16): 0, 0, 0, 0, 0, 0, 0, 0, 0, 0, 0, 0, 0, 0, 0, 0
  PE(13) Inst(13) Data0:
remuRedist Tags (tagWidth=16): 0, 0, 0, 0, 0, 0, 0, 0, 0, 0, 0, 0, 0, 0, 0, 0
remuRedist Forward bitvector (len=16): 0, 0, 0, 0, 0, 0, 0, 0, 0, 0, 0, 0, 0, 0, 0, 0
  PE(13) Inst(13) Data1:
remuRedist Tags (tagWidth=16): 0, 0, 0, 0, 0, 0, 0, 0, 0, 0, 0, 0, 0, 0, 0, 0
remuRedist Forward bitvector (len=16): 0, 0, 0, 0, 0, 0, 0, 0, 0, 0, 0, 0, 0, 0, 0, 0
  PE(13) Inst(13) Data2:
remuRedist Tags (tagWidth=16): 0, 0, 0, 0, 0, 0, 0, 0, 0, 0, 0, 0, 0, 0, 0, 0
remuRedist Forward bitvector (len=16): 0, 0, 0, 0, 0, 0, 0, 0, 0, 0, 0, 0, 0, 0, 0, 0
  PE(13) Inst(13) Data3:
remuRedist Tags (tagWidth=16): 0, 0, 0, 0, 0, 0, 0, 0, 0, 0, 0, 0, 0, 0, 0, 0
remuRedist Forward bitvector (len=16): 0, 0, 0, 0, 0, 0, 0, 0, 0, 0, 0, 0, 0, 0, 0, 0
  PE(13) Inst(14) Data0:
remuRedist Tags (tagWidth=16): 0, 0, 0, 0, 0, 0, 0, 0, 0, 0, 0, 0, 0, 0, 0, 0
remuRedist Forward bitvector (len=16): 0, 0, 0, 0, 0, 0, 0, 0, 0, 0, 0, 0, 0, 0, 0, 0
  PE(13) Inst(14) Data1:
remuRedist Tags (tagWidth=16): 0, 0, 0, 0, 0, 0, 0, 0, 0, 0, 0, 0, 0, 0, 0, 0
remuRedist Forward bitvector (len=16): 0, 0, 0, 0, 0, 0, 0, 0, 0, 0, 0, 0, 0, 0, 0, 0
  PE(13) Inst(14) Data2:
remuRedist Tags (tagWidth=16): 0, 0, 0, 0, 0, 0, 0, 0, 0, 0, 0, 0, 0, 0, 0, 0
remuRedist Forward bitvector (len=16): 0, 0, 0, 0, 0, 0, 0, 0, 0, 0, 0, 0, 0, 0, 0, 0
  PE(13) Inst(14) Data3:
remuRedist Tags (tagWidth=16): 0, 0, 0, 0, 0, 0, 0, 0, 0, 0, 0, 0, 0, 0, 0, 0
remuRedist Forward bitvector (len=16): 0, 0, 0, 0, 0, 0, 0, 0, 0, 0, 0, 0, 0, 0, 0, 0
  PE(13) Inst(15) Data0:
remuRedist Tags (tagWidth=16): 0, 0, 0, 0, 0, 0, 0, 0, 0, 0, 0, 0, 0, 0, 0, 0
remuRedist Forward bitvector (len=16): 0, 0, 0, 0, 0, 0, 0, 0, 0, 0, 0, 0, 0, 0, 0, 0
  PE(13) Inst(15) Data1:
remuRedist Tags (tagWidth=16): 0, 0, 0, 0, 0, 0, 0, 0, 0, 0, 0, 0, 0, 0, 0, 0
remuRedist Forward bitvector (len=16): 0, 0, 0, 0, 0, 0, 0, 0, 0, 0, 0, 0, 0, 0, 0, 0
  PE(13) Inst(15) Data2:
remuRedist Tags (tagWidth=16): 0, 0, 0, 0, 0, 0, 0, 0, 0, 0, 0, 0, 0, 0, 0, 0
remuRedist Forward bitvector (len=16): 0, 0, 0, 0, 0, 0, 0, 0, 0, 0, 0, 0, 0, 0, 0, 0
  PE(13) Inst(15) Data3:
remuRedist Tags (tagWidth=16): 0, 0, 0, 0, 0, 0, 0, 0, 0, 0, 0, 0, 0, 0, 0, 0
remuRedist Forward bitvector (len=16): 0, 0, 0, 0, 0, 0, 0, 0, 0, 0, 0, 0, 0, 0, 0, 0
remuRedist(14):
  PE(14) Inst(0) Data0:
remuRedist Tags (tagWidth=16): 1, 1, 1, 0, 0, 1, 1, 0, 0, 0, 0, 0, 0, 0, 0, 0
remuRedist Forward bitvector (len=16): 1, 0, 0, 0, 0, 0, 0, 0, 0, 0, 0, 0, 0, 0, 0, 0
  PE(14) Inst(0) Data1:
remuRedist Tags (tagWidth=16): 1, 0, 1, 0, 1, 0, 1, 0, 0, 0, 0, 0, 0, 0, 0, 0
remuRedist Forward bitvector (len=16): 1, 0, 0, 0, 0, 0, 0, 0, 0, 0, 0, 0, 0, 0, 0, 0
  PE(14) Inst(0) Data2:
remuRedist Tags (tagWidth=16): 0, 0, 1, 0, 1, 1, 0, 0, 0, 0, 0, 0, 0, 0, 0, 0
remuRedist Forward bitvector (len=16): 1, 0, 0, 0, 0, 0, 0, 0, 0, 0, 0, 0, 0, 0, 0, 0
  PE(14) Inst(0) Data3:
remuRedist Tags (tagWidth=16): 0, 0, 0, 0, 0, 0, 0, 0, 0, 0, 0, 0, 0, 0, 0, 0
remuRedist Forward bitvector (len=16): 0, 0, 0, 0, 0, 0, 0, 0, 0, 0, 0, 0, 0, 0, 0, 0
  PE(14) Inst(1) Data0:
remuRedist Tags (tagWidth=16): 0, 0, 0, 0, 0, 0, 0, 0, 0, 0, 0, 0, 0, 0, 0, 0
remuRedist Forward bitvector (len=16): 0, 0, 0, 0, 0, 0, 0, 0, 0, 0, 0, 0, 0, 0, 0, 0
  PE(14) Inst(1) Data1:
remuRedist Tags (tagWidth=16): 0, 0, 0, 0, 0, 0, 0, 0, 0, 0, 0, 0, 0, 0, 0, 0
remuRedist Forward bitvector (len=16): 0, 0, 0, 0, 0, 0, 0, 0, 0, 0, 0, 0, 0, 0, 0, 0
  PE(14) Inst(1) Data2:
remuRedist Tags (tagWidth=16): 0, 0, 0, 0, 0, 0, 0, 0, 0, 0, 0, 0, 0, 0, 0, 0
remuRedist Forward bitvector (len=16): 0, 0, 0, 0, 0, 0, 0, 0, 0, 0, 0, 0, 0, 0, 0, 0
  PE(14) Inst(1) Data3:
remuRedist Tags (tagWidth=16): 0, 0, 0, 0, 0, 0, 0, 0, 0, 0, 0, 0, 0, 0, 0, 0
remuRedist Forward bitvector (len=16): 0, 0, 0, 0, 0, 0, 0, 0, 0, 0, 0, 0, 0, 0, 0, 0
  PE(14) Inst(2) Data0:
remuRedist Tags (tagWidth=16): 0, 0, 0, 0, 0, 0, 0, 0, 0, 0, 0, 0, 0, 0, 0, 0
remuRedist Forward bitvector (len=16): 0, 0, 0, 0, 0, 0, 0, 0, 0, 0, 0, 0, 0, 0, 0, 0
  PE(14) Inst(2) Data1:
remuRedist Tags (tagWidth=16): 0, 0, 0, 0, 0, 0, 0, 0, 0, 0, 0, 0, 0, 0, 0, 0
remuRedist Forward bitvector (len=16): 0, 0, 0, 0, 0, 0, 0, 0, 0, 0, 0, 0, 0, 0, 0, 0
  PE(14) Inst(2) Data2:
remuRedist Tags (tagWidth=16): 0, 0, 0, 0, 0, 0, 0, 0, 0, 0, 0, 0, 0, 0, 0, 0
remuRedist Forward bitvector (len=16): 0, 0, 0, 0, 0, 0, 0, 0, 0, 0, 0, 0, 0, 0, 0, 0
  PE(14) Inst(2) Data3:
remuRedist Tags (tagWidth=16): 0, 0, 0, 0, 0, 0, 0, 0, 0, 0, 0, 0, 0, 0, 0, 0
remuRedist Forward bitvector (len=16): 0, 0, 0, 0, 0, 0, 0, 0, 0, 0, 0, 0, 0, 0, 0, 0
  PE(14) Inst(3) Data0:
remuRedist Tags (tagWidth=16): 0, 0, 0, 0, 0, 0, 0, 0, 0, 0, 0, 0, 0, 0, 0, 0
remuRedist Forward bitvector (len=16): 0, 0, 0, 0, 0, 0, 0, 0, 0, 0, 0, 0, 0, 0, 0, 0
  PE(14) Inst(3) Data1:
remuRedist Tags (tagWidth=16): 0, 0, 0, 0, 0, 0, 0, 0, 0, 0, 0, 0, 0, 0, 0, 0
remuRedist Forward bitvector (len=16): 0, 0, 0, 0, 0, 0, 0, 0, 0, 0, 0, 0, 0, 0, 0, 0
  PE(14) Inst(3) Data2:
remuRedist Tags (tagWidth=16): 0, 0, 0, 0, 0, 0, 0, 0, 0, 0, 0, 0, 0, 0, 0, 0
remuRedist Forward bitvector (len=16): 0, 0, 0, 0, 0, 0, 0, 0, 0, 0, 0, 0, 0, 0, 0, 0
  PE(14) Inst(3) Data3:
remuRedist Tags (tagWidth=16): 0, 0, 0, 0, 0, 0, 0, 0, 0, 0, 0, 0, 0, 0, 0, 0
remuRedist Forward bitvector (len=16): 0, 0, 0, 0, 0, 0, 0, 0, 0, 0, 0, 0, 0, 0, 0, 0
  PE(14) Inst(4) Data0:
remuRedist Tags (tagWidth=16): 0, 0, 0, 0, 0, 0, 0, 0, 0, 0, 0, 0, 0, 0, 0, 0
remuRedist Forward bitvector (len=16): 0, 0, 0, 0, 0, 0, 0, 0, 0, 0, 0, 0, 0, 0, 0, 0
  PE(14) Inst(4) Data1:
remuRedist Tags (tagWidth=16): 0, 0, 0, 0, 0, 0, 0, 0, 0, 0, 0, 0, 0, 0, 0, 0
remuRedist Forward bitvector (len=16): 0, 0, 0, 0, 0, 0, 0, 0, 0, 0, 0, 0, 0, 0, 0, 0
  PE(14) Inst(4) Data2:
remuRedist Tags (tagWidth=16): 0, 0, 0, 0, 0, 0, 0, 0, 0, 0, 0, 0, 0, 0, 0, 0
remuRedist Forward bitvector (len=16): 0, 0, 0, 0, 0, 0, 0, 0, 0, 0, 0, 0, 0, 0, 0, 0
  PE(14) Inst(4) Data3:
remuRedist Tags (tagWidth=16): 0, 0, 0, 0, 0, 0, 0, 0, 0, 0, 0, 0, 0, 0, 0, 0
remuRedist Forward bitvector (len=16): 0, 0, 0, 0, 0, 0, 0, 0, 0, 0, 0, 0, 0, 0, 0, 0
  PE(14) Inst(5) Data0:
remuRedist Tags (tagWidth=16): 0, 0, 0, 0, 0, 0, 0, 0, 0, 0, 0, 0, 0, 0, 0, 0
remuRedist Forward bitvector (len=16): 0, 0, 0, 0, 0, 0, 0, 0, 0, 0, 0, 0, 0, 0, 0, 0
  PE(14) Inst(5) Data1:
remuRedist Tags (tagWidth=16): 0, 0, 0, 0, 0, 0, 0, 0, 0, 0, 0, 0, 0, 0, 0, 0
remuRedist Forward bitvector (len=16): 0, 0, 0, 0, 0, 0, 0, 0, 0, 0, 0, 0, 0, 0, 0, 0
  PE(14) Inst(5) Data2:
remuRedist Tags (tagWidth=16): 0, 0, 0, 0, 0, 0, 0, 0, 0, 0, 0, 0, 0, 0, 0, 0
remuRedist Forward bitvector (len=16): 0, 0, 0, 0, 0, 0, 0, 0, 0, 0, 0, 0, 0, 0, 0, 0
  PE(14) Inst(5) Data3:
remuRedist Tags (tagWidth=16): 0, 0, 0, 0, 0, 0, 0, 0, 0, 0, 0, 0, 0, 0, 0, 0
remuRedist Forward bitvector (len=16): 0, 0, 0, 0, 0, 0, 0, 0, 0, 0, 0, 0, 0, 0, 0, 0
  PE(14) Inst(6) Data0:
remuRedist Tags (tagWidth=16): 0, 0, 0, 0, 0, 0, 0, 0, 0, 0, 0, 0, 0, 0, 0, 0
remuRedist Forward bitvector (len=16): 0, 0, 0, 0, 0, 0, 0, 0, 0, 0, 0, 0, 0, 0, 0, 0
  PE(14) Inst(6) Data1:
remuRedist Tags (tagWidth=16): 0, 0, 0, 0, 0, 0, 0, 0, 0, 0, 0, 0, 0, 0, 0, 0
remuRedist Forward bitvector (len=16): 0, 0, 0, 0, 0, 0, 0, 0, 0, 0, 0, 0, 0, 0, 0, 0
  PE(14) Inst(6) Data2:
remuRedist Tags (tagWidth=16): 0, 0, 0, 0, 0, 0, 0, 0, 0, 0, 0, 0, 0, 0, 0, 0
remuRedist Forward bitvector (len=16): 0, 0, 0, 0, 0, 0, 0, 0, 0, 0, 0, 0, 0, 0, 0, 0
  PE(14) Inst(6) Data3:
remuRedist Tags (tagWidth=16): 0, 0, 0, 0, 0, 0, 0, 0, 0, 0, 0, 0, 0, 0, 0, 0
remuRedist Forward bitvector (len=16): 0, 0, 0, 0, 0, 0, 0, 0, 0, 0, 0, 0, 0, 0, 0, 0
  PE(14) Inst(7) Data0:
remuRedist Tags (tagWidth=16): 0, 0, 0, 0, 0, 0, 0, 0, 0, 0, 0, 0, 0, 0, 0, 0
remuRedist Forward bitvector (len=16): 0, 0, 0, 0, 0, 0, 0, 0, 0, 0, 0, 0, 0, 0, 0, 0
  PE(14) Inst(7) Data1:
remuRedist Tags (tagWidth=16): 0, 0, 0, 0, 0, 0, 0, 0, 0, 0, 0, 0, 0, 0, 0, 0
remuRedist Forward bitvector (len=16): 0, 0, 0, 0, 0, 0, 0, 0, 0, 0, 0, 0, 0, 0, 0, 0
  PE(14) Inst(7) Data2:
remuRedist Tags (tagWidth=16): 0, 0, 0, 0, 0, 0, 0, 0, 0, 0, 0, 0, 0, 0, 0, 0
remuRedist Forward bitvector (len=16): 0, 0, 0, 0, 0, 0, 0, 0, 0, 0, 0, 0, 0, 0, 0, 0
  PE(14) Inst(7) Data3:
remuRedist Tags (tagWidth=16): 0, 0, 0, 0, 0, 0, 0, 0, 0, 0, 0, 0, 0, 0, 0, 0
remuRedist Forward bitvector (len=16): 0, 0, 0, 0, 0, 0, 0, 0, 0, 0, 0, 0, 0, 0, 0, 0
  PE(14) Inst(8) Data0:
remuRedist Tags (tagWidth=16): 0, 0, 0, 0, 0, 0, 0, 0, 0, 0, 0, 0, 0, 0, 0, 0
remuRedist Forward bitvector (len=16): 0, 0, 0, 0, 0, 0, 0, 0, 0, 0, 0, 0, 0, 0, 0, 0
  PE(14) Inst(8) Data1:
remuRedist Tags (tagWidth=16): 0, 0, 0, 0, 0, 0, 0, 0, 0, 0, 0, 0, 0, 0, 0, 0
remuRedist Forward bitvector (len=16): 0, 0, 0, 0, 0, 0, 0, 0, 0, 0, 0, 0, 0, 0, 0, 0
  PE(14) Inst(8) Data2:
remuRedist Tags (tagWidth=16): 0, 0, 0, 0, 0, 0, 0, 0, 0, 0, 0, 0, 0, 0, 0, 0
remuRedist Forward bitvector (len=16): 0, 0, 0, 0, 0, 0, 0, 0, 0, 0, 0, 0, 0, 0, 0, 0
  PE(14) Inst(8) Data3:
remuRedist Tags (tagWidth=16): 0, 0, 0, 0, 0, 0, 0, 0, 0, 0, 0, 0, 0, 0, 0, 0
remuRedist Forward bitvector (len=16): 0, 0, 0, 0, 0, 0, 0, 0, 0, 0, 0, 0, 0, 0, 0, 0
  PE(14) Inst(9) Data0:
remuRedist Tags (tagWidth=16): 0, 0, 0, 0, 0, 0, 0, 0, 0, 0, 0, 0, 0, 0, 0, 0
remuRedist Forward bitvector (len=16): 0, 0, 0, 0, 0, 0, 0, 0, 0, 0, 0, 0, 0, 0, 0, 0
  PE(14) Inst(9) Data1:
remuRedist Tags (tagWidth=16): 0, 0, 0, 0, 0, 0, 0, 0, 0, 0, 0, 0, 0, 0, 0, 0
remuRedist Forward bitvector (len=16): 0, 0, 0, 0, 0, 0, 0, 0, 0, 0, 0, 0, 0, 0, 0, 0
  PE(14) Inst(9) Data2:
remuRedist Tags (tagWidth=16): 0, 0, 0, 0, 0, 0, 0, 0, 0, 0, 0, 0, 0, 0, 0, 0
remuRedist Forward bitvector (len=16): 0, 0, 0, 0, 0, 0, 0, 0, 0, 0, 0, 0, 0, 0, 0, 0
  PE(14) Inst(9) Data3:
remuRedist Tags (tagWidth=16): 0, 0, 0, 0, 0, 0, 0, 0, 0, 0, 0, 0, 0, 0, 0, 0
remuRedist Forward bitvector (len=16): 0, 0, 0, 0, 0, 0, 0, 0, 0, 0, 0, 0, 0, 0, 0, 0
  PE(14) Inst(10) Data0:
remuRedist Tags (tagWidth=16): 0, 0, 0, 0, 0, 0, 0, 0, 0, 0, 0, 0, 0, 0, 0, 0
remuRedist Forward bitvector (len=16): 0, 0, 0, 0, 0, 0, 0, 0, 0, 0, 0, 0, 0, 0, 0, 0
  PE(14) Inst(10) Data1:
remuRedist Tags (tagWidth=16): 0, 0, 0, 0, 0, 0, 0, 0, 0, 0, 0, 0, 0, 0, 0, 0
remuRedist Forward bitvector (len=16): 0, 0, 0, 0, 0, 0, 0, 0, 0, 0, 0, 0, 0, 0, 0, 0
  PE(14) Inst(10) Data2:
remuRedist Tags (tagWidth=16): 0, 0, 0, 0, 0, 0, 0, 0, 0, 0, 0, 0, 0, 0, 0, 0
remuRedist Forward bitvector (len=16): 0, 0, 0, 0, 0, 0, 0, 0, 0, 0, 0, 0, 0, 0, 0, 0
  PE(14) Inst(10) Data3:
remuRedist Tags (tagWidth=16): 0, 0, 0, 0, 0, 0, 0, 0, 0, 0, 0, 0, 0, 0, 0, 0
remuRedist Forward bitvector (len=16): 0, 0, 0, 0, 0, 0, 0, 0, 0, 0, 0, 0, 0, 0, 0, 0
  PE(14) Inst(11) Data0:
remuRedist Tags (tagWidth=16): 0, 0, 0, 0, 0, 0, 0, 0, 0, 0, 0, 0, 0, 0, 0, 0
remuRedist Forward bitvector (len=16): 0, 0, 0, 0, 0, 0, 0, 0, 0, 0, 0, 0, 0, 0, 0, 0
  PE(14) Inst(11) Data1:
remuRedist Tags (tagWidth=16): 0, 0, 0, 0, 0, 0, 0, 0, 0, 0, 0, 0, 0, 0, 0, 0
remuRedist Forward bitvector (len=16): 0, 0, 0, 0, 0, 0, 0, 0, 0, 0, 0, 0, 0, 0, 0, 0
  PE(14) Inst(11) Data2:
remuRedist Tags (tagWidth=16): 0, 0, 0, 0, 0, 0, 0, 0, 0, 0, 0, 0, 0, 0, 0, 0
remuRedist Forward bitvector (len=16): 0, 0, 0, 0, 0, 0, 0, 0, 0, 0, 0, 0, 0, 0, 0, 0
  PE(14) Inst(11) Data3:
remuRedist Tags (tagWidth=16): 0, 0, 0, 0, 0, 0, 0, 0, 0, 0, 0, 0, 0, 0, 0, 0
remuRedist Forward bitvector (len=16): 0, 0, 0, 0, 0, 0, 0, 0, 0, 0, 0, 0, 0, 0, 0, 0
  PE(14) Inst(12) Data0:
remuRedist Tags (tagWidth=16): 0, 0, 0, 0, 0, 0, 0, 0, 0, 0, 0, 0, 0, 0, 0, 0
remuRedist Forward bitvector (len=16): 0, 0, 0, 0, 0, 0, 0, 0, 0, 0, 0, 0, 0, 0, 0, 0
  PE(14) Inst(12) Data1:
remuRedist Tags (tagWidth=16): 0, 0, 0, 0, 0, 0, 0, 0, 0, 0, 0, 0, 0, 0, 0, 0
remuRedist Forward bitvector (len=16): 0, 0, 0, 0, 0, 0, 0, 0, 0, 0, 0, 0, 0, 0, 0, 0
  PE(14) Inst(12) Data2:
remuRedist Tags (tagWidth=16): 0, 0, 0, 0, 0, 0, 0, 0, 0, 0, 0, 0, 0, 0, 0, 0
remuRedist Forward bitvector (len=16): 0, 0, 0, 0, 0, 0, 0, 0, 0, 0, 0, 0, 0, 0, 0, 0
  PE(14) Inst(12) Data3:
remuRedist Tags (tagWidth=16): 0, 0, 0, 0, 0, 0, 0, 0, 0, 0, 0, 0, 0, 0, 0, 0
remuRedist Forward bitvector (len=16): 0, 0, 0, 0, 0, 0, 0, 0, 0, 0, 0, 0, 0, 0, 0, 0
  PE(14) Inst(13) Data0:
remuRedist Tags (tagWidth=16): 0, 0, 0, 0, 0, 0, 0, 0, 0, 0, 0, 0, 0, 0, 0, 0
remuRedist Forward bitvector (len=16): 0, 0, 0, 0, 0, 0, 0, 0, 0, 0, 0, 0, 0, 0, 0, 0
  PE(14) Inst(13) Data1:
remuRedist Tags (tagWidth=16): 0, 0, 0, 0, 0, 0, 0, 0, 0, 0, 0, 0, 0, 0, 0, 0
remuRedist Forward bitvector (len=16): 0, 0, 0, 0, 0, 0, 0, 0, 0, 0, 0, 0, 0, 0, 0, 0
  PE(14) Inst(13) Data2:
remuRedist Tags (tagWidth=16): 0, 0, 0, 0, 0, 0, 0, 0, 0, 0, 0, 0, 0, 0, 0, 0
remuRedist Forward bitvector (len=16): 0, 0, 0, 0, 0, 0, 0, 0, 0, 0, 0, 0, 0, 0, 0, 0
  PE(14) Inst(13) Data3:
remuRedist Tags (tagWidth=16): 0, 0, 0, 0, 0, 0, 0, 0, 0, 0, 0, 0, 0, 0, 0, 0
remuRedist Forward bitvector (len=16): 0, 0, 0, 0, 0, 0, 0, 0, 0, 0, 0, 0, 0, 0, 0, 0
  PE(14) Inst(14) Data0:
remuRedist Tags (tagWidth=16): 0, 0, 0, 0, 0, 0, 0, 0, 0, 0, 0, 0, 0, 0, 0, 0
remuRedist Forward bitvector (len=16): 0, 0, 0, 0, 0, 0, 0, 0, 0, 0, 0, 0, 0, 0, 0, 0
  PE(14) Inst(14) Data1:
remuRedist Tags (tagWidth=16): 0, 0, 0, 0, 0, 0, 0, 0, 0, 0, 0, 0, 0, 0, 0, 0
remuRedist Forward bitvector (len=16): 0, 0, 0, 0, 0, 0, 0, 0, 0, 0, 0, 0, 0, 0, 0, 0
  PE(14) Inst(14) Data2:
remuRedist Tags (tagWidth=16): 0, 0, 0, 0, 0, 0, 0, 0, 0, 0, 0, 0, 0, 0, 0, 0
remuRedist Forward bitvector (len=16): 0, 0, 0, 0, 0, 0, 0, 0, 0, 0, 0, 0, 0, 0, 0, 0
  PE(14) Inst(14) Data3:
remuRedist Tags (tagWidth=16): 0, 0, 0, 0, 0, 0, 0, 0, 0, 0, 0, 0, 0, 0, 0, 0
remuRedist Forward bitvector (len=16): 0, 0, 0, 0, 0, 0, 0, 0, 0, 0, 0, 0, 0, 0, 0, 0
  PE(14) Inst(15) Data0:
remuRedist Tags (tagWidth=16): 0, 0, 0, 0, 0, 0, 0, 0, 0, 0, 0, 0, 0, 0, 0, 0
remuRedist Forward bitvector (len=16): 0, 0, 0, 0, 0, 0, 0, 0, 0, 0, 0, 0, 0, 0, 0, 0
  PE(14) Inst(15) Data1:
remuRedist Tags (tagWidth=16): 0, 0, 0, 0, 0, 0, 0, 0, 0, 0, 0, 0, 0, 0, 0, 0
remuRedist Forward bitvector (len=16): 0, 0, 0, 0, 0, 0, 0, 0, 0, 0, 0, 0, 0, 0, 0, 0
  PE(14) Inst(15) Data2:
remuRedist Tags (tagWidth=16): 0, 0, 0, 0, 0, 0, 0, 0, 0, 0, 0, 0, 0, 0, 0, 0
remuRedist Forward bitvector (len=16): 0, 0, 0, 0, 0, 0, 0, 0, 0, 0, 0, 0, 0, 0, 0, 0
  PE(14) Inst(15) Data3:
remuRedist Tags (tagWidth=16): 0, 0, 0, 0, 0, 0, 0, 0, 0, 0, 0, 0, 0, 0, 0, 0
remuRedist Forward bitvector (len=16): 0, 0, 0, 0, 0, 0, 0, 0, 0, 0, 0, 0, 0, 0, 0, 0
remuRedist(15):
  PE(15) Inst(0) Data0:
remuRedist Tags (tagWidth=16): 1, 1, 0, 0, 1, 1, 0, 0, 0, 0, 0, 0, 0, 0, 0, 0
remuRedist Forward bitvector (len=16): 1, 0, 0, 0, 0, 0, 0, 0, 0, 0, 0, 0, 0, 0, 0, 0
  PE(15) Inst(0) Data1:
remuRedist Tags (tagWidth=16): 0, 0, 0, 0, 0, 0, 0, 0, 0, 0, 0, 0, 0, 0, 0, 0
remuRedist Forward bitvector (len=16): 0, 0, 0, 0, 0, 0, 0, 0, 0, 0, 0, 0, 0, 0, 0, 0
  PE(15) Inst(0) Data2:
remuRedist Tags (tagWidth=16): 0, 0, 0, 0, 0, 0, 0, 0, 0, 0, 0, 0, 0, 0, 0, 0
remuRedist Forward bitvector (len=16): 0, 0, 0, 0, 0, 0, 0, 0, 0, 0, 0, 0, 0, 0, 0, 0
  PE(15) Inst(0) Data3:
remuRedist Tags (tagWidth=16): 0, 0, 0, 0, 0, 0, 0, 0, 0, 0, 0, 0, 0, 0, 0, 0
remuRedist Forward bitvector (len=16): 0, 0, 0, 0, 0, 0, 0, 0, 0, 0, 0, 0, 0, 0, 0, 0
  PE(15) Inst(1) Data0:
remuRedist Tags (tagWidth=16): 1, 1, 0, 0, 1, 0, 1, 0, 0, 0, 0, 0, 0, 0, 0, 0
remuRedist Forward bitvector (len=16): 0, 1, 0, 0, 0, 0, 0, 0, 0, 0, 0, 0, 0, 0, 0, 0
  PE(15) Inst(1) Data1:
remuRedist Tags (tagWidth=16): 0, 0, 0, 0, 0, 0, 0, 0, 0, 0, 0, 0, 0, 0, 0, 0
remuRedist Forward bitvector (len=16): 0, 0, 0, 0, 0, 0, 0, 0, 0, 0, 0, 0, 0, 0, 0, 0
  PE(15) Inst(1) Data2:
remuRedist Tags (tagWidth=16): 0, 0, 0, 0, 0, 0, 0, 0, 0, 0, 0, 0, 0, 0, 0, 0
remuRedist Forward bitvector (len=16): 0, 0, 0, 0, 0, 0, 0, 0, 0, 0, 0, 0, 0, 0, 0, 0
  PE(15) Inst(1) Data3:
remuRedist Tags (tagWidth=16): 0, 0, 0, 0, 0, 0, 0, 0, 0, 0, 0, 0, 0, 0, 0, 0
remuRedist Forward bitvector (len=16): 0, 0, 0, 0, 0, 0, 0, 0, 0, 0, 0, 0, 0, 0, 0, 0
  PE(15) Inst(2) Data0:
remuRedist Tags (tagWidth=16): 0, 0, 0, 0, 0, 0, 0, 0, 0, 0, 0, 0, 0, 0, 0, 0
remuRedist Forward bitvector (len=16): 0, 0, 0, 0, 0, 0, 0, 0, 0, 0, 0, 0, 0, 0, 0, 0
  PE(15) Inst(2) Data1:
remuRedist Tags (tagWidth=16): 0, 0, 0, 0, 0, 0, 0, 0, 0, 0, 0, 0, 0, 0, 0, 0
remuRedist Forward bitvector (len=16): 0, 0, 0, 0, 0, 0, 0, 0, 0, 0, 0, 0, 0, 0, 0, 0
  PE(15) Inst(2) Data2:
remuRedist Tags (tagWidth=16): 0, 0, 0, 0, 0, 0, 0, 0, 0, 0, 0, 0, 0, 0, 0, 0
remuRedist Forward bitvector (len=16): 0, 0, 0, 0, 0, 0, 0, 0, 0, 0, 0, 0, 0, 0, 0, 0
  PE(15) Inst(2) Data3:
remuRedist Tags (tagWidth=16): 0, 0, 0, 0, 0, 0, 0, 0, 0, 0, 0, 0, 0, 0, 0, 0
remuRedist Forward bitvector (len=16): 0, 0, 0, 0, 0, 0, 0, 0, 0, 0, 0, 0, 0, 0, 0, 0
  PE(15) Inst(3) Data0:
remuRedist Tags (tagWidth=16): 0, 0, 0, 0, 0, 0, 0, 0, 0, 0, 0, 0, 0, 0, 0, 0
remuRedist Forward bitvector (len=16): 0, 0, 0, 0, 0, 0, 0, 0, 0, 0, 0, 0, 0, 0, 0, 0
  PE(15) Inst(3) Data1:
remuRedist Tags (tagWidth=16): 0, 0, 0, 0, 0, 0, 0, 0, 0, 0, 0, 0, 0, 0, 0, 0
remuRedist Forward bitvector (len=16): 0, 0, 0, 0, 0, 0, 0, 0, 0, 0, 0, 0, 0, 0, 0, 0
  PE(15) Inst(3) Data2:
remuRedist Tags (tagWidth=16): 0, 0, 0, 0, 0, 0, 0, 0, 0, 0, 0, 0, 0, 0, 0, 0
remuRedist Forward bitvector (len=16): 0, 0, 0, 0, 0, 0, 0, 0, 0, 0, 0, 0, 0, 0, 0, 0
  PE(15) Inst(3) Data3:
remuRedist Tags (tagWidth=16): 0, 0, 0, 0, 0, 0, 0, 0, 0, 0, 0, 0, 0, 0, 0, 0
remuRedist Forward bitvector (len=16): 0, 0, 0, 0, 0, 0, 0, 0, 0, 0, 0, 0, 0, 0, 0, 0
  PE(15) Inst(4) Data0:
remuRedist Tags (tagWidth=16): 0, 0, 0, 0, 0, 0, 0, 0, 0, 0, 0, 0, 0, 0, 0, 0
remuRedist Forward bitvector (len=16): 0, 0, 0, 0, 0, 0, 0, 0, 0, 0, 0, 0, 0, 0, 0, 0
  PE(15) Inst(4) Data1:
remuRedist Tags (tagWidth=16): 0, 0, 0, 0, 0, 0, 0, 0, 0, 0, 0, 0, 0, 0, 0, 0
remuRedist Forward bitvector (len=16): 0, 0, 0, 0, 0, 0, 0, 0, 0, 0, 0, 0, 0, 0, 0, 0
  PE(15) Inst(4) Data2:
remuRedist Tags (tagWidth=16): 0, 0, 0, 0, 0, 0, 0, 0, 0, 0, 0, 0, 0, 0, 0, 0
remuRedist Forward bitvector (len=16): 0, 0, 0, 0, 0, 0, 0, 0, 0, 0, 0, 0, 0, 0, 0, 0
  PE(15) Inst(4) Data3:
remuRedist Tags (tagWidth=16): 0, 0, 0, 0, 0, 0, 0, 0, 0, 0, 0, 0, 0, 0, 0, 0
remuRedist Forward bitvector (len=16): 0, 0, 0, 0, 0, 0, 0, 0, 0, 0, 0, 0, 0, 0, 0, 0
  PE(15) Inst(5) Data0:
remuRedist Tags (tagWidth=16): 0, 0, 0, 0, 0, 0, 0, 0, 0, 0, 0, 0, 0, 0, 0, 0
remuRedist Forward bitvector (len=16): 0, 0, 0, 0, 0, 0, 0, 0, 0, 0, 0, 0, 0, 0, 0, 0
  PE(15) Inst(5) Data1:
remuRedist Tags (tagWidth=16): 0, 0, 0, 0, 0, 0, 0, 0, 0, 0, 0, 0, 0, 0, 0, 0
remuRedist Forward bitvector (len=16): 0, 0, 0, 0, 0, 0, 0, 0, 0, 0, 0, 0, 0, 0, 0, 0
  PE(15) Inst(5) Data2:
remuRedist Tags (tagWidth=16): 0, 0, 0, 0, 0, 0, 0, 0, 0, 0, 0, 0, 0, 0, 0, 0
remuRedist Forward bitvector (len=16): 0, 0, 0, 0, 0, 0, 0, 0, 0, 0, 0, 0, 0, 0, 0, 0
  PE(15) Inst(5) Data3:
remuRedist Tags (tagWidth=16): 0, 0, 0, 0, 0, 0, 0, 0, 0, 0, 0, 0, 0, 0, 0, 0
remuRedist Forward bitvector (len=16): 0, 0, 0, 0, 0, 0, 0, 0, 0, 0, 0, 0, 0, 0, 0, 0
  PE(15) Inst(6) Data0:
remuRedist Tags (tagWidth=16): 0, 0, 0, 0, 0, 0, 0, 0, 0, 0, 0, 0, 0, 0, 0, 0
remuRedist Forward bitvector (len=16): 0, 0, 0, 0, 0, 0, 0, 0, 0, 0, 0, 0, 0, 0, 0, 0
  PE(15) Inst(6) Data1:
remuRedist Tags (tagWidth=16): 0, 0, 0, 0, 0, 0, 0, 0, 0, 0, 0, 0, 0, 0, 0, 0
remuRedist Forward bitvector (len=16): 0, 0, 0, 0, 0, 0, 0, 0, 0, 0, 0, 0, 0, 0, 0, 0
  PE(15) Inst(6) Data2:
remuRedist Tags (tagWidth=16): 0, 0, 0, 0, 0, 0, 0, 0, 0, 0, 0, 0, 0, 0, 0, 0
remuRedist Forward bitvector (len=16): 0, 0, 0, 0, 0, 0, 0, 0, 0, 0, 0, 0, 0, 0, 0, 0
  PE(15) Inst(6) Data3:
remuRedist Tags (tagWidth=16): 0, 0, 0, 0, 0, 0, 0, 0, 0, 0, 0, 0, 0, 0, 0, 0
remuRedist Forward bitvector (len=16): 0, 0, 0, 0, 0, 0, 0, 0, 0, 0, 0, 0, 0, 0, 0, 0
  PE(15) Inst(7) Data0:
remuRedist Tags (tagWidth=16): 0, 0, 0, 0, 0, 0, 0, 0, 0, 0, 0, 0, 0, 0, 0, 0
remuRedist Forward bitvector (len=16): 0, 0, 0, 0, 0, 0, 0, 0, 0, 0, 0, 0, 0, 0, 0, 0
  PE(15) Inst(7) Data1:
remuRedist Tags (tagWidth=16): 0, 0, 0, 0, 0, 0, 0, 0, 0, 0, 0, 0, 0, 0, 0, 0
remuRedist Forward bitvector (len=16): 0, 0, 0, 0, 0, 0, 0, 0, 0, 0, 0, 0, 0, 0, 0, 0
  PE(15) Inst(7) Data2:
remuRedist Tags (tagWidth=16): 0, 0, 0, 0, 0, 0, 0, 0, 0, 0, 0, 0, 0, 0, 0, 0
remuRedist Forward bitvector (len=16): 0, 0, 0, 0, 0, 0, 0, 0, 0, 0, 0, 0, 0, 0, 0, 0
  PE(15) Inst(7) Data3:
remuRedist Tags (tagWidth=16): 0, 0, 0, 0, 0, 0, 0, 0, 0, 0, 0, 0, 0, 0, 0, 0
remuRedist Forward bitvector (len=16): 0, 0, 0, 0, 0, 0, 0, 0, 0, 0, 0, 0, 0, 0, 0, 0
  PE(15) Inst(8) Data0:
remuRedist Tags (tagWidth=16): 0, 0, 0, 0, 0, 0, 0, 0, 0, 0, 0, 0, 0, 0, 0, 0
remuRedist Forward bitvector (len=16): 0, 0, 0, 0, 0, 0, 0, 0, 0, 0, 0, 0, 0, 0, 0, 0
  PE(15) Inst(8) Data1:
remuRedist Tags (tagWidth=16): 0, 0, 0, 0, 0, 0, 0, 0, 0, 0, 0, 0, 0, 0, 0, 0
remuRedist Forward bitvector (len=16): 0, 0, 0, 0, 0, 0, 0, 0, 0, 0, 0, 0, 0, 0, 0, 0
  PE(15) Inst(8) Data2:
remuRedist Tags (tagWidth=16): 0, 0, 0, 0, 0, 0, 0, 0, 0, 0, 0, 0, 0, 0, 0, 0
remuRedist Forward bitvector (len=16): 0, 0, 0, 0, 0, 0, 0, 0, 0, 0, 0, 0, 0, 0, 0, 0
  PE(15) Inst(8) Data3:
remuRedist Tags (tagWidth=16): 0, 0, 0, 0, 0, 0, 0, 0, 0, 0, 0, 0, 0, 0, 0, 0
remuRedist Forward bitvector (len=16): 0, 0, 0, 0, 0, 0, 0, 0, 0, 0, 0, 0, 0, 0, 0, 0
  PE(15) Inst(9) Data0:
remuRedist Tags (tagWidth=16): 0, 0, 0, 0, 0, 0, 0, 0, 0, 0, 0, 0, 0, 0, 0, 0
remuRedist Forward bitvector (len=16): 0, 0, 0, 0, 0, 0, 0, 0, 0, 0, 0, 0, 0, 0, 0, 0
  PE(15) Inst(9) Data1:
remuRedist Tags (tagWidth=16): 0, 0, 0, 0, 0, 0, 0, 0, 0, 0, 0, 0, 0, 0, 0, 0
remuRedist Forward bitvector (len=16): 0, 0, 0, 0, 0, 0, 0, 0, 0, 0, 0, 0, 0, 0, 0, 0
  PE(15) Inst(9) Data2:
remuRedist Tags (tagWidth=16): 0, 0, 0, 0, 0, 0, 0, 0, 0, 0, 0, 0, 0, 0, 0, 0
remuRedist Forward bitvector (len=16): 0, 0, 0, 0, 0, 0, 0, 0, 0, 0, 0, 0, 0, 0, 0, 0
  PE(15) Inst(9) Data3:
remuRedist Tags (tagWidth=16): 0, 0, 0, 0, 0, 0, 0, 0, 0, 0, 0, 0, 0, 0, 0, 0
remuRedist Forward bitvector (len=16): 0, 0, 0, 0, 0, 0, 0, 0, 0, 0, 0, 0, 0, 0, 0, 0
  PE(15) Inst(10) Data0:
remuRedist Tags (tagWidth=16): 0, 0, 0, 0, 0, 0, 0, 0, 0, 0, 0, 0, 0, 0, 0, 0
remuRedist Forward bitvector (len=16): 0, 0, 0, 0, 0, 0, 0, 0, 0, 0, 0, 0, 0, 0, 0, 0
  PE(15) Inst(10) Data1:
remuRedist Tags (tagWidth=16): 0, 0, 0, 0, 0, 0, 0, 0, 0, 0, 0, 0, 0, 0, 0, 0
remuRedist Forward bitvector (len=16): 0, 0, 0, 0, 0, 0, 0, 0, 0, 0, 0, 0, 0, 0, 0, 0
  PE(15) Inst(10) Data2:
remuRedist Tags (tagWidth=16): 0, 0, 0, 0, 0, 0, 0, 0, 0, 0, 0, 0, 0, 0, 0, 0
remuRedist Forward bitvector (len=16): 0, 0, 0, 0, 0, 0, 0, 0, 0, 0, 0, 0, 0, 0, 0, 0
  PE(15) Inst(10) Data3:
remuRedist Tags (tagWidth=16): 0, 0, 0, 0, 0, 0, 0, 0, 0, 0, 0, 0, 0, 0, 0, 0
remuRedist Forward bitvector (len=16): 0, 0, 0, 0, 0, 0, 0, 0, 0, 0, 0, 0, 0, 0, 0, 0
  PE(15) Inst(11) Data0:
remuRedist Tags (tagWidth=16): 0, 0, 0, 0, 0, 0, 0, 0, 0, 0, 0, 0, 0, 0, 0, 0
remuRedist Forward bitvector (len=16): 0, 0, 0, 0, 0, 0, 0, 0, 0, 0, 0, 0, 0, 0, 0, 0
  PE(15) Inst(11) Data1:
remuRedist Tags (tagWidth=16): 0, 0, 0, 0, 0, 0, 0, 0, 0, 0, 0, 0, 0, 0, 0, 0
remuRedist Forward bitvector (len=16): 0, 0, 0, 0, 0, 0, 0, 0, 0, 0, 0, 0, 0, 0, 0, 0
  PE(15) Inst(11) Data2:
remuRedist Tags (tagWidth=16): 0, 0, 0, 0, 0, 0, 0, 0, 0, 0, 0, 0, 0, 0, 0, 0
remuRedist Forward bitvector (len=16): 0, 0, 0, 0, 0, 0, 0, 0, 0, 0, 0, 0, 0, 0, 0, 0
  PE(15) Inst(11) Data3:
remuRedist Tags (tagWidth=16): 0, 0, 0, 0, 0, 0, 0, 0, 0, 0, 0, 0, 0, 0, 0, 0
remuRedist Forward bitvector (len=16): 0, 0, 0, 0, 0, 0, 0, 0, 0, 0, 0, 0, 0, 0, 0, 0
  PE(15) Inst(12) Data0:
remuRedist Tags (tagWidth=16): 0, 0, 0, 0, 0, 0, 0, 0, 0, 0, 0, 0, 0, 0, 0, 0
remuRedist Forward bitvector (len=16): 0, 0, 0, 0, 0, 0, 0, 0, 0, 0, 0, 0, 0, 0, 0, 0
  PE(15) Inst(12) Data1:
remuRedist Tags (tagWidth=16): 0, 0, 0, 0, 0, 0, 0, 0, 0, 0, 0, 0, 0, 0, 0, 0
remuRedist Forward bitvector (len=16): 0, 0, 0, 0, 0, 0, 0, 0, 0, 0, 0, 0, 0, 0, 0, 0
  PE(15) Inst(12) Data2:
remuRedist Tags (tagWidth=16): 0, 0, 0, 0, 0, 0, 0, 0, 0, 0, 0, 0, 0, 0, 0, 0
remuRedist Forward bitvector (len=16): 0, 0, 0, 0, 0, 0, 0, 0, 0, 0, 0, 0, 0, 0, 0, 0
  PE(15) Inst(12) Data3:
remuRedist Tags (tagWidth=16): 0, 0, 0, 0, 0, 0, 0, 0, 0, 0, 0, 0, 0, 0, 0, 0
remuRedist Forward bitvector (len=16): 0, 0, 0, 0, 0, 0, 0, 0, 0, 0, 0, 0, 0, 0, 0, 0
  PE(15) Inst(13) Data0:
remuRedist Tags (tagWidth=16): 0, 0, 0, 0, 0, 0, 0, 0, 0, 0, 0, 0, 0, 0, 0, 0
remuRedist Forward bitvector (len=16): 0, 0, 0, 0, 0, 0, 0, 0, 0, 0, 0, 0, 0, 0, 0, 0
  PE(15) Inst(13) Data1:
remuRedist Tags (tagWidth=16): 0, 0, 0, 0, 0, 0, 0, 0, 0, 0, 0, 0, 0, 0, 0, 0
remuRedist Forward bitvector (len=16): 0, 0, 0, 0, 0, 0, 0, 0, 0, 0, 0, 0, 0, 0, 0, 0
  PE(15) Inst(13) Data2:
remuRedist Tags (tagWidth=16): 0, 0, 0, 0, 0, 0, 0, 0, 0, 0, 0, 0, 0, 0, 0, 0
remuRedist Forward bitvector (len=16): 0, 0, 0, 0, 0, 0, 0, 0, 0, 0, 0, 0, 0, 0, 0, 0
  PE(15) Inst(13) Data3:
remuRedist Tags (tagWidth=16): 0, 0, 0, 0, 0, 0, 0, 0, 0, 0, 0, 0, 0, 0, 0, 0
remuRedist Forward bitvector (len=16): 0, 0, 0, 0, 0, 0, 0, 0, 0, 0, 0, 0, 0, 0, 0, 0
  PE(15) Inst(14) Data0:
remuRedist Tags (tagWidth=16): 0, 0, 0, 0, 0, 0, 0, 0, 0, 0, 0, 0, 0, 0, 0, 0
remuRedist Forward bitvector (len=16): 0, 0, 0, 0, 0, 0, 0, 0, 0, 0, 0, 0, 0, 0, 0, 0
  PE(15) Inst(14) Data1:
remuRedist Tags (tagWidth=16): 0, 0, 0, 0, 0, 0, 0, 0, 0, 0, 0, 0, 0, 0, 0, 0
remuRedist Forward bitvector (len=16): 0, 0, 0, 0, 0, 0, 0, 0, 0, 0, 0, 0, 0, 0, 0, 0
  PE(15) Inst(14) Data2:
remuRedist Tags (tagWidth=16): 0, 0, 0, 0, 0, 0, 0, 0, 0, 0, 0, 0, 0, 0, 0, 0
remuRedist Forward bitvector (len=16): 0, 0, 0, 0, 0, 0, 0, 0, 0, 0, 0, 0, 0, 0, 0, 0
  PE(15) Inst(14) Data3:
remuRedist Tags (tagWidth=16): 0, 0, 0, 0, 0, 0, 0, 0, 0, 0, 0, 0, 0, 0, 0, 0
remuRedist Forward bitvector (len=16): 0, 0, 0, 0, 0, 0, 0, 0, 0, 0, 0, 0, 0, 0, 0, 0
  PE(15) Inst(15) Data0:
remuRedist Tags (tagWidth=16): 0, 0, 0, 0, 0, 0, 0, 0, 0, 0, 0, 0, 0, 0, 0, 0
remuRedist Forward bitvector (len=16): 0, 0, 0, 0, 0, 0, 0, 0, 0, 0, 0, 0, 0, 0, 0, 0
  PE(15) Inst(15) Data1:
remuRedist Tags (tagWidth=16): 0, 0, 0, 0, 0, 0, 0, 0, 0, 0, 0, 0, 0, 0, 0, 0
remuRedist Forward bitvector (len=16): 0, 0, 0, 0, 0, 0, 0, 0, 0, 0, 0, 0, 0, 0, 0, 0
  PE(15) Inst(15) Data2:
remuRedist Tags (tagWidth=16): 0, 0, 0, 0, 0, 0, 0, 0, 0, 0, 0, 0, 0, 0, 0, 0
remuRedist Forward bitvector (len=16): 0, 0, 0, 0, 0, 0, 0, 0, 0, 0, 0, 0, 0, 0, 0, 0
  PE(15) Inst(15) Data3:
remuRedist Tags (tagWidth=16): 0, 0, 0, 0, 0, 0, 0, 0, 0, 0, 0, 0, 0, 0, 0, 0
remuRedist Forward bitvector (len=16): 0, 0, 0, 0, 0, 0, 0, 0, 0, 0, 0, 0, 0, 0, 0, 0
remuRedist(16):
  PE(16) Inst(0) Data0:
remuRedist Tags (tagWidth=16): 1, 0, 1, 1, 1, 0, 1, 0, 0, 0, 0, 0, 0, 0, 0, 0
remuRedist Forward bitvector (len=16): 1, 0, 0, 0, 0, 0, 0, 0, 0, 0, 0, 0, 0, 0, 0, 0
  PE(16) Inst(0) Data1:
remuRedist Tags (tagWidth=16): 0, 0, 0, 0, 0, 0, 0, 0, 0, 0, 0, 0, 0, 0, 0, 0
remuRedist Forward bitvector (len=16): 0, 0, 0, 0, 0, 0, 0, 0, 0, 0, 0, 0, 0, 0, 0, 0
  PE(16) Inst(0) Data2:
remuRedist Tags (tagWidth=16): 0, 0, 0, 0, 0, 0, 0, 0, 0, 0, 0, 0, 0, 0, 0, 0
remuRedist Forward bitvector (len=16): 0, 0, 0, 0, 0, 0, 0, 0, 0, 0, 0, 0, 0, 0, 0, 0
  PE(16) Inst(0) Data3:
remuRedist Tags (tagWidth=16): 0, 0, 0, 0, 0, 0, 0, 0, 0, 0, 0, 0, 0, 0, 0, 0
remuRedist Forward bitvector (len=16): 0, 0, 0, 0, 0, 0, 0, 0, 0, 0, 0, 0, 0, 0, 0, 0
  PE(16) Inst(1) Data0:
remuRedist Tags (tagWidth=16): 0, 0, 0, 0, 0, 0, 0, 0, 0, 0, 0, 0, 0, 0, 0, 0
remuRedist Forward bitvector (len=16): 0, 0, 0, 0, 0, 0, 0, 0, 0, 0, 0, 0, 0, 0, 0, 0
  PE(16) Inst(1) Data1:
remuRedist Tags (tagWidth=16): 0, 0, 0, 0, 0, 0, 0, 0, 0, 0, 0, 0, 0, 0, 0, 0
remuRedist Forward bitvector (len=16): 0, 0, 0, 0, 0, 0, 0, 0, 0, 0, 0, 0, 0, 0, 0, 0
  PE(16) Inst(1) Data2:
remuRedist Tags (tagWidth=16): 0, 0, 0, 0, 0, 0, 0, 0, 0, 0, 0, 0, 0, 0, 0, 0
remuRedist Forward bitvector (len=16): 0, 0, 0, 0, 0, 0, 0, 0, 0, 0, 0, 0, 0, 0, 0, 0
  PE(16) Inst(1) Data3:
remuRedist Tags (tagWidth=16): 0, 0, 0, 0, 0, 0, 0, 0, 0, 0, 0, 0, 0, 0, 0, 0
remuRedist Forward bitvector (len=16): 0, 0, 0, 0, 0, 0, 0, 0, 0, 0, 0, 0, 0, 0, 0, 0
  PE(16) Inst(2) Data0:
remuRedist Tags (tagWidth=16): 0, 0, 0, 0, 0, 0, 0, 0, 0, 0, 0, 0, 0, 0, 0, 0
remuRedist Forward bitvector (len=16): 0, 0, 0, 0, 0, 0, 0, 0, 0, 0, 0, 0, 0, 0, 0, 0
  PE(16) Inst(2) Data1:
remuRedist Tags (tagWidth=16): 0, 0, 0, 0, 0, 0, 0, 0, 0, 0, 0, 0, 0, 0, 0, 0
remuRedist Forward bitvector (len=16): 0, 0, 0, 0, 0, 0, 0, 0, 0, 0, 0, 0, 0, 0, 0, 0
  PE(16) Inst(2) Data2:
remuRedist Tags (tagWidth=16): 0, 0, 0, 0, 0, 0, 0, 0, 0, 0, 0, 0, 0, 0, 0, 0
remuRedist Forward bitvector (len=16): 0, 0, 0, 0, 0, 0, 0, 0, 0, 0, 0, 0, 0, 0, 0, 0
  PE(16) Inst(2) Data3:
remuRedist Tags (tagWidth=16): 0, 0, 0, 0, 0, 0, 0, 0, 0, 0, 0, 0, 0, 0, 0, 0
remuRedist Forward bitvector (len=16): 0, 0, 0, 0, 0, 0, 0, 0, 0, 0, 0, 0, 0, 0, 0, 0
  PE(16) Inst(3) Data0:
remuRedist Tags (tagWidth=16): 0, 0, 0, 0, 0, 0, 0, 0, 0, 0, 0, 0, 0, 0, 0, 0
remuRedist Forward bitvector (len=16): 0, 0, 0, 0, 0, 0, 0, 0, 0, 0, 0, 0, 0, 0, 0, 0
  PE(16) Inst(3) Data1:
remuRedist Tags (tagWidth=16): 0, 0, 0, 0, 0, 0, 0, 0, 0, 0, 0, 0, 0, 0, 0, 0
remuRedist Forward bitvector (len=16): 0, 0, 0, 0, 0, 0, 0, 0, 0, 0, 0, 0, 0, 0, 0, 0
  PE(16) Inst(3) Data2:
remuRedist Tags (tagWidth=16): 0, 0, 0, 0, 0, 0, 0, 0, 0, 0, 0, 0, 0, 0, 0, 0
remuRedist Forward bitvector (len=16): 0, 0, 0, 0, 0, 0, 0, 0, 0, 0, 0, 0, 0, 0, 0, 0
  PE(16) Inst(3) Data3:
remuRedist Tags (tagWidth=16): 0, 0, 0, 0, 0, 0, 0, 0, 0, 0, 0, 0, 0, 0, 0, 0
remuRedist Forward bitvector (len=16): 0, 0, 0, 0, 0, 0, 0, 0, 0, 0, 0, 0, 0, 0, 0, 0
  PE(16) Inst(4) Data0:
remuRedist Tags (tagWidth=16): 0, 0, 0, 0, 0, 0, 0, 0, 0, 0, 0, 0, 0, 0, 0, 0
remuRedist Forward bitvector (len=16): 0, 0, 0, 0, 0, 0, 0, 0, 0, 0, 0, 0, 0, 0, 0, 0
  PE(16) Inst(4) Data1:
remuRedist Tags (tagWidth=16): 0, 0, 0, 0, 0, 0, 0, 0, 0, 0, 0, 0, 0, 0, 0, 0
remuRedist Forward bitvector (len=16): 0, 0, 0, 0, 0, 0, 0, 0, 0, 0, 0, 0, 0, 0, 0, 0
  PE(16) Inst(4) Data2:
remuRedist Tags (tagWidth=16): 0, 0, 0, 0, 0, 0, 0, 0, 0, 0, 0, 0, 0, 0, 0, 0
remuRedist Forward bitvector (len=16): 0, 0, 0, 0, 0, 0, 0, 0, 0, 0, 0, 0, 0, 0, 0, 0
  PE(16) Inst(4) Data3:
remuRedist Tags (tagWidth=16): 0, 0, 0, 0, 0, 0, 0, 0, 0, 0, 0, 0, 0, 0, 0, 0
remuRedist Forward bitvector (len=16): 0, 0, 0, 0, 0, 0, 0, 0, 0, 0, 0, 0, 0, 0, 0, 0
  PE(16) Inst(5) Data0:
remuRedist Tags (tagWidth=16): 0, 0, 0, 0, 0, 0, 0, 0, 0, 0, 0, 0, 0, 0, 0, 0
remuRedist Forward bitvector (len=16): 0, 0, 0, 0, 0, 0, 0, 0, 0, 0, 0, 0, 0, 0, 0, 0
  PE(16) Inst(5) Data1:
remuRedist Tags (tagWidth=16): 0, 0, 0, 0, 0, 0, 0, 0, 0, 0, 0, 0, 0, 0, 0, 0
remuRedist Forward bitvector (len=16): 0, 0, 0, 0, 0, 0, 0, 0, 0, 0, 0, 0, 0, 0, 0, 0
  PE(16) Inst(5) Data2:
remuRedist Tags (tagWidth=16): 0, 0, 0, 0, 0, 0, 0, 0, 0, 0, 0, 0, 0, 0, 0, 0
remuRedist Forward bitvector (len=16): 0, 0, 0, 0, 0, 0, 0, 0, 0, 0, 0, 0, 0, 0, 0, 0
  PE(16) Inst(5) Data3:
remuRedist Tags (tagWidth=16): 0, 0, 0, 0, 0, 0, 0, 0, 0, 0, 0, 0, 0, 0, 0, 0
remuRedist Forward bitvector (len=16): 0, 0, 0, 0, 0, 0, 0, 0, 0, 0, 0, 0, 0, 0, 0, 0
  PE(16) Inst(6) Data0:
remuRedist Tags (tagWidth=16): 0, 0, 0, 0, 0, 0, 0, 0, 0, 0, 0, 0, 0, 0, 0, 0
remuRedist Forward bitvector (len=16): 0, 0, 0, 0, 0, 0, 0, 0, 0, 0, 0, 0, 0, 0, 0, 0
  PE(16) Inst(6) Data1:
remuRedist Tags (tagWidth=16): 0, 0, 0, 0, 0, 0, 0, 0, 0, 0, 0, 0, 0, 0, 0, 0
remuRedist Forward bitvector (len=16): 0, 0, 0, 0, 0, 0, 0, 0, 0, 0, 0, 0, 0, 0, 0, 0
  PE(16) Inst(6) Data2:
remuRedist Tags (tagWidth=16): 0, 0, 0, 0, 0, 0, 0, 0, 0, 0, 0, 0, 0, 0, 0, 0
remuRedist Forward bitvector (len=16): 0, 0, 0, 0, 0, 0, 0, 0, 0, 0, 0, 0, 0, 0, 0, 0
  PE(16) Inst(6) Data3:
remuRedist Tags (tagWidth=16): 0, 0, 0, 0, 0, 0, 0, 0, 0, 0, 0, 0, 0, 0, 0, 0
remuRedist Forward bitvector (len=16): 0, 0, 0, 0, 0, 0, 0, 0, 0, 0, 0, 0, 0, 0, 0, 0
  PE(16) Inst(7) Data0:
remuRedist Tags (tagWidth=16): 0, 0, 0, 0, 0, 0, 0, 0, 0, 0, 0, 0, 0, 0, 0, 0
remuRedist Forward bitvector (len=16): 0, 0, 0, 0, 0, 0, 0, 0, 0, 0, 0, 0, 0, 0, 0, 0
  PE(16) Inst(7) Data1:
remuRedist Tags (tagWidth=16): 0, 0, 0, 0, 0, 0, 0, 0, 0, 0, 0, 0, 0, 0, 0, 0
remuRedist Forward bitvector (len=16): 0, 0, 0, 0, 0, 0, 0, 0, 0, 0, 0, 0, 0, 0, 0, 0
  PE(16) Inst(7) Data2:
remuRedist Tags (tagWidth=16): 0, 0, 0, 0, 0, 0, 0, 0, 0, 0, 0, 0, 0, 0, 0, 0
remuRedist Forward bitvector (len=16): 0, 0, 0, 0, 0, 0, 0, 0, 0, 0, 0, 0, 0, 0, 0, 0
  PE(16) Inst(7) Data3:
remuRedist Tags (tagWidth=16): 0, 0, 0, 0, 0, 0, 0, 0, 0, 0, 0, 0, 0, 0, 0, 0
remuRedist Forward bitvector (len=16): 0, 0, 0, 0, 0, 0, 0, 0, 0, 0, 0, 0, 0, 0, 0, 0
  PE(16) Inst(8) Data0:
remuRedist Tags (tagWidth=16): 0, 0, 0, 0, 0, 0, 0, 0, 0, 0, 0, 0, 0, 0, 0, 0
remuRedist Forward bitvector (len=16): 0, 0, 0, 0, 0, 0, 0, 0, 0, 0, 0, 0, 0, 0, 0, 0
  PE(16) Inst(8) Data1:
remuRedist Tags (tagWidth=16): 0, 0, 0, 0, 0, 0, 0, 0, 0, 0, 0, 0, 0, 0, 0, 0
remuRedist Forward bitvector (len=16): 0, 0, 0, 0, 0, 0, 0, 0, 0, 0, 0, 0, 0, 0, 0, 0
  PE(16) Inst(8) Data2:
remuRedist Tags (tagWidth=16): 0, 0, 0, 0, 0, 0, 0, 0, 0, 0, 0, 0, 0, 0, 0, 0
remuRedist Forward bitvector (len=16): 0, 0, 0, 0, 0, 0, 0, 0, 0, 0, 0, 0, 0, 0, 0, 0
  PE(16) Inst(8) Data3:
remuRedist Tags (tagWidth=16): 0, 0, 0, 0, 0, 0, 0, 0, 0, 0, 0, 0, 0, 0, 0, 0
remuRedist Forward bitvector (len=16): 0, 0, 0, 0, 0, 0, 0, 0, 0, 0, 0, 0, 0, 0, 0, 0
  PE(16) Inst(9) Data0:
remuRedist Tags (tagWidth=16): 0, 0, 0, 0, 0, 0, 0, 0, 0, 0, 0, 0, 0, 0, 0, 0
remuRedist Forward bitvector (len=16): 0, 0, 0, 0, 0, 0, 0, 0, 0, 0, 0, 0, 0, 0, 0, 0
  PE(16) Inst(9) Data1:
remuRedist Tags (tagWidth=16): 0, 0, 0, 0, 0, 0, 0, 0, 0, 0, 0, 0, 0, 0, 0, 0
remuRedist Forward bitvector (len=16): 0, 0, 0, 0, 0, 0, 0, 0, 0, 0, 0, 0, 0, 0, 0, 0
  PE(16) Inst(9) Data2:
remuRedist Tags (tagWidth=16): 0, 0, 0, 0, 0, 0, 0, 0, 0, 0, 0, 0, 0, 0, 0, 0
remuRedist Forward bitvector (len=16): 0, 0, 0, 0, 0, 0, 0, 0, 0, 0, 0, 0, 0, 0, 0, 0
  PE(16) Inst(9) Data3:
remuRedist Tags (tagWidth=16): 0, 0, 0, 0, 0, 0, 0, 0, 0, 0, 0, 0, 0, 0, 0, 0
remuRedist Forward bitvector (len=16): 0, 0, 0, 0, 0, 0, 0, 0, 0, 0, 0, 0, 0, 0, 0, 0
  PE(16) Inst(10) Data0:
remuRedist Tags (tagWidth=16): 0, 0, 0, 0, 0, 0, 0, 0, 0, 0, 0, 0, 0, 0, 0, 0
remuRedist Forward bitvector (len=16): 0, 0, 0, 0, 0, 0, 0, 0, 0, 0, 0, 0, 0, 0, 0, 0
  PE(16) Inst(10) Data1:
remuRedist Tags (tagWidth=16): 0, 0, 0, 0, 0, 0, 0, 0, 0, 0, 0, 0, 0, 0, 0, 0
remuRedist Forward bitvector (len=16): 0, 0, 0, 0, 0, 0, 0, 0, 0, 0, 0, 0, 0, 0, 0, 0
  PE(16) Inst(10) Data2:
remuRedist Tags (tagWidth=16): 0, 0, 0, 0, 0, 0, 0, 0, 0, 0, 0, 0, 0, 0, 0, 0
remuRedist Forward bitvector (len=16): 0, 0, 0, 0, 0, 0, 0, 0, 0, 0, 0, 0, 0, 0, 0, 0
  PE(16) Inst(10) Data3:
remuRedist Tags (tagWidth=16): 0, 0, 0, 0, 0, 0, 0, 0, 0, 0, 0, 0, 0, 0, 0, 0
remuRedist Forward bitvector (len=16): 0, 0, 0, 0, 0, 0, 0, 0, 0, 0, 0, 0, 0, 0, 0, 0
  PE(16) Inst(11) Data0:
remuRedist Tags (tagWidth=16): 0, 0, 0, 0, 0, 0, 0, 0, 0, 0, 0, 0, 0, 0, 0, 0
remuRedist Forward bitvector (len=16): 0, 0, 0, 0, 0, 0, 0, 0, 0, 0, 0, 0, 0, 0, 0, 0
  PE(16) Inst(11) Data1:
remuRedist Tags (tagWidth=16): 0, 0, 0, 0, 0, 0, 0, 0, 0, 0, 0, 0, 0, 0, 0, 0
remuRedist Forward bitvector (len=16): 0, 0, 0, 0, 0, 0, 0, 0, 0, 0, 0, 0, 0, 0, 0, 0
  PE(16) Inst(11) Data2:
remuRedist Tags (tagWidth=16): 0, 0, 0, 0, 0, 0, 0, 0, 0, 0, 0, 0, 0, 0, 0, 0
remuRedist Forward bitvector (len=16): 0, 0, 0, 0, 0, 0, 0, 0, 0, 0, 0, 0, 0, 0, 0, 0
  PE(16) Inst(11) Data3:
remuRedist Tags (tagWidth=16): 0, 0, 0, 0, 0, 0, 0, 0, 0, 0, 0, 0, 0, 0, 0, 0
remuRedist Forward bitvector (len=16): 0, 0, 0, 0, 0, 0, 0, 0, 0, 0, 0, 0, 0, 0, 0, 0
  PE(16) Inst(12) Data0:
remuRedist Tags (tagWidth=16): 0, 0, 0, 0, 0, 0, 0, 0, 0, 0, 0, 0, 0, 0, 0, 0
remuRedist Forward bitvector (len=16): 0, 0, 0, 0, 0, 0, 0, 0, 0, 0, 0, 0, 0, 0, 0, 0
  PE(16) Inst(12) Data1:
remuRedist Tags (tagWidth=16): 0, 0, 0, 0, 0, 0, 0, 0, 0, 0, 0, 0, 0, 0, 0, 0
remuRedist Forward bitvector (len=16): 0, 0, 0, 0, 0, 0, 0, 0, 0, 0, 0, 0, 0, 0, 0, 0
  PE(16) Inst(12) Data2:
remuRedist Tags (tagWidth=16): 0, 0, 0, 0, 0, 0, 0, 0, 0, 0, 0, 0, 0, 0, 0, 0
remuRedist Forward bitvector (len=16): 0, 0, 0, 0, 0, 0, 0, 0, 0, 0, 0, 0, 0, 0, 0, 0
  PE(16) Inst(12) Data3:
remuRedist Tags (tagWidth=16): 0, 0, 0, 0, 0, 0, 0, 0, 0, 0, 0, 0, 0, 0, 0, 0
remuRedist Forward bitvector (len=16): 0, 0, 0, 0, 0, 0, 0, 0, 0, 0, 0, 0, 0, 0, 0, 0
  PE(16) Inst(13) Data0:
remuRedist Tags (tagWidth=16): 0, 0, 0, 0, 0, 0, 0, 0, 0, 0, 0, 0, 0, 0, 0, 0
remuRedist Forward bitvector (len=16): 0, 0, 0, 0, 0, 0, 0, 0, 0, 0, 0, 0, 0, 0, 0, 0
  PE(16) Inst(13) Data1:
remuRedist Tags (tagWidth=16): 0, 0, 0, 0, 0, 0, 0, 0, 0, 0, 0, 0, 0, 0, 0, 0
remuRedist Forward bitvector (len=16): 0, 0, 0, 0, 0, 0, 0, 0, 0, 0, 0, 0, 0, 0, 0, 0
  PE(16) Inst(13) Data2:
remuRedist Tags (tagWidth=16): 0, 0, 0, 0, 0, 0, 0, 0, 0, 0, 0, 0, 0, 0, 0, 0
remuRedist Forward bitvector (len=16): 0, 0, 0, 0, 0, 0, 0, 0, 0, 0, 0, 0, 0, 0, 0, 0
  PE(16) Inst(13) Data3:
remuRedist Tags (tagWidth=16): 0, 0, 0, 0, 0, 0, 0, 0, 0, 0, 0, 0, 0, 0, 0, 0
remuRedist Forward bitvector (len=16): 0, 0, 0, 0, 0, 0, 0, 0, 0, 0, 0, 0, 0, 0, 0, 0
  PE(16) Inst(14) Data0:
remuRedist Tags (tagWidth=16): 0, 0, 0, 0, 0, 0, 0, 0, 0, 0, 0, 0, 0, 0, 0, 0
remuRedist Forward bitvector (len=16): 0, 0, 0, 0, 0, 0, 0, 0, 0, 0, 0, 0, 0, 0, 0, 0
  PE(16) Inst(14) Data1:
remuRedist Tags (tagWidth=16): 0, 0, 0, 0, 0, 0, 0, 0, 0, 0, 0, 0, 0, 0, 0, 0
remuRedist Forward bitvector (len=16): 0, 0, 0, 0, 0, 0, 0, 0, 0, 0, 0, 0, 0, 0, 0, 0
  PE(16) Inst(14) Data2:
remuRedist Tags (tagWidth=16): 0, 0, 0, 0, 0, 0, 0, 0, 0, 0, 0, 0, 0, 0, 0, 0
remuRedist Forward bitvector (len=16): 0, 0, 0, 0, 0, 0, 0, 0, 0, 0, 0, 0, 0, 0, 0, 0
  PE(16) Inst(14) Data3:
remuRedist Tags (tagWidth=16): 0, 0, 0, 0, 0, 0, 0, 0, 0, 0, 0, 0, 0, 0, 0, 0
remuRedist Forward bitvector (len=16): 0, 0, 0, 0, 0, 0, 0, 0, 0, 0, 0, 0, 0, 0, 0, 0
  PE(16) Inst(15) Data0:
remuRedist Tags (tagWidth=16): 0, 0, 0, 0, 0, 0, 0, 0, 0, 0, 0, 0, 0, 0, 0, 0
remuRedist Forward bitvector (len=16): 0, 0, 0, 0, 0, 0, 0, 0, 0, 0, 0, 0, 0, 0, 0, 0
  PE(16) Inst(15) Data1:
remuRedist Tags (tagWidth=16): 0, 0, 0, 0, 0, 0, 0, 0, 0, 0, 0, 0, 0, 0, 0, 0
remuRedist Forward bitvector (len=16): 0, 0, 0, 0, 0, 0, 0, 0, 0, 0, 0, 0, 0, 0, 0, 0
  PE(16) Inst(15) Data2:
remuRedist Tags (tagWidth=16): 0, 0, 0, 0, 0, 0, 0, 0, 0, 0, 0, 0, 0, 0, 0, 0
remuRedist Forward bitvector (len=16): 0, 0, 0, 0, 0, 0, 0, 0, 0, 0, 0, 0, 0, 0, 0, 0
  PE(16) Inst(15) Data3:
remuRedist Tags (tagWidth=16): 0, 0, 0, 0, 0, 0, 0, 0, 0, 0, 0, 0, 0, 0, 0, 0
remuRedist Forward bitvector (len=16): 0, 0, 0, 0, 0, 0, 0, 0, 0, 0, 0, 0, 0, 0, 0, 0
remuRedist(17):
  PE(17) Inst(0) Data0:
remuRedist Tags (tagWidth=16): 0, 0, 0, 0, 0, 0, 0, 0, 0, 0, 0, 0, 0, 0, 0, 0
remuRedist Forward bitvector (len=16): 0, 0, 0, 0, 0, 0, 0, 0, 0, 0, 0, 0, 0, 0, 0, 0
  PE(17) Inst(0) Data1:
remuRedist Tags (tagWidth=16): 0, 0, 0, 0, 0, 0, 0, 0, 0, 0, 0, 0, 0, 0, 0, 0
remuRedist Forward bitvector (len=16): 0, 0, 0, 0, 0, 0, 0, 0, 0, 0, 0, 0, 0, 0, 0, 0
  PE(17) Inst(0) Data2:
remuRedist Tags (tagWidth=16): 0, 0, 0, 0, 0, 0, 0, 0, 0, 0, 0, 0, 0, 0, 0, 0
remuRedist Forward bitvector (len=16): 0, 0, 0, 0, 0, 0, 0, 0, 0, 0, 0, 0, 0, 0, 0, 0
  PE(17) Inst(0) Data3:
remuRedist Tags (tagWidth=16): 0, 0, 0, 0, 0, 0, 0, 0, 0, 0, 0, 0, 0, 0, 0, 0
remuRedist Forward bitvector (len=16): 0, 0, 0, 0, 0, 0, 0, 0, 0, 0, 0, 0, 0, 0, 0, 0
  PE(17) Inst(1) Data0:
remuRedist Tags (tagWidth=16): 0, 0, 0, 0, 0, 0, 0, 0, 0, 0, 0, 0, 0, 0, 0, 0
remuRedist Forward bitvector (len=16): 0, 0, 0, 0, 0, 0, 0, 0, 0, 0, 0, 0, 0, 0, 0, 0
  PE(17) Inst(1) Data1:
remuRedist Tags (tagWidth=16): 0, 0, 0, 0, 0, 0, 0, 0, 0, 0, 0, 0, 0, 0, 0, 0
remuRedist Forward bitvector (len=16): 0, 0, 0, 0, 0, 0, 0, 0, 0, 0, 0, 0, 0, 0, 0, 0
  PE(17) Inst(1) Data2:
remuRedist Tags (tagWidth=16): 0, 0, 0, 0, 0, 0, 0, 0, 0, 0, 0, 0, 0, 0, 0, 0
remuRedist Forward bitvector (len=16): 0, 0, 0, 0, 0, 0, 0, 0, 0, 0, 0, 0, 0, 0, 0, 0
  PE(17) Inst(1) Data3:
remuRedist Tags (tagWidth=16): 0, 0, 0, 0, 0, 0, 0, 0, 0, 0, 0, 0, 0, 0, 0, 0
remuRedist Forward bitvector (len=16): 0, 0, 0, 0, 0, 0, 0, 0, 0, 0, 0, 0, 0, 0, 0, 0
  PE(17) Inst(2) Data0:
remuRedist Tags (tagWidth=16): 0, 0, 0, 0, 0, 0, 0, 0, 0, 0, 0, 0, 0, 0, 0, 0
remuRedist Forward bitvector (len=16): 0, 0, 0, 0, 0, 0, 0, 0, 0, 0, 0, 0, 0, 0, 0, 0
  PE(17) Inst(2) Data1:
remuRedist Tags (tagWidth=16): 0, 0, 0, 0, 0, 0, 0, 0, 0, 0, 0, 0, 0, 0, 0, 0
remuRedist Forward bitvector (len=16): 0, 0, 0, 0, 0, 0, 0, 0, 0, 0, 0, 0, 0, 0, 0, 0
  PE(17) Inst(2) Data2:
remuRedist Tags (tagWidth=16): 0, 0, 0, 0, 0, 0, 0, 0, 0, 0, 0, 0, 0, 0, 0, 0
remuRedist Forward bitvector (len=16): 0, 0, 0, 0, 0, 0, 0, 0, 0, 0, 0, 0, 0, 0, 0, 0
  PE(17) Inst(2) Data3:
remuRedist Tags (tagWidth=16): 0, 0, 0, 0, 0, 0, 0, 0, 0, 0, 0, 0, 0, 0, 0, 0
remuRedist Forward bitvector (len=16): 0, 0, 0, 0, 0, 0, 0, 0, 0, 0, 0, 0, 0, 0, 0, 0
  PE(17) Inst(3) Data0:
remuRedist Tags (tagWidth=16): 0, 0, 0, 0, 0, 0, 0, 0, 0, 0, 0, 0, 0, 0, 0, 0
remuRedist Forward bitvector (len=16): 0, 0, 0, 0, 0, 0, 0, 0, 0, 0, 0, 0, 0, 0, 0, 0
  PE(17) Inst(3) Data1:
remuRedist Tags (tagWidth=16): 0, 0, 0, 0, 0, 0, 0, 0, 0, 0, 0, 0, 0, 0, 0, 0
remuRedist Forward bitvector (len=16): 0, 0, 0, 0, 0, 0, 0, 0, 0, 0, 0, 0, 0, 0, 0, 0
  PE(17) Inst(3) Data2:
remuRedist Tags (tagWidth=16): 0, 0, 0, 0, 0, 0, 0, 0, 0, 0, 0, 0, 0, 0, 0, 0
remuRedist Forward bitvector (len=16): 0, 0, 0, 0, 0, 0, 0, 0, 0, 0, 0, 0, 0, 0, 0, 0
  PE(17) Inst(3) Data3:
remuRedist Tags (tagWidth=16): 0, 0, 0, 0, 0, 0, 0, 0, 0, 0, 0, 0, 0, 0, 0, 0
remuRedist Forward bitvector (len=16): 0, 0, 0, 0, 0, 0, 0, 0, 0, 0, 0, 0, 0, 0, 0, 0
  PE(17) Inst(4) Data0:
remuRedist Tags (tagWidth=16): 0, 0, 0, 0, 0, 0, 0, 0, 0, 0, 0, 0, 0, 0, 0, 0
remuRedist Forward bitvector (len=16): 0, 0, 0, 0, 0, 0, 0, 0, 0, 0, 0, 0, 0, 0, 0, 0
  PE(17) Inst(4) Data1:
remuRedist Tags (tagWidth=16): 0, 0, 0, 0, 0, 0, 0, 0, 0, 0, 0, 0, 0, 0, 0, 0
remuRedist Forward bitvector (len=16): 0, 0, 0, 0, 0, 0, 0, 0, 0, 0, 0, 0, 0, 0, 0, 0
  PE(17) Inst(4) Data2:
remuRedist Tags (tagWidth=16): 0, 0, 0, 0, 0, 0, 0, 0, 0, 0, 0, 0, 0, 0, 0, 0
remuRedist Forward bitvector (len=16): 0, 0, 0, 0, 0, 0, 0, 0, 0, 0, 0, 0, 0, 0, 0, 0
  PE(17) Inst(4) Data3:
remuRedist Tags (tagWidth=16): 0, 0, 0, 0, 0, 0, 0, 0, 0, 0, 0, 0, 0, 0, 0, 0
remuRedist Forward bitvector (len=16): 0, 0, 0, 0, 0, 0, 0, 0, 0, 0, 0, 0, 0, 0, 0, 0
  PE(17) Inst(5) Data0:
remuRedist Tags (tagWidth=16): 0, 0, 0, 0, 0, 0, 0, 0, 0, 0, 0, 0, 0, 0, 0, 0
remuRedist Forward bitvector (len=16): 0, 0, 0, 0, 0, 0, 0, 0, 0, 0, 0, 0, 0, 0, 0, 0
  PE(17) Inst(5) Data1:
remuRedist Tags (tagWidth=16): 0, 0, 0, 0, 0, 0, 0, 0, 0, 0, 0, 0, 0, 0, 0, 0
remuRedist Forward bitvector (len=16): 0, 0, 0, 0, 0, 0, 0, 0, 0, 0, 0, 0, 0, 0, 0, 0
  PE(17) Inst(5) Data2:
remuRedist Tags (tagWidth=16): 0, 0, 0, 0, 0, 0, 0, 0, 0, 0, 0, 0, 0, 0, 0, 0
remuRedist Forward bitvector (len=16): 0, 0, 0, 0, 0, 0, 0, 0, 0, 0, 0, 0, 0, 0, 0, 0
  PE(17) Inst(5) Data3:
remuRedist Tags (tagWidth=16): 0, 0, 0, 0, 0, 0, 0, 0, 0, 0, 0, 0, 0, 0, 0, 0
remuRedist Forward bitvector (len=16): 0, 0, 0, 0, 0, 0, 0, 0, 0, 0, 0, 0, 0, 0, 0, 0
  PE(17) Inst(6) Data0:
remuRedist Tags (tagWidth=16): 0, 0, 0, 0, 0, 0, 0, 0, 0, 0, 0, 0, 0, 0, 0, 0
remuRedist Forward bitvector (len=16): 0, 0, 0, 0, 0, 0, 0, 0, 0, 0, 0, 0, 0, 0, 0, 0
  PE(17) Inst(6) Data1:
remuRedist Tags (tagWidth=16): 0, 0, 0, 0, 0, 0, 0, 0, 0, 0, 0, 0, 0, 0, 0, 0
remuRedist Forward bitvector (len=16): 0, 0, 0, 0, 0, 0, 0, 0, 0, 0, 0, 0, 0, 0, 0, 0
  PE(17) Inst(6) Data2:
remuRedist Tags (tagWidth=16): 0, 0, 0, 0, 0, 0, 0, 0, 0, 0, 0, 0, 0, 0, 0, 0
remuRedist Forward bitvector (len=16): 0, 0, 0, 0, 0, 0, 0, 0, 0, 0, 0, 0, 0, 0, 0, 0
  PE(17) Inst(6) Data3:
remuRedist Tags (tagWidth=16): 0, 0, 0, 0, 0, 0, 0, 0, 0, 0, 0, 0, 0, 0, 0, 0
remuRedist Forward bitvector (len=16): 0, 0, 0, 0, 0, 0, 0, 0, 0, 0, 0, 0, 0, 0, 0, 0
  PE(17) Inst(7) Data0:
remuRedist Tags (tagWidth=16): 0, 0, 0, 0, 0, 0, 0, 0, 0, 0, 0, 0, 0, 0, 0, 0
remuRedist Forward bitvector (len=16): 0, 0, 0, 0, 0, 0, 0, 0, 0, 0, 0, 0, 0, 0, 0, 0
  PE(17) Inst(7) Data1:
remuRedist Tags (tagWidth=16): 0, 0, 0, 0, 0, 0, 0, 0, 0, 0, 0, 0, 0, 0, 0, 0
remuRedist Forward bitvector (len=16): 0, 0, 0, 0, 0, 0, 0, 0, 0, 0, 0, 0, 0, 0, 0, 0
  PE(17) Inst(7) Data2:
remuRedist Tags (tagWidth=16): 0, 0, 0, 0, 0, 0, 0, 0, 0, 0, 0, 0, 0, 0, 0, 0
remuRedist Forward bitvector (len=16): 0, 0, 0, 0, 0, 0, 0, 0, 0, 0, 0, 0, 0, 0, 0, 0
  PE(17) Inst(7) Data3:
remuRedist Tags (tagWidth=16): 0, 0, 0, 0, 0, 0, 0, 0, 0, 0, 0, 0, 0, 0, 0, 0
remuRedist Forward bitvector (len=16): 0, 0, 0, 0, 0, 0, 0, 0, 0, 0, 0, 0, 0, 0, 0, 0
  PE(17) Inst(8) Data0:
remuRedist Tags (tagWidth=16): 0, 0, 0, 0, 0, 0, 0, 0, 0, 0, 0, 0, 0, 0, 0, 0
remuRedist Forward bitvector (len=16): 0, 0, 0, 0, 0, 0, 0, 0, 0, 0, 0, 0, 0, 0, 0, 0
  PE(17) Inst(8) Data1:
remuRedist Tags (tagWidth=16): 0, 0, 0, 0, 0, 0, 0, 0, 0, 0, 0, 0, 0, 0, 0, 0
remuRedist Forward bitvector (len=16): 0, 0, 0, 0, 0, 0, 0, 0, 0, 0, 0, 0, 0, 0, 0, 0
  PE(17) Inst(8) Data2:
remuRedist Tags (tagWidth=16): 0, 0, 0, 0, 0, 0, 0, 0, 0, 0, 0, 0, 0, 0, 0, 0
remuRedist Forward bitvector (len=16): 0, 0, 0, 0, 0, 0, 0, 0, 0, 0, 0, 0, 0, 0, 0, 0
  PE(17) Inst(8) Data3:
remuRedist Tags (tagWidth=16): 0, 0, 0, 0, 0, 0, 0, 0, 0, 0, 0, 0, 0, 0, 0, 0
remuRedist Forward bitvector (len=16): 0, 0, 0, 0, 0, 0, 0, 0, 0, 0, 0, 0, 0, 0, 0, 0
  PE(17) Inst(9) Data0:
remuRedist Tags (tagWidth=16): 0, 0, 0, 0, 0, 0, 0, 0, 0, 0, 0, 0, 0, 0, 0, 0
remuRedist Forward bitvector (len=16): 0, 0, 0, 0, 0, 0, 0, 0, 0, 0, 0, 0, 0, 0, 0, 0
  PE(17) Inst(9) Data1:
remuRedist Tags (tagWidth=16): 0, 0, 0, 0, 0, 0, 0, 0, 0, 0, 0, 0, 0, 0, 0, 0
remuRedist Forward bitvector (len=16): 0, 0, 0, 0, 0, 0, 0, 0, 0, 0, 0, 0, 0, 0, 0, 0
  PE(17) Inst(9) Data2:
remuRedist Tags (tagWidth=16): 0, 0, 0, 0, 0, 0, 0, 0, 0, 0, 0, 0, 0, 0, 0, 0
remuRedist Forward bitvector (len=16): 0, 0, 0, 0, 0, 0, 0, 0, 0, 0, 0, 0, 0, 0, 0, 0
  PE(17) Inst(9) Data3:
remuRedist Tags (tagWidth=16): 0, 0, 0, 0, 0, 0, 0, 0, 0, 0, 0, 0, 0, 0, 0, 0
remuRedist Forward bitvector (len=16): 0, 0, 0, 0, 0, 0, 0, 0, 0, 0, 0, 0, 0, 0, 0, 0
  PE(17) Inst(10) Data0:
remuRedist Tags (tagWidth=16): 0, 0, 0, 0, 0, 0, 0, 0, 0, 0, 0, 0, 0, 0, 0, 0
remuRedist Forward bitvector (len=16): 0, 0, 0, 0, 0, 0, 0, 0, 0, 0, 0, 0, 0, 0, 0, 0
  PE(17) Inst(10) Data1:
remuRedist Tags (tagWidth=16): 0, 0, 0, 0, 0, 0, 0, 0, 0, 0, 0, 0, 0, 0, 0, 0
remuRedist Forward bitvector (len=16): 0, 0, 0, 0, 0, 0, 0, 0, 0, 0, 0, 0, 0, 0, 0, 0
  PE(17) Inst(10) Data2:
remuRedist Tags (tagWidth=16): 0, 0, 0, 0, 0, 0, 0, 0, 0, 0, 0, 0, 0, 0, 0, 0
remuRedist Forward bitvector (len=16): 0, 0, 0, 0, 0, 0, 0, 0, 0, 0, 0, 0, 0, 0, 0, 0
  PE(17) Inst(10) Data3:
remuRedist Tags (tagWidth=16): 0, 0, 0, 0, 0, 0, 0, 0, 0, 0, 0, 0, 0, 0, 0, 0
remuRedist Forward bitvector (len=16): 0, 0, 0, 0, 0, 0, 0, 0, 0, 0, 0, 0, 0, 0, 0, 0
  PE(17) Inst(11) Data0:
remuRedist Tags (tagWidth=16): 0, 0, 0, 0, 0, 0, 0, 0, 0, 0, 0, 0, 0, 0, 0, 0
remuRedist Forward bitvector (len=16): 0, 0, 0, 0, 0, 0, 0, 0, 0, 0, 0, 0, 0, 0, 0, 0
  PE(17) Inst(11) Data1:
remuRedist Tags (tagWidth=16): 0, 0, 0, 0, 0, 0, 0, 0, 0, 0, 0, 0, 0, 0, 0, 0
remuRedist Forward bitvector (len=16): 0, 0, 0, 0, 0, 0, 0, 0, 0, 0, 0, 0, 0, 0, 0, 0
  PE(17) Inst(11) Data2:
remuRedist Tags (tagWidth=16): 0, 0, 0, 0, 0, 0, 0, 0, 0, 0, 0, 0, 0, 0, 0, 0
remuRedist Forward bitvector (len=16): 0, 0, 0, 0, 0, 0, 0, 0, 0, 0, 0, 0, 0, 0, 0, 0
  PE(17) Inst(11) Data3:
remuRedist Tags (tagWidth=16): 0, 0, 0, 0, 0, 0, 0, 0, 0, 0, 0, 0, 0, 0, 0, 0
remuRedist Forward bitvector (len=16): 0, 0, 0, 0, 0, 0, 0, 0, 0, 0, 0, 0, 0, 0, 0, 0
  PE(17) Inst(12) Data0:
remuRedist Tags (tagWidth=16): 0, 0, 0, 0, 0, 0, 0, 0, 0, 0, 0, 0, 0, 0, 0, 0
remuRedist Forward bitvector (len=16): 0, 0, 0, 0, 0, 0, 0, 0, 0, 0, 0, 0, 0, 0, 0, 0
  PE(17) Inst(12) Data1:
remuRedist Tags (tagWidth=16): 0, 0, 0, 0, 0, 0, 0, 0, 0, 0, 0, 0, 0, 0, 0, 0
remuRedist Forward bitvector (len=16): 0, 0, 0, 0, 0, 0, 0, 0, 0, 0, 0, 0, 0, 0, 0, 0
  PE(17) Inst(12) Data2:
remuRedist Tags (tagWidth=16): 0, 0, 0, 0, 0, 0, 0, 0, 0, 0, 0, 0, 0, 0, 0, 0
remuRedist Forward bitvector (len=16): 0, 0, 0, 0, 0, 0, 0, 0, 0, 0, 0, 0, 0, 0, 0, 0
  PE(17) Inst(12) Data3:
remuRedist Tags (tagWidth=16): 0, 0, 0, 0, 0, 0, 0, 0, 0, 0, 0, 0, 0, 0, 0, 0
remuRedist Forward bitvector (len=16): 0, 0, 0, 0, 0, 0, 0, 0, 0, 0, 0, 0, 0, 0, 0, 0
  PE(17) Inst(13) Data0:
remuRedist Tags (tagWidth=16): 0, 0, 0, 0, 0, 0, 0, 0, 0, 0, 0, 0, 0, 0, 0, 0
remuRedist Forward bitvector (len=16): 0, 0, 0, 0, 0, 0, 0, 0, 0, 0, 0, 0, 0, 0, 0, 0
  PE(17) Inst(13) Data1:
remuRedist Tags (tagWidth=16): 0, 0, 0, 0, 0, 0, 0, 0, 0, 0, 0, 0, 0, 0, 0, 0
remuRedist Forward bitvector (len=16): 0, 0, 0, 0, 0, 0, 0, 0, 0, 0, 0, 0, 0, 0, 0, 0
  PE(17) Inst(13) Data2:
remuRedist Tags (tagWidth=16): 0, 0, 0, 0, 0, 0, 0, 0, 0, 0, 0, 0, 0, 0, 0, 0
remuRedist Forward bitvector (len=16): 0, 0, 0, 0, 0, 0, 0, 0, 0, 0, 0, 0, 0, 0, 0, 0
  PE(17) Inst(13) Data3:
remuRedist Tags (tagWidth=16): 0, 0, 0, 0, 0, 0, 0, 0, 0, 0, 0, 0, 0, 0, 0, 0
remuRedist Forward bitvector (len=16): 0, 0, 0, 0, 0, 0, 0, 0, 0, 0, 0, 0, 0, 0, 0, 0
  PE(17) Inst(14) Data0:
remuRedist Tags (tagWidth=16): 0, 0, 0, 0, 0, 0, 0, 0, 0, 0, 0, 0, 0, 0, 0, 0
remuRedist Forward bitvector (len=16): 0, 0, 0, 0, 0, 0, 0, 0, 0, 0, 0, 0, 0, 0, 0, 0
  PE(17) Inst(14) Data1:
remuRedist Tags (tagWidth=16): 0, 0, 0, 0, 0, 0, 0, 0, 0, 0, 0, 0, 0, 0, 0, 0
remuRedist Forward bitvector (len=16): 0, 0, 0, 0, 0, 0, 0, 0, 0, 0, 0, 0, 0, 0, 0, 0
  PE(17) Inst(14) Data2:
remuRedist Tags (tagWidth=16): 0, 0, 0, 0, 0, 0, 0, 0, 0, 0, 0, 0, 0, 0, 0, 0
remuRedist Forward bitvector (len=16): 0, 0, 0, 0, 0, 0, 0, 0, 0, 0, 0, 0, 0, 0, 0, 0
  PE(17) Inst(14) Data3:
remuRedist Tags (tagWidth=16): 0, 0, 0, 0, 0, 0, 0, 0, 0, 0, 0, 0, 0, 0, 0, 0
remuRedist Forward bitvector (len=16): 0, 0, 0, 0, 0, 0, 0, 0, 0, 0, 0, 0, 0, 0, 0, 0
  PE(17) Inst(15) Data0:
remuRedist Tags (tagWidth=16): 0, 0, 0, 0, 0, 0, 0, 0, 0, 0, 0, 0, 0, 0, 0, 0
remuRedist Forward bitvector (len=16): 0, 0, 0, 0, 0, 0, 0, 0, 0, 0, 0, 0, 0, 0, 0, 0
  PE(17) Inst(15) Data1:
remuRedist Tags (tagWidth=16): 0, 0, 0, 0, 0, 0, 0, 0, 0, 0, 0, 0, 0, 0, 0, 0
remuRedist Forward bitvector (len=16): 0, 0, 0, 0, 0, 0, 0, 0, 0, 0, 0, 0, 0, 0, 0, 0
  PE(17) Inst(15) Data2:
remuRedist Tags (tagWidth=16): 0, 0, 0, 0, 0, 0, 0, 0, 0, 0, 0, 0, 0, 0, 0, 0
remuRedist Forward bitvector (len=16): 0, 0, 0, 0, 0, 0, 0, 0, 0, 0, 0, 0, 0, 0, 0, 0
  PE(17) Inst(15) Data3:
remuRedist Tags (tagWidth=16): 0, 0, 0, 0, 0, 0, 0, 0, 0, 0, 0, 0, 0, 0, 0, 0
remuRedist Forward bitvector (len=16): 0, 0, 0, 0, 0, 0, 0, 0, 0, 0, 0, 0, 0, 0, 0, 0
remuRedist(18):
  PE(18) Inst(0) Data0:
remuRedist Tags (tagWidth=16): 1, 1, 1, 0, 1, 0, 1, 0, 0, 0, 0, 0, 0, 0, 0, 0
remuRedist Forward bitvector (len=16): 1, 0, 0, 0, 0, 0, 0, 0, 0, 0, 0, 0, 0, 0, 0, 0
  PE(18) Inst(0) Data1:
remuRedist Tags (tagWidth=16): 0, 0, 0, 0, 0, 0, 0, 0, 0, 0, 0, 0, 0, 0, 0, 0
remuRedist Forward bitvector (len=16): 0, 0, 0, 0, 0, 0, 0, 0, 0, 0, 0, 0, 0, 0, 0, 0
  PE(18) Inst(0) Data2:
remuRedist Tags (tagWidth=16): 0, 0, 0, 0, 0, 0, 0, 0, 0, 0, 0, 0, 0, 0, 0, 0
remuRedist Forward bitvector (len=16): 0, 0, 0, 0, 0, 0, 0, 0, 0, 0, 0, 0, 0, 0, 0, 0
  PE(18) Inst(0) Data3:
remuRedist Tags (tagWidth=16): 0, 0, 0, 0, 0, 0, 0, 0, 0, 0, 0, 0, 0, 0, 0, 0
remuRedist Forward bitvector (len=16): 0, 0, 0, 0, 0, 0, 0, 0, 0, 0, 0, 0, 0, 0, 0, 0
  PE(18) Inst(1) Data0:
remuRedist Tags (tagWidth=16): 0, 0, 0, 0, 0, 0, 0, 0, 0, 0, 0, 0, 0, 0, 0, 0
remuRedist Forward bitvector (len=16): 0, 0, 0, 0, 0, 0, 0, 0, 0, 0, 0, 0, 0, 0, 0, 0
  PE(18) Inst(1) Data1:
remuRedist Tags (tagWidth=16): 0, 0, 0, 0, 0, 0, 0, 0, 0, 0, 0, 0, 0, 0, 0, 0
remuRedist Forward bitvector (len=16): 0, 0, 0, 0, 0, 0, 0, 0, 0, 0, 0, 0, 0, 0, 0, 0
  PE(18) Inst(1) Data2:
remuRedist Tags (tagWidth=16): 0, 0, 0, 0, 0, 0, 0, 0, 0, 0, 0, 0, 0, 0, 0, 0
remuRedist Forward bitvector (len=16): 0, 0, 0, 0, 0, 0, 0, 0, 0, 0, 0, 0, 0, 0, 0, 0
  PE(18) Inst(1) Data3:
remuRedist Tags (tagWidth=16): 0, 0, 0, 0, 0, 0, 0, 0, 0, 0, 0, 0, 0, 0, 0, 0
remuRedist Forward bitvector (len=16): 0, 0, 0, 0, 0, 0, 0, 0, 0, 0, 0, 0, 0, 0, 0, 0
  PE(18) Inst(2) Data0:
remuRedist Tags (tagWidth=16): 0, 0, 0, 0, 0, 0, 0, 0, 0, 0, 0, 0, 0, 0, 0, 0
remuRedist Forward bitvector (len=16): 0, 0, 0, 0, 0, 0, 0, 0, 0, 0, 0, 0, 0, 0, 0, 0
  PE(18) Inst(2) Data1:
remuRedist Tags (tagWidth=16): 0, 0, 0, 0, 0, 0, 0, 0, 0, 0, 0, 0, 0, 0, 0, 0
remuRedist Forward bitvector (len=16): 0, 0, 0, 0, 0, 0, 0, 0, 0, 0, 0, 0, 0, 0, 0, 0
  PE(18) Inst(2) Data2:
remuRedist Tags (tagWidth=16): 0, 0, 0, 0, 0, 0, 0, 0, 0, 0, 0, 0, 0, 0, 0, 0
remuRedist Forward bitvector (len=16): 0, 0, 0, 0, 0, 0, 0, 0, 0, 0, 0, 0, 0, 0, 0, 0
  PE(18) Inst(2) Data3:
remuRedist Tags (tagWidth=16): 0, 0, 0, 0, 0, 0, 0, 0, 0, 0, 0, 0, 0, 0, 0, 0
remuRedist Forward bitvector (len=16): 0, 0, 0, 0, 0, 0, 0, 0, 0, 0, 0, 0, 0, 0, 0, 0
  PE(18) Inst(3) Data0:
remuRedist Tags (tagWidth=16): 0, 0, 0, 0, 0, 0, 0, 0, 0, 0, 0, 0, 0, 0, 0, 0
remuRedist Forward bitvector (len=16): 0, 0, 0, 0, 0, 0, 0, 0, 0, 0, 0, 0, 0, 0, 0, 0
  PE(18) Inst(3) Data1:
remuRedist Tags (tagWidth=16): 0, 0, 0, 0, 0, 0, 0, 0, 0, 0, 0, 0, 0, 0, 0, 0
remuRedist Forward bitvector (len=16): 0, 0, 0, 0, 0, 0, 0, 0, 0, 0, 0, 0, 0, 0, 0, 0
  PE(18) Inst(3) Data2:
remuRedist Tags (tagWidth=16): 0, 0, 0, 0, 0, 0, 0, 0, 0, 0, 0, 0, 0, 0, 0, 0
remuRedist Forward bitvector (len=16): 0, 0, 0, 0, 0, 0, 0, 0, 0, 0, 0, 0, 0, 0, 0, 0
  PE(18) Inst(3) Data3:
remuRedist Tags (tagWidth=16): 0, 0, 0, 0, 0, 0, 0, 0, 0, 0, 0, 0, 0, 0, 0, 0
remuRedist Forward bitvector (len=16): 0, 0, 0, 0, 0, 0, 0, 0, 0, 0, 0, 0, 0, 0, 0, 0
  PE(18) Inst(4) Data0:
remuRedist Tags (tagWidth=16): 0, 0, 0, 0, 0, 0, 0, 0, 0, 0, 0, 0, 0, 0, 0, 0
remuRedist Forward bitvector (len=16): 0, 0, 0, 0, 0, 0, 0, 0, 0, 0, 0, 0, 0, 0, 0, 0
  PE(18) Inst(4) Data1:
remuRedist Tags (tagWidth=16): 0, 0, 0, 0, 0, 0, 0, 0, 0, 0, 0, 0, 0, 0, 0, 0
remuRedist Forward bitvector (len=16): 0, 0, 0, 0, 0, 0, 0, 0, 0, 0, 0, 0, 0, 0, 0, 0
  PE(18) Inst(4) Data2:
remuRedist Tags (tagWidth=16): 0, 0, 0, 0, 0, 0, 0, 0, 0, 0, 0, 0, 0, 0, 0, 0
remuRedist Forward bitvector (len=16): 0, 0, 0, 0, 0, 0, 0, 0, 0, 0, 0, 0, 0, 0, 0, 0
  PE(18) Inst(4) Data3:
remuRedist Tags (tagWidth=16): 0, 0, 0, 0, 0, 0, 0, 0, 0, 0, 0, 0, 0, 0, 0, 0
remuRedist Forward bitvector (len=16): 0, 0, 0, 0, 0, 0, 0, 0, 0, 0, 0, 0, 0, 0, 0, 0
  PE(18) Inst(5) Data0:
remuRedist Tags (tagWidth=16): 0, 0, 0, 0, 0, 0, 0, 0, 0, 0, 0, 0, 0, 0, 0, 0
remuRedist Forward bitvector (len=16): 0, 0, 0, 0, 0, 0, 0, 0, 0, 0, 0, 0, 0, 0, 0, 0
  PE(18) Inst(5) Data1:
remuRedist Tags (tagWidth=16): 0, 0, 0, 0, 0, 0, 0, 0, 0, 0, 0, 0, 0, 0, 0, 0
remuRedist Forward bitvector (len=16): 0, 0, 0, 0, 0, 0, 0, 0, 0, 0, 0, 0, 0, 0, 0, 0
  PE(18) Inst(5) Data2:
remuRedist Tags (tagWidth=16): 0, 0, 0, 0, 0, 0, 0, 0, 0, 0, 0, 0, 0, 0, 0, 0
remuRedist Forward bitvector (len=16): 0, 0, 0, 0, 0, 0, 0, 0, 0, 0, 0, 0, 0, 0, 0, 0
  PE(18) Inst(5) Data3:
remuRedist Tags (tagWidth=16): 0, 0, 0, 0, 0, 0, 0, 0, 0, 0, 0, 0, 0, 0, 0, 0
remuRedist Forward bitvector (len=16): 0, 0, 0, 0, 0, 0, 0, 0, 0, 0, 0, 0, 0, 0, 0, 0
  PE(18) Inst(6) Data0:
remuRedist Tags (tagWidth=16): 0, 0, 0, 0, 0, 0, 0, 0, 0, 0, 0, 0, 0, 0, 0, 0
remuRedist Forward bitvector (len=16): 0, 0, 0, 0, 0, 0, 0, 0, 0, 0, 0, 0, 0, 0, 0, 0
  PE(18) Inst(6) Data1:
remuRedist Tags (tagWidth=16): 0, 0, 0, 0, 0, 0, 0, 0, 0, 0, 0, 0, 0, 0, 0, 0
remuRedist Forward bitvector (len=16): 0, 0, 0, 0, 0, 0, 0, 0, 0, 0, 0, 0, 0, 0, 0, 0
  PE(18) Inst(6) Data2:
remuRedist Tags (tagWidth=16): 0, 0, 0, 0, 0, 0, 0, 0, 0, 0, 0, 0, 0, 0, 0, 0
remuRedist Forward bitvector (len=16): 0, 0, 0, 0, 0, 0, 0, 0, 0, 0, 0, 0, 0, 0, 0, 0
  PE(18) Inst(6) Data3:
remuRedist Tags (tagWidth=16): 0, 0, 0, 0, 0, 0, 0, 0, 0, 0, 0, 0, 0, 0, 0, 0
remuRedist Forward bitvector (len=16): 0, 0, 0, 0, 0, 0, 0, 0, 0, 0, 0, 0, 0, 0, 0, 0
  PE(18) Inst(7) Data0:
remuRedist Tags (tagWidth=16): 0, 0, 0, 0, 0, 0, 0, 0, 0, 0, 0, 0, 0, 0, 0, 0
remuRedist Forward bitvector (len=16): 0, 0, 0, 0, 0, 0, 0, 0, 0, 0, 0, 0, 0, 0, 0, 0
  PE(18) Inst(7) Data1:
remuRedist Tags (tagWidth=16): 0, 0, 0, 0, 0, 0, 0, 0, 0, 0, 0, 0, 0, 0, 0, 0
remuRedist Forward bitvector (len=16): 0, 0, 0, 0, 0, 0, 0, 0, 0, 0, 0, 0, 0, 0, 0, 0
  PE(18) Inst(7) Data2:
remuRedist Tags (tagWidth=16): 0, 0, 0, 0, 0, 0, 0, 0, 0, 0, 0, 0, 0, 0, 0, 0
remuRedist Forward bitvector (len=16): 0, 0, 0, 0, 0, 0, 0, 0, 0, 0, 0, 0, 0, 0, 0, 0
  PE(18) Inst(7) Data3:
remuRedist Tags (tagWidth=16): 0, 0, 0, 0, 0, 0, 0, 0, 0, 0, 0, 0, 0, 0, 0, 0
remuRedist Forward bitvector (len=16): 0, 0, 0, 0, 0, 0, 0, 0, 0, 0, 0, 0, 0, 0, 0, 0
  PE(18) Inst(8) Data0:
remuRedist Tags (tagWidth=16): 0, 0, 0, 0, 0, 0, 0, 0, 0, 0, 0, 0, 0, 0, 0, 0
remuRedist Forward bitvector (len=16): 0, 0, 0, 0, 0, 0, 0, 0, 0, 0, 0, 0, 0, 0, 0, 0
  PE(18) Inst(8) Data1:
remuRedist Tags (tagWidth=16): 0, 0, 0, 0, 0, 0, 0, 0, 0, 0, 0, 0, 0, 0, 0, 0
remuRedist Forward bitvector (len=16): 0, 0, 0, 0, 0, 0, 0, 0, 0, 0, 0, 0, 0, 0, 0, 0
  PE(18) Inst(8) Data2:
remuRedist Tags (tagWidth=16): 0, 0, 0, 0, 0, 0, 0, 0, 0, 0, 0, 0, 0, 0, 0, 0
remuRedist Forward bitvector (len=16): 0, 0, 0, 0, 0, 0, 0, 0, 0, 0, 0, 0, 0, 0, 0, 0
  PE(18) Inst(8) Data3:
remuRedist Tags (tagWidth=16): 0, 0, 0, 0, 0, 0, 0, 0, 0, 0, 0, 0, 0, 0, 0, 0
remuRedist Forward bitvector (len=16): 0, 0, 0, 0, 0, 0, 0, 0, 0, 0, 0, 0, 0, 0, 0, 0
  PE(18) Inst(9) Data0:
remuRedist Tags (tagWidth=16): 0, 0, 0, 0, 0, 0, 0, 0, 0, 0, 0, 0, 0, 0, 0, 0
remuRedist Forward bitvector (len=16): 0, 0, 0, 0, 0, 0, 0, 0, 0, 0, 0, 0, 0, 0, 0, 0
  PE(18) Inst(9) Data1:
remuRedist Tags (tagWidth=16): 0, 0, 0, 0, 0, 0, 0, 0, 0, 0, 0, 0, 0, 0, 0, 0
remuRedist Forward bitvector (len=16): 0, 0, 0, 0, 0, 0, 0, 0, 0, 0, 0, 0, 0, 0, 0, 0
  PE(18) Inst(9) Data2:
remuRedist Tags (tagWidth=16): 0, 0, 0, 0, 0, 0, 0, 0, 0, 0, 0, 0, 0, 0, 0, 0
remuRedist Forward bitvector (len=16): 0, 0, 0, 0, 0, 0, 0, 0, 0, 0, 0, 0, 0, 0, 0, 0
  PE(18) Inst(9) Data3:
remuRedist Tags (tagWidth=16): 0, 0, 0, 0, 0, 0, 0, 0, 0, 0, 0, 0, 0, 0, 0, 0
remuRedist Forward bitvector (len=16): 0, 0, 0, 0, 0, 0, 0, 0, 0, 0, 0, 0, 0, 0, 0, 0
  PE(18) Inst(10) Data0:
remuRedist Tags (tagWidth=16): 0, 0, 0, 0, 0, 0, 0, 0, 0, 0, 0, 0, 0, 0, 0, 0
remuRedist Forward bitvector (len=16): 0, 0, 0, 0, 0, 0, 0, 0, 0, 0, 0, 0, 0, 0, 0, 0
  PE(18) Inst(10) Data1:
remuRedist Tags (tagWidth=16): 0, 0, 0, 0, 0, 0, 0, 0, 0, 0, 0, 0, 0, 0, 0, 0
remuRedist Forward bitvector (len=16): 0, 0, 0, 0, 0, 0, 0, 0, 0, 0, 0, 0, 0, 0, 0, 0
  PE(18) Inst(10) Data2:
remuRedist Tags (tagWidth=16): 0, 0, 0, 0, 0, 0, 0, 0, 0, 0, 0, 0, 0, 0, 0, 0
remuRedist Forward bitvector (len=16): 0, 0, 0, 0, 0, 0, 0, 0, 0, 0, 0, 0, 0, 0, 0, 0
  PE(18) Inst(10) Data3:
remuRedist Tags (tagWidth=16): 0, 0, 0, 0, 0, 0, 0, 0, 0, 0, 0, 0, 0, 0, 0, 0
remuRedist Forward bitvector (len=16): 0, 0, 0, 0, 0, 0, 0, 0, 0, 0, 0, 0, 0, 0, 0, 0
  PE(18) Inst(11) Data0:
remuRedist Tags (tagWidth=16): 0, 0, 0, 0, 0, 0, 0, 0, 0, 0, 0, 0, 0, 0, 0, 0
remuRedist Forward bitvector (len=16): 0, 0, 0, 0, 0, 0, 0, 0, 0, 0, 0, 0, 0, 0, 0, 0
  PE(18) Inst(11) Data1:
remuRedist Tags (tagWidth=16): 0, 0, 0, 0, 0, 0, 0, 0, 0, 0, 0, 0, 0, 0, 0, 0
remuRedist Forward bitvector (len=16): 0, 0, 0, 0, 0, 0, 0, 0, 0, 0, 0, 0, 0, 0, 0, 0
  PE(18) Inst(11) Data2:
remuRedist Tags (tagWidth=16): 0, 0, 0, 0, 0, 0, 0, 0, 0, 0, 0, 0, 0, 0, 0, 0
remuRedist Forward bitvector (len=16): 0, 0, 0, 0, 0, 0, 0, 0, 0, 0, 0, 0, 0, 0, 0, 0
  PE(18) Inst(11) Data3:
remuRedist Tags (tagWidth=16): 0, 0, 0, 0, 0, 0, 0, 0, 0, 0, 0, 0, 0, 0, 0, 0
remuRedist Forward bitvector (len=16): 0, 0, 0, 0, 0, 0, 0, 0, 0, 0, 0, 0, 0, 0, 0, 0
  PE(18) Inst(12) Data0:
remuRedist Tags (tagWidth=16): 0, 0, 0, 0, 0, 0, 0, 0, 0, 0, 0, 0, 0, 0, 0, 0
remuRedist Forward bitvector (len=16): 0, 0, 0, 0, 0, 0, 0, 0, 0, 0, 0, 0, 0, 0, 0, 0
  PE(18) Inst(12) Data1:
remuRedist Tags (tagWidth=16): 0, 0, 0, 0, 0, 0, 0, 0, 0, 0, 0, 0, 0, 0, 0, 0
remuRedist Forward bitvector (len=16): 0, 0, 0, 0, 0, 0, 0, 0, 0, 0, 0, 0, 0, 0, 0, 0
  PE(18) Inst(12) Data2:
remuRedist Tags (tagWidth=16): 0, 0, 0, 0, 0, 0, 0, 0, 0, 0, 0, 0, 0, 0, 0, 0
remuRedist Forward bitvector (len=16): 0, 0, 0, 0, 0, 0, 0, 0, 0, 0, 0, 0, 0, 0, 0, 0
  PE(18) Inst(12) Data3:
remuRedist Tags (tagWidth=16): 0, 0, 0, 0, 0, 0, 0, 0, 0, 0, 0, 0, 0, 0, 0, 0
remuRedist Forward bitvector (len=16): 0, 0, 0, 0, 0, 0, 0, 0, 0, 0, 0, 0, 0, 0, 0, 0
  PE(18) Inst(13) Data0:
remuRedist Tags (tagWidth=16): 0, 0, 0, 0, 0, 0, 0, 0, 0, 0, 0, 0, 0, 0, 0, 0
remuRedist Forward bitvector (len=16): 0, 0, 0, 0, 0, 0, 0, 0, 0, 0, 0, 0, 0, 0, 0, 0
  PE(18) Inst(13) Data1:
remuRedist Tags (tagWidth=16): 0, 0, 0, 0, 0, 0, 0, 0, 0, 0, 0, 0, 0, 0, 0, 0
remuRedist Forward bitvector (len=16): 0, 0, 0, 0, 0, 0, 0, 0, 0, 0, 0, 0, 0, 0, 0, 0
  PE(18) Inst(13) Data2:
remuRedist Tags (tagWidth=16): 0, 0, 0, 0, 0, 0, 0, 0, 0, 0, 0, 0, 0, 0, 0, 0
remuRedist Forward bitvector (len=16): 0, 0, 0, 0, 0, 0, 0, 0, 0, 0, 0, 0, 0, 0, 0, 0
  PE(18) Inst(13) Data3:
remuRedist Tags (tagWidth=16): 0, 0, 0, 0, 0, 0, 0, 0, 0, 0, 0, 0, 0, 0, 0, 0
remuRedist Forward bitvector (len=16): 0, 0, 0, 0, 0, 0, 0, 0, 0, 0, 0, 0, 0, 0, 0, 0
  PE(18) Inst(14) Data0:
remuRedist Tags (tagWidth=16): 0, 0, 0, 0, 0, 0, 0, 0, 0, 0, 0, 0, 0, 0, 0, 0
remuRedist Forward bitvector (len=16): 0, 0, 0, 0, 0, 0, 0, 0, 0, 0, 0, 0, 0, 0, 0, 0
  PE(18) Inst(14) Data1:
remuRedist Tags (tagWidth=16): 0, 0, 0, 0, 0, 0, 0, 0, 0, 0, 0, 0, 0, 0, 0, 0
remuRedist Forward bitvector (len=16): 0, 0, 0, 0, 0, 0, 0, 0, 0, 0, 0, 0, 0, 0, 0, 0
  PE(18) Inst(14) Data2:
remuRedist Tags (tagWidth=16): 0, 0, 0, 0, 0, 0, 0, 0, 0, 0, 0, 0, 0, 0, 0, 0
remuRedist Forward bitvector (len=16): 0, 0, 0, 0, 0, 0, 0, 0, 0, 0, 0, 0, 0, 0, 0, 0
  PE(18) Inst(14) Data3:
remuRedist Tags (tagWidth=16): 0, 0, 0, 0, 0, 0, 0, 0, 0, 0, 0, 0, 0, 0, 0, 0
remuRedist Forward bitvector (len=16): 0, 0, 0, 0, 0, 0, 0, 0, 0, 0, 0, 0, 0, 0, 0, 0
  PE(18) Inst(15) Data0:
remuRedist Tags (tagWidth=16): 0, 0, 0, 0, 0, 0, 0, 0, 0, 0, 0, 0, 0, 0, 0, 0
remuRedist Forward bitvector (len=16): 0, 0, 0, 0, 0, 0, 0, 0, 0, 0, 0, 0, 0, 0, 0, 0
  PE(18) Inst(15) Data1:
remuRedist Tags (tagWidth=16): 0, 0, 0, 0, 0, 0, 0, 0, 0, 0, 0, 0, 0, 0, 0, 0
remuRedist Forward bitvector (len=16): 0, 0, 0, 0, 0, 0, 0, 0, 0, 0, 0, 0, 0, 0, 0, 0
  PE(18) Inst(15) Data2:
remuRedist Tags (tagWidth=16): 0, 0, 0, 0, 0, 0, 0, 0, 0, 0, 0, 0, 0, 0, 0, 0
remuRedist Forward bitvector (len=16): 0, 0, 0, 0, 0, 0, 0, 0, 0, 0, 0, 0, 0, 0, 0, 0
  PE(18) Inst(15) Data3:
remuRedist Tags (tagWidth=16): 0, 0, 0, 0, 0, 0, 0, 0, 0, 0, 0, 0, 0, 0, 0, 0
remuRedist Forward bitvector (len=16): 0, 0, 0, 0, 0, 0, 0, 0, 0, 0, 0, 0, 0, 0, 0, 0
remuRedist(19):
  PE(19) Inst(0) Data0:
remuRedist Tags (tagWidth=16): 1, 0, 0, 1, 0, 1, 0, 0, 0, 0, 0, 0, 0, 0, 0, 0
remuRedist Forward bitvector (len=16): 1, 0, 0, 0, 0, 0, 0, 0, 0, 0, 0, 0, 0, 0, 0, 0
  PE(19) Inst(0) Data1:
remuRedist Tags (tagWidth=16): 0, 0, 0, 0, 0, 0, 0, 0, 0, 0, 0, 0, 0, 0, 0, 0
remuRedist Forward bitvector (len=16): 0, 0, 0, 0, 0, 0, 0, 0, 0, 0, 0, 0, 0, 0, 0, 0
  PE(19) Inst(0) Data2:
remuRedist Tags (tagWidth=16): 1, 1, 0, 1, 1, 0, 0, 0, 0, 0, 0, 0, 0, 0, 0, 0
remuRedist Forward bitvector (len=16): 1, 0, 0, 0, 0, 0, 0, 0, 0, 0, 0, 0, 0, 0, 0, 0
  PE(19) Inst(0) Data3:
remuRedist Tags (tagWidth=16): 0, 0, 0, 0, 0, 0, 0, 0, 0, 0, 0, 0, 0, 0, 0, 0
remuRedist Forward bitvector (len=16): 0, 0, 0, 0, 0, 0, 0, 0, 0, 0, 0, 0, 0, 0, 0, 0
  PE(19) Inst(1) Data0:
remuRedist Tags (tagWidth=16): 1, 0, 0, 0, 1, 1, 0, 0, 0, 0, 0, 0, 0, 0, 0, 0
remuRedist Forward bitvector (len=16): 0, 1, 0, 0, 0, 0, 0, 0, 0, 0, 0, 0, 0, 0, 0, 0
  PE(19) Inst(1) Data1:
remuRedist Tags (tagWidth=16): 0, 0, 0, 0, 0, 0, 0, 0, 0, 0, 0, 0, 0, 0, 0, 0
remuRedist Forward bitvector (len=16): 0, 0, 0, 0, 0, 0, 0, 0, 0, 0, 0, 0, 0, 0, 0, 0
  PE(19) Inst(1) Data2:
remuRedist Tags (tagWidth=16): 0, 0, 0, 0, 0, 0, 0, 0, 0, 0, 0, 0, 0, 0, 0, 0
remuRedist Forward bitvector (len=16): 0, 0, 0, 0, 0, 0, 0, 0, 0, 0, 0, 0, 0, 0, 0, 0
  PE(19) Inst(1) Data3:
remuRedist Tags (tagWidth=16): 0, 0, 0, 0, 0, 0, 0, 0, 0, 0, 0, 0, 0, 0, 0, 0
remuRedist Forward bitvector (len=16): 0, 0, 0, 0, 0, 0, 0, 0, 0, 0, 0, 0, 0, 0, 0, 0
  PE(19) Inst(2) Data0:
remuRedist Tags (tagWidth=16): 1, 0, 1, 1, 0, 0, 0, 0, 0, 0, 0, 0, 0, 0, 0, 0
remuRedist Forward bitvector (len=16): 0, 0, 1, 0, 0, 0, 0, 0, 0, 0, 0, 0, 0, 0, 0, 0
  PE(19) Inst(2) Data1:
remuRedist Tags (tagWidth=16): 0, 0, 0, 0, 0, 0, 0, 0, 0, 0, 0, 0, 0, 0, 0, 0
remuRedist Forward bitvector (len=16): 0, 0, 0, 0, 0, 0, 0, 0, 0, 0, 0, 0, 0, 0, 0, 0
  PE(19) Inst(2) Data2:
remuRedist Tags (tagWidth=16): 0, 0, 0, 0, 0, 0, 0, 0, 0, 0, 0, 0, 0, 0, 0, 0
remuRedist Forward bitvector (len=16): 0, 0, 0, 0, 0, 0, 0, 0, 0, 0, 0, 0, 0, 0, 0, 0
  PE(19) Inst(2) Data3:
remuRedist Tags (tagWidth=16): 0, 0, 0, 0, 0, 0, 0, 0, 0, 0, 0, 0, 0, 0, 0, 0
remuRedist Forward bitvector (len=16): 0, 0, 0, 0, 0, 0, 0, 0, 0, 0, 0, 0, 0, 0, 0, 0
  PE(19) Inst(3) Data0:
remuRedist Tags (tagWidth=16): 0, 0, 0, 0, 0, 0, 0, 0, 0, 0, 0, 0, 0, 0, 0, 0
remuRedist Forward bitvector (len=16): 0, 0, 0, 0, 0, 0, 0, 0, 0, 0, 0, 0, 0, 0, 0, 0
  PE(19) Inst(3) Data1:
remuRedist Tags (tagWidth=16): 0, 0, 0, 0, 0, 0, 0, 0, 0, 0, 0, 0, 0, 0, 0, 0
remuRedist Forward bitvector (len=16): 0, 0, 0, 0, 0, 0, 0, 0, 0, 0, 0, 0, 0, 0, 0, 0
  PE(19) Inst(3) Data2:
remuRedist Tags (tagWidth=16): 0, 0, 0, 0, 0, 0, 0, 0, 0, 0, 0, 0, 0, 0, 0, 0
remuRedist Forward bitvector (len=16): 0, 0, 0, 0, 0, 0, 0, 0, 0, 0, 0, 0, 0, 0, 0, 0
  PE(19) Inst(3) Data3:
remuRedist Tags (tagWidth=16): 0, 0, 0, 0, 0, 0, 0, 0, 0, 0, 0, 0, 0, 0, 0, 0
remuRedist Forward bitvector (len=16): 0, 0, 0, 0, 0, 0, 0, 0, 0, 0, 0, 0, 0, 0, 0, 0
  PE(19) Inst(4) Data0:
remuRedist Tags (tagWidth=16): 0, 0, 0, 0, 0, 0, 0, 0, 0, 0, 0, 0, 0, 0, 0, 0
remuRedist Forward bitvector (len=16): 0, 0, 0, 0, 0, 0, 0, 0, 0, 0, 0, 0, 0, 0, 0, 0
  PE(19) Inst(4) Data1:
remuRedist Tags (tagWidth=16): 0, 0, 0, 0, 0, 0, 0, 0, 0, 0, 0, 0, 0, 0, 0, 0
remuRedist Forward bitvector (len=16): 0, 0, 0, 0, 0, 0, 0, 0, 0, 0, 0, 0, 0, 0, 0, 0
  PE(19) Inst(4) Data2:
remuRedist Tags (tagWidth=16): 0, 0, 0, 0, 0, 0, 0, 0, 0, 0, 0, 0, 0, 0, 0, 0
remuRedist Forward bitvector (len=16): 0, 0, 0, 0, 0, 0, 0, 0, 0, 0, 0, 0, 0, 0, 0, 0
  PE(19) Inst(4) Data3:
remuRedist Tags (tagWidth=16): 0, 0, 0, 0, 0, 0, 0, 0, 0, 0, 0, 0, 0, 0, 0, 0
remuRedist Forward bitvector (len=16): 0, 0, 0, 0, 0, 0, 0, 0, 0, 0, 0, 0, 0, 0, 0, 0
  PE(19) Inst(5) Data0:
remuRedist Tags (tagWidth=16): 0, 0, 0, 0, 0, 0, 0, 0, 0, 0, 0, 0, 0, 0, 0, 0
remuRedist Forward bitvector (len=16): 0, 0, 0, 0, 0, 0, 0, 0, 0, 0, 0, 0, 0, 0, 0, 0
  PE(19) Inst(5) Data1:
remuRedist Tags (tagWidth=16): 0, 0, 0, 0, 0, 0, 0, 0, 0, 0, 0, 0, 0, 0, 0, 0
remuRedist Forward bitvector (len=16): 0, 0, 0, 0, 0, 0, 0, 0, 0, 0, 0, 0, 0, 0, 0, 0
  PE(19) Inst(5) Data2:
remuRedist Tags (tagWidth=16): 0, 0, 0, 0, 0, 0, 0, 0, 0, 0, 0, 0, 0, 0, 0, 0
remuRedist Forward bitvector (len=16): 0, 0, 0, 0, 0, 0, 0, 0, 0, 0, 0, 0, 0, 0, 0, 0
  PE(19) Inst(5) Data3:
remuRedist Tags (tagWidth=16): 0, 0, 0, 0, 0, 0, 0, 0, 0, 0, 0, 0, 0, 0, 0, 0
remuRedist Forward bitvector (len=16): 0, 0, 0, 0, 0, 0, 0, 0, 0, 0, 0, 0, 0, 0, 0, 0
  PE(19) Inst(6) Data0:
remuRedist Tags (tagWidth=16): 0, 0, 0, 0, 0, 0, 0, 0, 0, 0, 0, 0, 0, 0, 0, 0
remuRedist Forward bitvector (len=16): 0, 0, 0, 0, 0, 0, 0, 0, 0, 0, 0, 0, 0, 0, 0, 0
  PE(19) Inst(6) Data1:
remuRedist Tags (tagWidth=16): 0, 0, 0, 0, 0, 0, 0, 0, 0, 0, 0, 0, 0, 0, 0, 0
remuRedist Forward bitvector (len=16): 0, 0, 0, 0, 0, 0, 0, 0, 0, 0, 0, 0, 0, 0, 0, 0
  PE(19) Inst(6) Data2:
remuRedist Tags (tagWidth=16): 0, 0, 0, 0, 0, 0, 0, 0, 0, 0, 0, 0, 0, 0, 0, 0
remuRedist Forward bitvector (len=16): 0, 0, 0, 0, 0, 0, 0, 0, 0, 0, 0, 0, 0, 0, 0, 0
  PE(19) Inst(6) Data3:
remuRedist Tags (tagWidth=16): 0, 0, 0, 0, 0, 0, 0, 0, 0, 0, 0, 0, 0, 0, 0, 0
remuRedist Forward bitvector (len=16): 0, 0, 0, 0, 0, 0, 0, 0, 0, 0, 0, 0, 0, 0, 0, 0
  PE(19) Inst(7) Data0:
remuRedist Tags (tagWidth=16): 0, 0, 0, 0, 0, 0, 0, 0, 0, 0, 0, 0, 0, 0, 0, 0
remuRedist Forward bitvector (len=16): 0, 0, 0, 0, 0, 0, 0, 0, 0, 0, 0, 0, 0, 0, 0, 0
  PE(19) Inst(7) Data1:
remuRedist Tags (tagWidth=16): 0, 0, 0, 0, 0, 0, 0, 0, 0, 0, 0, 0, 0, 0, 0, 0
remuRedist Forward bitvector (len=16): 0, 0, 0, 0, 0, 0, 0, 0, 0, 0, 0, 0, 0, 0, 0, 0
  PE(19) Inst(7) Data2:
remuRedist Tags (tagWidth=16): 0, 0, 0, 0, 0, 0, 0, 0, 0, 0, 0, 0, 0, 0, 0, 0
remuRedist Forward bitvector (len=16): 0, 0, 0, 0, 0, 0, 0, 0, 0, 0, 0, 0, 0, 0, 0, 0
  PE(19) Inst(7) Data3:
remuRedist Tags (tagWidth=16): 0, 0, 0, 0, 0, 0, 0, 0, 0, 0, 0, 0, 0, 0, 0, 0
remuRedist Forward bitvector (len=16): 0, 0, 0, 0, 0, 0, 0, 0, 0, 0, 0, 0, 0, 0, 0, 0
  PE(19) Inst(8) Data0:
remuRedist Tags (tagWidth=16): 0, 0, 0, 0, 0, 0, 0, 0, 0, 0, 0, 0, 0, 0, 0, 0
remuRedist Forward bitvector (len=16): 0, 0, 0, 0, 0, 0, 0, 0, 0, 0, 0, 0, 0, 0, 0, 0
  PE(19) Inst(8) Data1:
remuRedist Tags (tagWidth=16): 0, 0, 0, 0, 0, 0, 0, 0, 0, 0, 0, 0, 0, 0, 0, 0
remuRedist Forward bitvector (len=16): 0, 0, 0, 0, 0, 0, 0, 0, 0, 0, 0, 0, 0, 0, 0, 0
  PE(19) Inst(8) Data2:
remuRedist Tags (tagWidth=16): 0, 0, 0, 0, 0, 0, 0, 0, 0, 0, 0, 0, 0, 0, 0, 0
remuRedist Forward bitvector (len=16): 0, 0, 0, 0, 0, 0, 0, 0, 0, 0, 0, 0, 0, 0, 0, 0
  PE(19) Inst(8) Data3:
remuRedist Tags (tagWidth=16): 0, 0, 0, 0, 0, 0, 0, 0, 0, 0, 0, 0, 0, 0, 0, 0
remuRedist Forward bitvector (len=16): 0, 0, 0, 0, 0, 0, 0, 0, 0, 0, 0, 0, 0, 0, 0, 0
  PE(19) Inst(9) Data0:
remuRedist Tags (tagWidth=16): 0, 0, 0, 0, 0, 0, 0, 0, 0, 0, 0, 0, 0, 0, 0, 0
remuRedist Forward bitvector (len=16): 0, 0, 0, 0, 0, 0, 0, 0, 0, 0, 0, 0, 0, 0, 0, 0
  PE(19) Inst(9) Data1:
remuRedist Tags (tagWidth=16): 0, 0, 0, 0, 0, 0, 0, 0, 0, 0, 0, 0, 0, 0, 0, 0
remuRedist Forward bitvector (len=16): 0, 0, 0, 0, 0, 0, 0, 0, 0, 0, 0, 0, 0, 0, 0, 0
  PE(19) Inst(9) Data2:
remuRedist Tags (tagWidth=16): 0, 0, 0, 0, 0, 0, 0, 0, 0, 0, 0, 0, 0, 0, 0, 0
remuRedist Forward bitvector (len=16): 0, 0, 0, 0, 0, 0, 0, 0, 0, 0, 0, 0, 0, 0, 0, 0
  PE(19) Inst(9) Data3:
remuRedist Tags (tagWidth=16): 0, 0, 0, 0, 0, 0, 0, 0, 0, 0, 0, 0, 0, 0, 0, 0
remuRedist Forward bitvector (len=16): 0, 0, 0, 0, 0, 0, 0, 0, 0, 0, 0, 0, 0, 0, 0, 0
  PE(19) Inst(10) Data0:
remuRedist Tags (tagWidth=16): 0, 0, 0, 0, 0, 0, 0, 0, 0, 0, 0, 0, 0, 0, 0, 0
remuRedist Forward bitvector (len=16): 0, 0, 0, 0, 0, 0, 0, 0, 0, 0, 0, 0, 0, 0, 0, 0
  PE(19) Inst(10) Data1:
remuRedist Tags (tagWidth=16): 0, 0, 0, 0, 0, 0, 0, 0, 0, 0, 0, 0, 0, 0, 0, 0
remuRedist Forward bitvector (len=16): 0, 0, 0, 0, 0, 0, 0, 0, 0, 0, 0, 0, 0, 0, 0, 0
  PE(19) Inst(10) Data2:
remuRedist Tags (tagWidth=16): 0, 0, 0, 0, 0, 0, 0, 0, 0, 0, 0, 0, 0, 0, 0, 0
remuRedist Forward bitvector (len=16): 0, 0, 0, 0, 0, 0, 0, 0, 0, 0, 0, 0, 0, 0, 0, 0
  PE(19) Inst(10) Data3:
remuRedist Tags (tagWidth=16): 0, 0, 0, 0, 0, 0, 0, 0, 0, 0, 0, 0, 0, 0, 0, 0
remuRedist Forward bitvector (len=16): 0, 0, 0, 0, 0, 0, 0, 0, 0, 0, 0, 0, 0, 0, 0, 0
  PE(19) Inst(11) Data0:
remuRedist Tags (tagWidth=16): 0, 0, 0, 0, 0, 0, 0, 0, 0, 0, 0, 0, 0, 0, 0, 0
remuRedist Forward bitvector (len=16): 0, 0, 0, 0, 0, 0, 0, 0, 0, 0, 0, 0, 0, 0, 0, 0
  PE(19) Inst(11) Data1:
remuRedist Tags (tagWidth=16): 0, 0, 0, 0, 0, 0, 0, 0, 0, 0, 0, 0, 0, 0, 0, 0
remuRedist Forward bitvector (len=16): 0, 0, 0, 0, 0, 0, 0, 0, 0, 0, 0, 0, 0, 0, 0, 0
  PE(19) Inst(11) Data2:
remuRedist Tags (tagWidth=16): 0, 0, 0, 0, 0, 0, 0, 0, 0, 0, 0, 0, 0, 0, 0, 0
remuRedist Forward bitvector (len=16): 0, 0, 0, 0, 0, 0, 0, 0, 0, 0, 0, 0, 0, 0, 0, 0
  PE(19) Inst(11) Data3:
remuRedist Tags (tagWidth=16): 0, 0, 0, 0, 0, 0, 0, 0, 0, 0, 0, 0, 0, 0, 0, 0
remuRedist Forward bitvector (len=16): 0, 0, 0, 0, 0, 0, 0, 0, 0, 0, 0, 0, 0, 0, 0, 0
  PE(19) Inst(12) Data0:
remuRedist Tags (tagWidth=16): 0, 0, 0, 0, 0, 0, 0, 0, 0, 0, 0, 0, 0, 0, 0, 0
remuRedist Forward bitvector (len=16): 0, 0, 0, 0, 0, 0, 0, 0, 0, 0, 0, 0, 0, 0, 0, 0
  PE(19) Inst(12) Data1:
remuRedist Tags (tagWidth=16): 0, 0, 0, 0, 0, 0, 0, 0, 0, 0, 0, 0, 0, 0, 0, 0
remuRedist Forward bitvector (len=16): 0, 0, 0, 0, 0, 0, 0, 0, 0, 0, 0, 0, 0, 0, 0, 0
  PE(19) Inst(12) Data2:
remuRedist Tags (tagWidth=16): 0, 0, 0, 0, 0, 0, 0, 0, 0, 0, 0, 0, 0, 0, 0, 0
remuRedist Forward bitvector (len=16): 0, 0, 0, 0, 0, 0, 0, 0, 0, 0, 0, 0, 0, 0, 0, 0
  PE(19) Inst(12) Data3:
remuRedist Tags (tagWidth=16): 0, 0, 0, 0, 0, 0, 0, 0, 0, 0, 0, 0, 0, 0, 0, 0
remuRedist Forward bitvector (len=16): 0, 0, 0, 0, 0, 0, 0, 0, 0, 0, 0, 0, 0, 0, 0, 0
  PE(19) Inst(13) Data0:
remuRedist Tags (tagWidth=16): 0, 0, 0, 0, 0, 0, 0, 0, 0, 0, 0, 0, 0, 0, 0, 0
remuRedist Forward bitvector (len=16): 0, 0, 0, 0, 0, 0, 0, 0, 0, 0, 0, 0, 0, 0, 0, 0
  PE(19) Inst(13) Data1:
remuRedist Tags (tagWidth=16): 0, 0, 0, 0, 0, 0, 0, 0, 0, 0, 0, 0, 0, 0, 0, 0
remuRedist Forward bitvector (len=16): 0, 0, 0, 0, 0, 0, 0, 0, 0, 0, 0, 0, 0, 0, 0, 0
  PE(19) Inst(13) Data2:
remuRedist Tags (tagWidth=16): 0, 0, 0, 0, 0, 0, 0, 0, 0, 0, 0, 0, 0, 0, 0, 0
remuRedist Forward bitvector (len=16): 0, 0, 0, 0, 0, 0, 0, 0, 0, 0, 0, 0, 0, 0, 0, 0
  PE(19) Inst(13) Data3:
remuRedist Tags (tagWidth=16): 0, 0, 0, 0, 0, 0, 0, 0, 0, 0, 0, 0, 0, 0, 0, 0
remuRedist Forward bitvector (len=16): 0, 0, 0, 0, 0, 0, 0, 0, 0, 0, 0, 0, 0, 0, 0, 0
  PE(19) Inst(14) Data0:
remuRedist Tags (tagWidth=16): 0, 0, 0, 0, 0, 0, 0, 0, 0, 0, 0, 0, 0, 0, 0, 0
remuRedist Forward bitvector (len=16): 0, 0, 0, 0, 0, 0, 0, 0, 0, 0, 0, 0, 0, 0, 0, 0
  PE(19) Inst(14) Data1:
remuRedist Tags (tagWidth=16): 0, 0, 0, 0, 0, 0, 0, 0, 0, 0, 0, 0, 0, 0, 0, 0
remuRedist Forward bitvector (len=16): 0, 0, 0, 0, 0, 0, 0, 0, 0, 0, 0, 0, 0, 0, 0, 0
  PE(19) Inst(14) Data2:
remuRedist Tags (tagWidth=16): 0, 0, 0, 0, 0, 0, 0, 0, 0, 0, 0, 0, 0, 0, 0, 0
remuRedist Forward bitvector (len=16): 0, 0, 0, 0, 0, 0, 0, 0, 0, 0, 0, 0, 0, 0, 0, 0
  PE(19) Inst(14) Data3:
remuRedist Tags (tagWidth=16): 0, 0, 0, 0, 0, 0, 0, 0, 0, 0, 0, 0, 0, 0, 0, 0
remuRedist Forward bitvector (len=16): 0, 0, 0, 0, 0, 0, 0, 0, 0, 0, 0, 0, 0, 0, 0, 0
  PE(19) Inst(15) Data0:
remuRedist Tags (tagWidth=16): 0, 0, 0, 0, 0, 0, 0, 0, 0, 0, 0, 0, 0, 0, 0, 0
remuRedist Forward bitvector (len=16): 0, 0, 0, 0, 0, 0, 0, 0, 0, 0, 0, 0, 0, 0, 0, 0
  PE(19) Inst(15) Data1:
remuRedist Tags (tagWidth=16): 0, 0, 0, 0, 0, 0, 0, 0, 0, 0, 0, 0, 0, 0, 0, 0
remuRedist Forward bitvector (len=16): 0, 0, 0, 0, 0, 0, 0, 0, 0, 0, 0, 0, 0, 0, 0, 0
  PE(19) Inst(15) Data2:
remuRedist Tags (tagWidth=16): 0, 0, 0, 0, 0, 0, 0, 0, 0, 0, 0, 0, 0, 0, 0, 0
remuRedist Forward bitvector (len=16): 0, 0, 0, 0, 0, 0, 0, 0, 0, 0, 0, 0, 0, 0, 0, 0
  PE(19) Inst(15) Data3:
remuRedist Tags (tagWidth=16): 0, 0, 0, 0, 0, 0, 0, 0, 0, 0, 0, 0, 0, 0, 0, 0
remuRedist Forward bitvector (len=16): 0, 0, 0, 0, 0, 0, 0, 0, 0, 0, 0, 0, 0, 0, 0, 0
remuRedist(20):
  PE(20) Inst(0) Data0:
remuRedist Tags (tagWidth=16): 1, 1, 0, 0, 0, 1, 0, 0, 0, 0, 0, 0, 0, 0, 0, 0
remuRedist Forward bitvector (len=16): 1, 0, 0, 0, 0, 0, 0, 0, 0, 0, 0, 0, 0, 0, 0, 0
  PE(20) Inst(0) Data1:
remuRedist Tags (tagWidth=16): 0, 0, 0, 0, 0, 0, 0, 0, 0, 0, 0, 0, 0, 0, 0, 0
remuRedist Forward bitvector (len=16): 0, 0, 0, 0, 0, 0, 0, 0, 0, 0, 0, 0, 0, 0, 0, 0
  PE(20) Inst(0) Data2:
remuRedist Tags (tagWidth=16): 0, 1, 0, 1, 1, 0, 0, 0, 0, 0, 0, 0, 0, 0, 0, 0
remuRedist Forward bitvector (len=16): 1, 0, 0, 0, 0, 0, 0, 0, 0, 0, 0, 0, 0, 0, 0, 0
  PE(20) Inst(0) Data3:
remuRedist Tags (tagWidth=16): 0, 0, 0, 0, 0, 0, 0, 0, 0, 0, 0, 0, 0, 0, 0, 0
remuRedist Forward bitvector (len=16): 0, 0, 0, 0, 0, 0, 0, 0, 0, 0, 0, 0, 0, 0, 0, 0
  PE(20) Inst(1) Data0:
remuRedist Tags (tagWidth=16): 1, 0, 0, 1, 0, 1, 0, 0, 0, 0, 0, 0, 0, 0, 0, 0
remuRedist Forward bitvector (len=16): 0, 1, 0, 0, 0, 0, 0, 0, 0, 0, 0, 0, 0, 0, 0, 0
  PE(20) Inst(1) Data1:
remuRedist Tags (tagWidth=16): 0, 0, 0, 0, 0, 0, 0, 0, 0, 0, 0, 0, 0, 0, 0, 0
remuRedist Forward bitvector (len=16): 0, 0, 0, 0, 0, 0, 0, 0, 0, 0, 0, 0, 0, 0, 0, 0
  PE(20) Inst(1) Data2:
remuRedist Tags (tagWidth=16): 1, 1, 0, 1, 1, 0, 0, 0, 0, 0, 0, 0, 0, 0, 0, 0
remuRedist Forward bitvector (len=16): 0, 1, 0, 0, 0, 0, 0, 0, 0, 0, 0, 0, 0, 0, 0, 0
  PE(20) Inst(1) Data3:
remuRedist Tags (tagWidth=16): 0, 0, 0, 0, 0, 0, 0, 0, 0, 0, 0, 0, 0, 0, 0, 0
remuRedist Forward bitvector (len=16): 0, 0, 0, 0, 0, 0, 0, 0, 0, 0, 0, 0, 0, 0, 0, 0
  PE(20) Inst(2) Data0:
remuRedist Tags (tagWidth=16): 0, 0, 0, 0, 0, 0, 0, 0, 0, 0, 0, 0, 0, 0, 0, 0
remuRedist Forward bitvector (len=16): 0, 0, 0, 0, 0, 0, 0, 0, 0, 0, 0, 0, 0, 0, 0, 0
  PE(20) Inst(2) Data1:
remuRedist Tags (tagWidth=16): 0, 0, 0, 0, 0, 0, 0, 0, 0, 0, 0, 0, 0, 0, 0, 0
remuRedist Forward bitvector (len=16): 0, 0, 0, 0, 0, 0, 0, 0, 0, 0, 0, 0, 0, 0, 0, 0
  PE(20) Inst(2) Data2:
remuRedist Tags (tagWidth=16): 0, 0, 0, 0, 0, 0, 0, 0, 0, 0, 0, 0, 0, 0, 0, 0
remuRedist Forward bitvector (len=16): 0, 0, 0, 0, 0, 0, 0, 0, 0, 0, 0, 0, 0, 0, 0, 0
  PE(20) Inst(2) Data3:
remuRedist Tags (tagWidth=16): 0, 0, 0, 0, 0, 0, 0, 0, 0, 0, 0, 0, 0, 0, 0, 0
remuRedist Forward bitvector (len=16): 0, 0, 0, 0, 0, 0, 0, 0, 0, 0, 0, 0, 0, 0, 0, 0
  PE(20) Inst(3) Data0:
remuRedist Tags (tagWidth=16): 0, 0, 0, 0, 0, 0, 0, 0, 0, 0, 0, 0, 0, 0, 0, 0
remuRedist Forward bitvector (len=16): 0, 0, 0, 0, 0, 0, 0, 0, 0, 0, 0, 0, 0, 0, 0, 0
  PE(20) Inst(3) Data1:
remuRedist Tags (tagWidth=16): 0, 0, 0, 0, 0, 0, 0, 0, 0, 0, 0, 0, 0, 0, 0, 0
remuRedist Forward bitvector (len=16): 0, 0, 0, 0, 0, 0, 0, 0, 0, 0, 0, 0, 0, 0, 0, 0
  PE(20) Inst(3) Data2:
remuRedist Tags (tagWidth=16): 0, 0, 0, 0, 0, 0, 0, 0, 0, 0, 0, 0, 0, 0, 0, 0
remuRedist Forward bitvector (len=16): 0, 0, 0, 0, 0, 0, 0, 0, 0, 0, 0, 0, 0, 0, 0, 0
  PE(20) Inst(3) Data3:
remuRedist Tags (tagWidth=16): 0, 0, 0, 0, 0, 0, 0, 0, 0, 0, 0, 0, 0, 0, 0, 0
remuRedist Forward bitvector (len=16): 0, 0, 0, 0, 0, 0, 0, 0, 0, 0, 0, 0, 0, 0, 0, 0
  PE(20) Inst(4) Data0:
remuRedist Tags (tagWidth=16): 0, 0, 0, 0, 0, 0, 0, 0, 0, 0, 0, 0, 0, 0, 0, 0
remuRedist Forward bitvector (len=16): 0, 0, 0, 0, 0, 0, 0, 0, 0, 0, 0, 0, 0, 0, 0, 0
  PE(20) Inst(4) Data1:
remuRedist Tags (tagWidth=16): 0, 0, 0, 0, 0, 0, 0, 0, 0, 0, 0, 0, 0, 0, 0, 0
remuRedist Forward bitvector (len=16): 0, 0, 0, 0, 0, 0, 0, 0, 0, 0, 0, 0, 0, 0, 0, 0
  PE(20) Inst(4) Data2:
remuRedist Tags (tagWidth=16): 0, 0, 0, 0, 0, 0, 0, 0, 0, 0, 0, 0, 0, 0, 0, 0
remuRedist Forward bitvector (len=16): 0, 0, 0, 0, 0, 0, 0, 0, 0, 0, 0, 0, 0, 0, 0, 0
  PE(20) Inst(4) Data3:
remuRedist Tags (tagWidth=16): 0, 0, 0, 0, 0, 0, 0, 0, 0, 0, 0, 0, 0, 0, 0, 0
remuRedist Forward bitvector (len=16): 0, 0, 0, 0, 0, 0, 0, 0, 0, 0, 0, 0, 0, 0, 0, 0
  PE(20) Inst(5) Data0:
remuRedist Tags (tagWidth=16): 0, 0, 0, 0, 0, 0, 0, 0, 0, 0, 0, 0, 0, 0, 0, 0
remuRedist Forward bitvector (len=16): 0, 0, 0, 0, 0, 0, 0, 0, 0, 0, 0, 0, 0, 0, 0, 0
  PE(20) Inst(5) Data1:
remuRedist Tags (tagWidth=16): 0, 0, 0, 0, 0, 0, 0, 0, 0, 0, 0, 0, 0, 0, 0, 0
remuRedist Forward bitvector (len=16): 0, 0, 0, 0, 0, 0, 0, 0, 0, 0, 0, 0, 0, 0, 0, 0
  PE(20) Inst(5) Data2:
remuRedist Tags (tagWidth=16): 0, 0, 0, 0, 0, 0, 0, 0, 0, 0, 0, 0, 0, 0, 0, 0
remuRedist Forward bitvector (len=16): 0, 0, 0, 0, 0, 0, 0, 0, 0, 0, 0, 0, 0, 0, 0, 0
  PE(20) Inst(5) Data3:
remuRedist Tags (tagWidth=16): 0, 0, 0, 0, 0, 0, 0, 0, 0, 0, 0, 0, 0, 0, 0, 0
remuRedist Forward bitvector (len=16): 0, 0, 0, 0, 0, 0, 0, 0, 0, 0, 0, 0, 0, 0, 0, 0
  PE(20) Inst(6) Data0:
remuRedist Tags (tagWidth=16): 0, 0, 0, 0, 0, 0, 0, 0, 0, 0, 0, 0, 0, 0, 0, 0
remuRedist Forward bitvector (len=16): 0, 0, 0, 0, 0, 0, 0, 0, 0, 0, 0, 0, 0, 0, 0, 0
  PE(20) Inst(6) Data1:
remuRedist Tags (tagWidth=16): 0, 0, 0, 0, 0, 0, 0, 0, 0, 0, 0, 0, 0, 0, 0, 0
remuRedist Forward bitvector (len=16): 0, 0, 0, 0, 0, 0, 0, 0, 0, 0, 0, 0, 0, 0, 0, 0
  PE(20) Inst(6) Data2:
remuRedist Tags (tagWidth=16): 0, 0, 0, 0, 0, 0, 0, 0, 0, 0, 0, 0, 0, 0, 0, 0
remuRedist Forward bitvector (len=16): 0, 0, 0, 0, 0, 0, 0, 0, 0, 0, 0, 0, 0, 0, 0, 0
  PE(20) Inst(6) Data3:
remuRedist Tags (tagWidth=16): 0, 0, 0, 0, 0, 0, 0, 0, 0, 0, 0, 0, 0, 0, 0, 0
remuRedist Forward bitvector (len=16): 0, 0, 0, 0, 0, 0, 0, 0, 0, 0, 0, 0, 0, 0, 0, 0
  PE(20) Inst(7) Data0:
remuRedist Tags (tagWidth=16): 0, 0, 0, 0, 0, 0, 0, 0, 0, 0, 0, 0, 0, 0, 0, 0
remuRedist Forward bitvector (len=16): 0, 0, 0, 0, 0, 0, 0, 0, 0, 0, 0, 0, 0, 0, 0, 0
  PE(20) Inst(7) Data1:
remuRedist Tags (tagWidth=16): 0, 0, 0, 0, 0, 0, 0, 0, 0, 0, 0, 0, 0, 0, 0, 0
remuRedist Forward bitvector (len=16): 0, 0, 0, 0, 0, 0, 0, 0, 0, 0, 0, 0, 0, 0, 0, 0
  PE(20) Inst(7) Data2:
remuRedist Tags (tagWidth=16): 0, 0, 0, 0, 0, 0, 0, 0, 0, 0, 0, 0, 0, 0, 0, 0
remuRedist Forward bitvector (len=16): 0, 0, 0, 0, 0, 0, 0, 0, 0, 0, 0, 0, 0, 0, 0, 0
  PE(20) Inst(7) Data3:
remuRedist Tags (tagWidth=16): 0, 0, 0, 0, 0, 0, 0, 0, 0, 0, 0, 0, 0, 0, 0, 0
remuRedist Forward bitvector (len=16): 0, 0, 0, 0, 0, 0, 0, 0, 0, 0, 0, 0, 0, 0, 0, 0
  PE(20) Inst(8) Data0:
remuRedist Tags (tagWidth=16): 0, 0, 0, 0, 0, 0, 0, 0, 0, 0, 0, 0, 0, 0, 0, 0
remuRedist Forward bitvector (len=16): 0, 0, 0, 0, 0, 0, 0, 0, 0, 0, 0, 0, 0, 0, 0, 0
  PE(20) Inst(8) Data1:
remuRedist Tags (tagWidth=16): 0, 0, 0, 0, 0, 0, 0, 0, 0, 0, 0, 0, 0, 0, 0, 0
remuRedist Forward bitvector (len=16): 0, 0, 0, 0, 0, 0, 0, 0, 0, 0, 0, 0, 0, 0, 0, 0
  PE(20) Inst(8) Data2:
remuRedist Tags (tagWidth=16): 0, 0, 0, 0, 0, 0, 0, 0, 0, 0, 0, 0, 0, 0, 0, 0
remuRedist Forward bitvector (len=16): 0, 0, 0, 0, 0, 0, 0, 0, 0, 0, 0, 0, 0, 0, 0, 0
  PE(20) Inst(8) Data3:
remuRedist Tags (tagWidth=16): 0, 0, 0, 0, 0, 0, 0, 0, 0, 0, 0, 0, 0, 0, 0, 0
remuRedist Forward bitvector (len=16): 0, 0, 0, 0, 0, 0, 0, 0, 0, 0, 0, 0, 0, 0, 0, 0
  PE(20) Inst(9) Data0:
remuRedist Tags (tagWidth=16): 0, 0, 0, 0, 0, 0, 0, 0, 0, 0, 0, 0, 0, 0, 0, 0
remuRedist Forward bitvector (len=16): 0, 0, 0, 0, 0, 0, 0, 0, 0, 0, 0, 0, 0, 0, 0, 0
  PE(20) Inst(9) Data1:
remuRedist Tags (tagWidth=16): 0, 0, 0, 0, 0, 0, 0, 0, 0, 0, 0, 0, 0, 0, 0, 0
remuRedist Forward bitvector (len=16): 0, 0, 0, 0, 0, 0, 0, 0, 0, 0, 0, 0, 0, 0, 0, 0
  PE(20) Inst(9) Data2:
remuRedist Tags (tagWidth=16): 0, 0, 0, 0, 0, 0, 0, 0, 0, 0, 0, 0, 0, 0, 0, 0
remuRedist Forward bitvector (len=16): 0, 0, 0, 0, 0, 0, 0, 0, 0, 0, 0, 0, 0, 0, 0, 0
  PE(20) Inst(9) Data3:
remuRedist Tags (tagWidth=16): 0, 0, 0, 0, 0, 0, 0, 0, 0, 0, 0, 0, 0, 0, 0, 0
remuRedist Forward bitvector (len=16): 0, 0, 0, 0, 0, 0, 0, 0, 0, 0, 0, 0, 0, 0, 0, 0
  PE(20) Inst(10) Data0:
remuRedist Tags (tagWidth=16): 0, 0, 0, 0, 0, 0, 0, 0, 0, 0, 0, 0, 0, 0, 0, 0
remuRedist Forward bitvector (len=16): 0, 0, 0, 0, 0, 0, 0, 0, 0, 0, 0, 0, 0, 0, 0, 0
  PE(20) Inst(10) Data1:
remuRedist Tags (tagWidth=16): 0, 0, 0, 0, 0, 0, 0, 0, 0, 0, 0, 0, 0, 0, 0, 0
remuRedist Forward bitvector (len=16): 0, 0, 0, 0, 0, 0, 0, 0, 0, 0, 0, 0, 0, 0, 0, 0
  PE(20) Inst(10) Data2:
remuRedist Tags (tagWidth=16): 0, 0, 0, 0, 0, 0, 0, 0, 0, 0, 0, 0, 0, 0, 0, 0
remuRedist Forward bitvector (len=16): 0, 0, 0, 0, 0, 0, 0, 0, 0, 0, 0, 0, 0, 0, 0, 0
  PE(20) Inst(10) Data3:
remuRedist Tags (tagWidth=16): 0, 0, 0, 0, 0, 0, 0, 0, 0, 0, 0, 0, 0, 0, 0, 0
remuRedist Forward bitvector (len=16): 0, 0, 0, 0, 0, 0, 0, 0, 0, 0, 0, 0, 0, 0, 0, 0
  PE(20) Inst(11) Data0:
remuRedist Tags (tagWidth=16): 0, 0, 0, 0, 0, 0, 0, 0, 0, 0, 0, 0, 0, 0, 0, 0
remuRedist Forward bitvector (len=16): 0, 0, 0, 0, 0, 0, 0, 0, 0, 0, 0, 0, 0, 0, 0, 0
  PE(20) Inst(11) Data1:
remuRedist Tags (tagWidth=16): 0, 0, 0, 0, 0, 0, 0, 0, 0, 0, 0, 0, 0, 0, 0, 0
remuRedist Forward bitvector (len=16): 0, 0, 0, 0, 0, 0, 0, 0, 0, 0, 0, 0, 0, 0, 0, 0
  PE(20) Inst(11) Data2:
remuRedist Tags (tagWidth=16): 0, 0, 0, 0, 0, 0, 0, 0, 0, 0, 0, 0, 0, 0, 0, 0
remuRedist Forward bitvector (len=16): 0, 0, 0, 0, 0, 0, 0, 0, 0, 0, 0, 0, 0, 0, 0, 0
  PE(20) Inst(11) Data3:
remuRedist Tags (tagWidth=16): 0, 0, 0, 0, 0, 0, 0, 0, 0, 0, 0, 0, 0, 0, 0, 0
remuRedist Forward bitvector (len=16): 0, 0, 0, 0, 0, 0, 0, 0, 0, 0, 0, 0, 0, 0, 0, 0
  PE(20) Inst(12) Data0:
remuRedist Tags (tagWidth=16): 0, 0, 0, 0, 0, 0, 0, 0, 0, 0, 0, 0, 0, 0, 0, 0
remuRedist Forward bitvector (len=16): 0, 0, 0, 0, 0, 0, 0, 0, 0, 0, 0, 0, 0, 0, 0, 0
  PE(20) Inst(12) Data1:
remuRedist Tags (tagWidth=16): 0, 0, 0, 0, 0, 0, 0, 0, 0, 0, 0, 0, 0, 0, 0, 0
remuRedist Forward bitvector (len=16): 0, 0, 0, 0, 0, 0, 0, 0, 0, 0, 0, 0, 0, 0, 0, 0
  PE(20) Inst(12) Data2:
remuRedist Tags (tagWidth=16): 0, 0, 0, 0, 0, 0, 0, 0, 0, 0, 0, 0, 0, 0, 0, 0
remuRedist Forward bitvector (len=16): 0, 0, 0, 0, 0, 0, 0, 0, 0, 0, 0, 0, 0, 0, 0, 0
  PE(20) Inst(12) Data3:
remuRedist Tags (tagWidth=16): 0, 0, 0, 0, 0, 0, 0, 0, 0, 0, 0, 0, 0, 0, 0, 0
remuRedist Forward bitvector (len=16): 0, 0, 0, 0, 0, 0, 0, 0, 0, 0, 0, 0, 0, 0, 0, 0
  PE(20) Inst(13) Data0:
remuRedist Tags (tagWidth=16): 0, 0, 0, 0, 0, 0, 0, 0, 0, 0, 0, 0, 0, 0, 0, 0
remuRedist Forward bitvector (len=16): 0, 0, 0, 0, 0, 0, 0, 0, 0, 0, 0, 0, 0, 0, 0, 0
  PE(20) Inst(13) Data1:
remuRedist Tags (tagWidth=16): 0, 0, 0, 0, 0, 0, 0, 0, 0, 0, 0, 0, 0, 0, 0, 0
remuRedist Forward bitvector (len=16): 0, 0, 0, 0, 0, 0, 0, 0, 0, 0, 0, 0, 0, 0, 0, 0
  PE(20) Inst(13) Data2:
remuRedist Tags (tagWidth=16): 0, 0, 0, 0, 0, 0, 0, 0, 0, 0, 0, 0, 0, 0, 0, 0
remuRedist Forward bitvector (len=16): 0, 0, 0, 0, 0, 0, 0, 0, 0, 0, 0, 0, 0, 0, 0, 0
  PE(20) Inst(13) Data3:
remuRedist Tags (tagWidth=16): 0, 0, 0, 0, 0, 0, 0, 0, 0, 0, 0, 0, 0, 0, 0, 0
remuRedist Forward bitvector (len=16): 0, 0, 0, 0, 0, 0, 0, 0, 0, 0, 0, 0, 0, 0, 0, 0
  PE(20) Inst(14) Data0:
remuRedist Tags (tagWidth=16): 0, 0, 0, 0, 0, 0, 0, 0, 0, 0, 0, 0, 0, 0, 0, 0
remuRedist Forward bitvector (len=16): 0, 0, 0, 0, 0, 0, 0, 0, 0, 0, 0, 0, 0, 0, 0, 0
  PE(20) Inst(14) Data1:
remuRedist Tags (tagWidth=16): 0, 0, 0, 0, 0, 0, 0, 0, 0, 0, 0, 0, 0, 0, 0, 0
remuRedist Forward bitvector (len=16): 0, 0, 0, 0, 0, 0, 0, 0, 0, 0, 0, 0, 0, 0, 0, 0
  PE(20) Inst(14) Data2:
remuRedist Tags (tagWidth=16): 0, 0, 0, 0, 0, 0, 0, 0, 0, 0, 0, 0, 0, 0, 0, 0
remuRedist Forward bitvector (len=16): 0, 0, 0, 0, 0, 0, 0, 0, 0, 0, 0, 0, 0, 0, 0, 0
  PE(20) Inst(14) Data3:
remuRedist Tags (tagWidth=16): 0, 0, 0, 0, 0, 0, 0, 0, 0, 0, 0, 0, 0, 0, 0, 0
remuRedist Forward bitvector (len=16): 0, 0, 0, 0, 0, 0, 0, 0, 0, 0, 0, 0, 0, 0, 0, 0
  PE(20) Inst(15) Data0:
remuRedist Tags (tagWidth=16): 0, 0, 0, 0, 0, 0, 0, 0, 0, 0, 0, 0, 0, 0, 0, 0
remuRedist Forward bitvector (len=16): 0, 0, 0, 0, 0, 0, 0, 0, 0, 0, 0, 0, 0, 0, 0, 0
  PE(20) Inst(15) Data1:
remuRedist Tags (tagWidth=16): 0, 0, 0, 0, 0, 0, 0, 0, 0, 0, 0, 0, 0, 0, 0, 0
remuRedist Forward bitvector (len=16): 0, 0, 0, 0, 0, 0, 0, 0, 0, 0, 0, 0, 0, 0, 0, 0
  PE(20) Inst(15) Data2:
remuRedist Tags (tagWidth=16): 0, 0, 0, 0, 0, 0, 0, 0, 0, 0, 0, 0, 0, 0, 0, 0
remuRedist Forward bitvector (len=16): 0, 0, 0, 0, 0, 0, 0, 0, 0, 0, 0, 0, 0, 0, 0, 0
  PE(20) Inst(15) Data3:
remuRedist Tags (tagWidth=16): 0, 0, 0, 0, 0, 0, 0, 0, 0, 0, 0, 0, 0, 0, 0, 0
remuRedist Forward bitvector (len=16): 0, 0, 0, 0, 0, 0, 0, 0, 0, 0, 0, 0, 0, 0, 0, 0
remuRedist(21):
  PE(21) Inst(0) Data0:
remuRedist Tags (tagWidth=16): 1, 0, 0, 1, 0, 1, 1, 0, 0, 0, 0, 0, 0, 0, 0, 0
remuRedist Forward bitvector (len=16): 1, 0, 0, 0, 0, 0, 0, 0, 0, 0, 0, 0, 0, 0, 0, 0
  PE(21) Inst(0) Data1:
remuRedist Tags (tagWidth=16): 0, 1, 1, 1, 0, 1, 0, 0, 0, 0, 0, 0, 0, 0, 0, 0
remuRedist Forward bitvector (len=16): 1, 0, 0, 0, 0, 0, 0, 0, 0, 0, 0, 0, 0, 0, 0, 0
  PE(21) Inst(0) Data2:
remuRedist Tags (tagWidth=16): 0, 0, 1, 0, 1, 1, 0, 0, 0, 0, 0, 0, 0, 0, 0, 0
remuRedist Forward bitvector (len=16): 1, 0, 0, 0, 0, 0, 0, 0, 0, 0, 0, 0, 0, 0, 0, 0
  PE(21) Inst(0) Data3:
remuRedist Tags (tagWidth=16): 0, 0, 0, 0, 0, 0, 0, 0, 0, 0, 0, 0, 0, 0, 0, 0
remuRedist Forward bitvector (len=16): 0, 0, 0, 0, 0, 0, 0, 0, 0, 0, 0, 0, 0, 0, 0, 0
  PE(21) Inst(1) Data0:
remuRedist Tags (tagWidth=16): 1, 1, 0, 0, 0, 1, 0, 0, 0, 0, 0, 0, 0, 0, 0, 0
remuRedist Forward bitvector (len=16): 0, 1, 0, 0, 0, 0, 0, 0, 0, 0, 0, 0, 0, 0, 0, 0
  PE(21) Inst(1) Data1:
remuRedist Tags (tagWidth=16): 0, 0, 0, 0, 0, 0, 0, 0, 0, 0, 0, 0, 0, 0, 0, 0
remuRedist Forward bitvector (len=16): 0, 0, 0, 0, 0, 0, 0, 0, 0, 0, 0, 0, 0, 0, 0, 0
  PE(21) Inst(1) Data2:
remuRedist Tags (tagWidth=16): 0, 1, 0, 1, 1, 0, 0, 0, 0, 0, 0, 0, 0, 0, 0, 0
remuRedist Forward bitvector (len=16): 0, 1, 1, 0, 0, 0, 0, 0, 0, 0, 0, 0, 0, 0, 0, 0
  PE(21) Inst(1) Data3:
remuRedist Tags (tagWidth=16): 0, 0, 0, 0, 0, 0, 0, 0, 0, 0, 0, 0, 0, 0, 0, 0
remuRedist Forward bitvector (len=16): 0, 0, 0, 0, 0, 0, 0, 0, 0, 0, 0, 0, 0, 0, 0, 0
  PE(21) Inst(2) Data0:
remuRedist Tags (tagWidth=16): 0, 1, 1, 0, 0, 1, 0, 0, 0, 0, 0, 0, 0, 0, 0, 0
remuRedist Forward bitvector (len=16): 0, 0, 1, 0, 0, 0, 0, 0, 0, 0, 0, 0, 0, 0, 0, 0
  PE(21) Inst(2) Data1:
remuRedist Tags (tagWidth=16): 0, 0, 0, 0, 0, 0, 0, 0, 0, 0, 0, 0, 0, 0, 0, 0
remuRedist Forward bitvector (len=16): 0, 0, 0, 0, 0, 0, 0, 0, 0, 0, 0, 0, 0, 0, 0, 0
  PE(21) Inst(2) Data2:
remuRedist Tags (tagWidth=16): 0, 0, 0, 0, 0, 0, 0, 0, 0, 0, 0, 0, 0, 0, 0, 0
remuRedist Forward bitvector (len=16): 0, 0, 0, 0, 0, 0, 0, 0, 0, 0, 0, 0, 0, 0, 0, 0
  PE(21) Inst(2) Data3:
remuRedist Tags (tagWidth=16): 0, 0, 0, 0, 0, 0, 0, 0, 0, 0, 0, 0, 0, 0, 0, 0
remuRedist Forward bitvector (len=16): 0, 0, 0, 0, 0, 0, 0, 0, 0, 0, 0, 0, 0, 0, 0, 0
  PE(21) Inst(3) Data0:
remuRedist Tags (tagWidth=16): 0, 0, 0, 0, 0, 0, 0, 0, 0, 0, 0, 0, 0, 0, 0, 0
remuRedist Forward bitvector (len=16): 0, 0, 0, 0, 0, 0, 0, 0, 0, 0, 0, 0, 0, 0, 0, 0
  PE(21) Inst(3) Data1:
remuRedist Tags (tagWidth=16): 0, 0, 0, 0, 0, 0, 0, 0, 0, 0, 0, 0, 0, 0, 0, 0
remuRedist Forward bitvector (len=16): 0, 0, 0, 0, 0, 0, 0, 0, 0, 0, 0, 0, 0, 0, 0, 0
  PE(21) Inst(3) Data2:
remuRedist Tags (tagWidth=16): 0, 0, 0, 0, 0, 0, 0, 0, 0, 0, 0, 0, 0, 0, 0, 0
remuRedist Forward bitvector (len=16): 0, 0, 0, 0, 0, 0, 0, 0, 0, 0, 0, 0, 0, 0, 0, 0
  PE(21) Inst(3) Data3:
remuRedist Tags (tagWidth=16): 0, 0, 0, 0, 0, 0, 0, 0, 0, 0, 0, 0, 0, 0, 0, 0
remuRedist Forward bitvector (len=16): 0, 0, 0, 0, 0, 0, 0, 0, 0, 0, 0, 0, 0, 0, 0, 0
  PE(21) Inst(4) Data0:
remuRedist Tags (tagWidth=16): 0, 0, 0, 0, 0, 0, 0, 0, 0, 0, 0, 0, 0, 0, 0, 0
remuRedist Forward bitvector (len=16): 0, 0, 0, 0, 0, 0, 0, 0, 0, 0, 0, 0, 0, 0, 0, 0
  PE(21) Inst(4) Data1:
remuRedist Tags (tagWidth=16): 0, 0, 0, 0, 0, 0, 0, 0, 0, 0, 0, 0, 0, 0, 0, 0
remuRedist Forward bitvector (len=16): 0, 0, 0, 0, 0, 0, 0, 0, 0, 0, 0, 0, 0, 0, 0, 0
  PE(21) Inst(4) Data2:
remuRedist Tags (tagWidth=16): 0, 0, 0, 0, 0, 0, 0, 0, 0, 0, 0, 0, 0, 0, 0, 0
remuRedist Forward bitvector (len=16): 0, 0, 0, 0, 0, 0, 0, 0, 0, 0, 0, 0, 0, 0, 0, 0
  PE(21) Inst(4) Data3:
remuRedist Tags (tagWidth=16): 0, 0, 0, 0, 0, 0, 0, 0, 0, 0, 0, 0, 0, 0, 0, 0
remuRedist Forward bitvector (len=16): 0, 0, 0, 0, 0, 0, 0, 0, 0, 0, 0, 0, 0, 0, 0, 0
  PE(21) Inst(5) Data0:
remuRedist Tags (tagWidth=16): 0, 0, 0, 0, 0, 0, 0, 0, 0, 0, 0, 0, 0, 0, 0, 0
remuRedist Forward bitvector (len=16): 0, 0, 0, 0, 0, 0, 0, 0, 0, 0, 0, 0, 0, 0, 0, 0
  PE(21) Inst(5) Data1:
remuRedist Tags (tagWidth=16): 0, 0, 0, 0, 0, 0, 0, 0, 0, 0, 0, 0, 0, 0, 0, 0
remuRedist Forward bitvector (len=16): 0, 0, 0, 0, 0, 0, 0, 0, 0, 0, 0, 0, 0, 0, 0, 0
  PE(21) Inst(5) Data2:
remuRedist Tags (tagWidth=16): 0, 0, 0, 0, 0, 0, 0, 0, 0, 0, 0, 0, 0, 0, 0, 0
remuRedist Forward bitvector (len=16): 0, 0, 0, 0, 0, 0, 0, 0, 0, 0, 0, 0, 0, 0, 0, 0
  PE(21) Inst(5) Data3:
remuRedist Tags (tagWidth=16): 0, 0, 0, 0, 0, 0, 0, 0, 0, 0, 0, 0, 0, 0, 0, 0
remuRedist Forward bitvector (len=16): 0, 0, 0, 0, 0, 0, 0, 0, 0, 0, 0, 0, 0, 0, 0, 0
  PE(21) Inst(6) Data0:
remuRedist Tags (tagWidth=16): 0, 0, 0, 0, 0, 0, 0, 0, 0, 0, 0, 0, 0, 0, 0, 0
remuRedist Forward bitvector (len=16): 0, 0, 0, 0, 0, 0, 0, 0, 0, 0, 0, 0, 0, 0, 0, 0
  PE(21) Inst(6) Data1:
remuRedist Tags (tagWidth=16): 0, 0, 0, 0, 0, 0, 0, 0, 0, 0, 0, 0, 0, 0, 0, 0
remuRedist Forward bitvector (len=16): 0, 0, 0, 0, 0, 0, 0, 0, 0, 0, 0, 0, 0, 0, 0, 0
  PE(21) Inst(6) Data2:
remuRedist Tags (tagWidth=16): 0, 0, 0, 0, 0, 0, 0, 0, 0, 0, 0, 0, 0, 0, 0, 0
remuRedist Forward bitvector (len=16): 0, 0, 0, 0, 0, 0, 0, 0, 0, 0, 0, 0, 0, 0, 0, 0
  PE(21) Inst(6) Data3:
remuRedist Tags (tagWidth=16): 0, 0, 0, 0, 0, 0, 0, 0, 0, 0, 0, 0, 0, 0, 0, 0
remuRedist Forward bitvector (len=16): 0, 0, 0, 0, 0, 0, 0, 0, 0, 0, 0, 0, 0, 0, 0, 0
  PE(21) Inst(7) Data0:
remuRedist Tags (tagWidth=16): 0, 0, 0, 0, 0, 0, 0, 0, 0, 0, 0, 0, 0, 0, 0, 0
remuRedist Forward bitvector (len=16): 0, 0, 0, 0, 0, 0, 0, 0, 0, 0, 0, 0, 0, 0, 0, 0
  PE(21) Inst(7) Data1:
remuRedist Tags (tagWidth=16): 0, 0, 0, 0, 0, 0, 0, 0, 0, 0, 0, 0, 0, 0, 0, 0
remuRedist Forward bitvector (len=16): 0, 0, 0, 0, 0, 0, 0, 0, 0, 0, 0, 0, 0, 0, 0, 0
  PE(21) Inst(7) Data2:
remuRedist Tags (tagWidth=16): 0, 0, 0, 0, 0, 0, 0, 0, 0, 0, 0, 0, 0, 0, 0, 0
remuRedist Forward bitvector (len=16): 0, 0, 0, 0, 0, 0, 0, 0, 0, 0, 0, 0, 0, 0, 0, 0
  PE(21) Inst(7) Data3:
remuRedist Tags (tagWidth=16): 0, 0, 0, 0, 0, 0, 0, 0, 0, 0, 0, 0, 0, 0, 0, 0
remuRedist Forward bitvector (len=16): 0, 0, 0, 0, 0, 0, 0, 0, 0, 0, 0, 0, 0, 0, 0, 0
  PE(21) Inst(8) Data0:
remuRedist Tags (tagWidth=16): 0, 0, 0, 0, 0, 0, 0, 0, 0, 0, 0, 0, 0, 0, 0, 0
remuRedist Forward bitvector (len=16): 0, 0, 0, 0, 0, 0, 0, 0, 0, 0, 0, 0, 0, 0, 0, 0
  PE(21) Inst(8) Data1:
remuRedist Tags (tagWidth=16): 0, 0, 0, 0, 0, 0, 0, 0, 0, 0, 0, 0, 0, 0, 0, 0
remuRedist Forward bitvector (len=16): 0, 0, 0, 0, 0, 0, 0, 0, 0, 0, 0, 0, 0, 0, 0, 0
  PE(21) Inst(8) Data2:
remuRedist Tags (tagWidth=16): 0, 0, 0, 0, 0, 0, 0, 0, 0, 0, 0, 0, 0, 0, 0, 0
remuRedist Forward bitvector (len=16): 0, 0, 0, 0, 0, 0, 0, 0, 0, 0, 0, 0, 0, 0, 0, 0
  PE(21) Inst(8) Data3:
remuRedist Tags (tagWidth=16): 0, 0, 0, 0, 0, 0, 0, 0, 0, 0, 0, 0, 0, 0, 0, 0
remuRedist Forward bitvector (len=16): 0, 0, 0, 0, 0, 0, 0, 0, 0, 0, 0, 0, 0, 0, 0, 0
  PE(21) Inst(9) Data0:
remuRedist Tags (tagWidth=16): 0, 0, 0, 0, 0, 0, 0, 0, 0, 0, 0, 0, 0, 0, 0, 0
remuRedist Forward bitvector (len=16): 0, 0, 0, 0, 0, 0, 0, 0, 0, 0, 0, 0, 0, 0, 0, 0
  PE(21) Inst(9) Data1:
remuRedist Tags (tagWidth=16): 0, 0, 0, 0, 0, 0, 0, 0, 0, 0, 0, 0, 0, 0, 0, 0
remuRedist Forward bitvector (len=16): 0, 0, 0, 0, 0, 0, 0, 0, 0, 0, 0, 0, 0, 0, 0, 0
  PE(21) Inst(9) Data2:
remuRedist Tags (tagWidth=16): 0, 0, 0, 0, 0, 0, 0, 0, 0, 0, 0, 0, 0, 0, 0, 0
remuRedist Forward bitvector (len=16): 0, 0, 0, 0, 0, 0, 0, 0, 0, 0, 0, 0, 0, 0, 0, 0
  PE(21) Inst(9) Data3:
remuRedist Tags (tagWidth=16): 0, 0, 0, 0, 0, 0, 0, 0, 0, 0, 0, 0, 0, 0, 0, 0
remuRedist Forward bitvector (len=16): 0, 0, 0, 0, 0, 0, 0, 0, 0, 0, 0, 0, 0, 0, 0, 0
  PE(21) Inst(10) Data0:
remuRedist Tags (tagWidth=16): 0, 0, 0, 0, 0, 0, 0, 0, 0, 0, 0, 0, 0, 0, 0, 0
remuRedist Forward bitvector (len=16): 0, 0, 0, 0, 0, 0, 0, 0, 0, 0, 0, 0, 0, 0, 0, 0
  PE(21) Inst(10) Data1:
remuRedist Tags (tagWidth=16): 0, 0, 0, 0, 0, 0, 0, 0, 0, 0, 0, 0, 0, 0, 0, 0
remuRedist Forward bitvector (len=16): 0, 0, 0, 0, 0, 0, 0, 0, 0, 0, 0, 0, 0, 0, 0, 0
  PE(21) Inst(10) Data2:
remuRedist Tags (tagWidth=16): 0, 0, 0, 0, 0, 0, 0, 0, 0, 0, 0, 0, 0, 0, 0, 0
remuRedist Forward bitvector (len=16): 0, 0, 0, 0, 0, 0, 0, 0, 0, 0, 0, 0, 0, 0, 0, 0
  PE(21) Inst(10) Data3:
remuRedist Tags (tagWidth=16): 0, 0, 0, 0, 0, 0, 0, 0, 0, 0, 0, 0, 0, 0, 0, 0
remuRedist Forward bitvector (len=16): 0, 0, 0, 0, 0, 0, 0, 0, 0, 0, 0, 0, 0, 0, 0, 0
  PE(21) Inst(11) Data0:
remuRedist Tags (tagWidth=16): 0, 0, 0, 0, 0, 0, 0, 0, 0, 0, 0, 0, 0, 0, 0, 0
remuRedist Forward bitvector (len=16): 0, 0, 0, 0, 0, 0, 0, 0, 0, 0, 0, 0, 0, 0, 0, 0
  PE(21) Inst(11) Data1:
remuRedist Tags (tagWidth=16): 0, 0, 0, 0, 0, 0, 0, 0, 0, 0, 0, 0, 0, 0, 0, 0
remuRedist Forward bitvector (len=16): 0, 0, 0, 0, 0, 0, 0, 0, 0, 0, 0, 0, 0, 0, 0, 0
  PE(21) Inst(11) Data2:
remuRedist Tags (tagWidth=16): 0, 0, 0, 0, 0, 0, 0, 0, 0, 0, 0, 0, 0, 0, 0, 0
remuRedist Forward bitvector (len=16): 0, 0, 0, 0, 0, 0, 0, 0, 0, 0, 0, 0, 0, 0, 0, 0
  PE(21) Inst(11) Data3:
remuRedist Tags (tagWidth=16): 0, 0, 0, 0, 0, 0, 0, 0, 0, 0, 0, 0, 0, 0, 0, 0
remuRedist Forward bitvector (len=16): 0, 0, 0, 0, 0, 0, 0, 0, 0, 0, 0, 0, 0, 0, 0, 0
  PE(21) Inst(12) Data0:
remuRedist Tags (tagWidth=16): 0, 0, 0, 0, 0, 0, 0, 0, 0, 0, 0, 0, 0, 0, 0, 0
remuRedist Forward bitvector (len=16): 0, 0, 0, 0, 0, 0, 0, 0, 0, 0, 0, 0, 0, 0, 0, 0
  PE(21) Inst(12) Data1:
remuRedist Tags (tagWidth=16): 0, 0, 0, 0, 0, 0, 0, 0, 0, 0, 0, 0, 0, 0, 0, 0
remuRedist Forward bitvector (len=16): 0, 0, 0, 0, 0, 0, 0, 0, 0, 0, 0, 0, 0, 0, 0, 0
  PE(21) Inst(12) Data2:
remuRedist Tags (tagWidth=16): 0, 0, 0, 0, 0, 0, 0, 0, 0, 0, 0, 0, 0, 0, 0, 0
remuRedist Forward bitvector (len=16): 0, 0, 0, 0, 0, 0, 0, 0, 0, 0, 0, 0, 0, 0, 0, 0
  PE(21) Inst(12) Data3:
remuRedist Tags (tagWidth=16): 0, 0, 0, 0, 0, 0, 0, 0, 0, 0, 0, 0, 0, 0, 0, 0
remuRedist Forward bitvector (len=16): 0, 0, 0, 0, 0, 0, 0, 0, 0, 0, 0, 0, 0, 0, 0, 0
  PE(21) Inst(13) Data0:
remuRedist Tags (tagWidth=16): 0, 0, 0, 0, 0, 0, 0, 0, 0, 0, 0, 0, 0, 0, 0, 0
remuRedist Forward bitvector (len=16): 0, 0, 0, 0, 0, 0, 0, 0, 0, 0, 0, 0, 0, 0, 0, 0
  PE(21) Inst(13) Data1:
remuRedist Tags (tagWidth=16): 0, 0, 0, 0, 0, 0, 0, 0, 0, 0, 0, 0, 0, 0, 0, 0
remuRedist Forward bitvector (len=16): 0, 0, 0, 0, 0, 0, 0, 0, 0, 0, 0, 0, 0, 0, 0, 0
  PE(21) Inst(13) Data2:
remuRedist Tags (tagWidth=16): 0, 0, 0, 0, 0, 0, 0, 0, 0, 0, 0, 0, 0, 0, 0, 0
remuRedist Forward bitvector (len=16): 0, 0, 0, 0, 0, 0, 0, 0, 0, 0, 0, 0, 0, 0, 0, 0
  PE(21) Inst(13) Data3:
remuRedist Tags (tagWidth=16): 0, 0, 0, 0, 0, 0, 0, 0, 0, 0, 0, 0, 0, 0, 0, 0
remuRedist Forward bitvector (len=16): 0, 0, 0, 0, 0, 0, 0, 0, 0, 0, 0, 0, 0, 0, 0, 0
  PE(21) Inst(14) Data0:
remuRedist Tags (tagWidth=16): 0, 0, 0, 0, 0, 0, 0, 0, 0, 0, 0, 0, 0, 0, 0, 0
remuRedist Forward bitvector (len=16): 0, 0, 0, 0, 0, 0, 0, 0, 0, 0, 0, 0, 0, 0, 0, 0
  PE(21) Inst(14) Data1:
remuRedist Tags (tagWidth=16): 0, 0, 0, 0, 0, 0, 0, 0, 0, 0, 0, 0, 0, 0, 0, 0
remuRedist Forward bitvector (len=16): 0, 0, 0, 0, 0, 0, 0, 0, 0, 0, 0, 0, 0, 0, 0, 0
  PE(21) Inst(14) Data2:
remuRedist Tags (tagWidth=16): 0, 0, 0, 0, 0, 0, 0, 0, 0, 0, 0, 0, 0, 0, 0, 0
remuRedist Forward bitvector (len=16): 0, 0, 0, 0, 0, 0, 0, 0, 0, 0, 0, 0, 0, 0, 0, 0
  PE(21) Inst(14) Data3:
remuRedist Tags (tagWidth=16): 0, 0, 0, 0, 0, 0, 0, 0, 0, 0, 0, 0, 0, 0, 0, 0
remuRedist Forward bitvector (len=16): 0, 0, 0, 0, 0, 0, 0, 0, 0, 0, 0, 0, 0, 0, 0, 0
  PE(21) Inst(15) Data0:
remuRedist Tags (tagWidth=16): 0, 0, 0, 0, 0, 0, 0, 0, 0, 0, 0, 0, 0, 0, 0, 0
remuRedist Forward bitvector (len=16): 0, 0, 0, 0, 0, 0, 0, 0, 0, 0, 0, 0, 0, 0, 0, 0
  PE(21) Inst(15) Data1:
remuRedist Tags (tagWidth=16): 0, 0, 0, 0, 0, 0, 0, 0, 0, 0, 0, 0, 0, 0, 0, 0
remuRedist Forward bitvector (len=16): 0, 0, 0, 0, 0, 0, 0, 0, 0, 0, 0, 0, 0, 0, 0, 0
  PE(21) Inst(15) Data2:
remuRedist Tags (tagWidth=16): 0, 0, 0, 0, 0, 0, 0, 0, 0, 0, 0, 0, 0, 0, 0, 0
remuRedist Forward bitvector (len=16): 0, 0, 0, 0, 0, 0, 0, 0, 0, 0, 0, 0, 0, 0, 0, 0
  PE(21) Inst(15) Data3:
remuRedist Tags (tagWidth=16): 0, 0, 0, 0, 0, 0, 0, 0, 0, 0, 0, 0, 0, 0, 0, 0
remuRedist Forward bitvector (len=16): 0, 0, 0, 0, 0, 0, 0, 0, 0, 0, 0, 0, 0, 0, 0, 0
remuRedist(22):
  PE(22) Inst(0) Data0:
remuRedist Tags (tagWidth=16): 0, 1, 0, 1, 0, 1, 1, 0, 0, 0, 0, 0, 0, 0, 0, 0
remuRedist Forward bitvector (len=16): 1, 0, 0, 0, 0, 0, 0, 0, 0, 0, 0, 0, 0, 0, 0, 0
  PE(22) Inst(0) Data1:
remuRedist Tags (tagWidth=16): 1, 1, 1, 1, 0, 1, 0, 0, 0, 0, 0, 0, 0, 0, 0, 0
remuRedist Forward bitvector (len=16): 1, 0, 0, 0, 0, 0, 0, 0, 0, 0, 0, 0, 0, 0, 0, 0
  PE(22) Inst(0) Data2:
remuRedist Tags (tagWidth=16): 1, 0, 1, 0, 1, 1, 0, 0, 0, 0, 0, 0, 0, 0, 0, 0
remuRedist Forward bitvector (len=16): 1, 0, 0, 0, 0, 0, 0, 0, 0, 0, 0, 0, 0, 0, 0, 0
  PE(22) Inst(0) Data3:
remuRedist Tags (tagWidth=16): 0, 0, 0, 0, 0, 0, 0, 0, 0, 0, 0, 0, 0, 0, 0, 0
remuRedist Forward bitvector (len=16): 0, 0, 0, 0, 0, 0, 0, 0, 0, 0, 0, 0, 0, 0, 0, 0
  PE(22) Inst(1) Data0:
remuRedist Tags (tagWidth=16): 1, 0, 0, 0, 1, 0, 1, 0, 0, 0, 0, 0, 0, 0, 0, 0
remuRedist Forward bitvector (len=16): 0, 1, 0, 0, 0, 0, 0, 0, 0, 0, 0, 0, 0, 0, 0, 0
  PE(22) Inst(1) Data1:
remuRedist Tags (tagWidth=16): 0, 0, 1, 0, 1, 0, 1, 0, 0, 0, 0, 0, 0, 0, 0, 0
remuRedist Forward bitvector (len=16): 0, 1, 0, 0, 0, 0, 0, 0, 0, 0, 0, 0, 0, 0, 0, 0
  PE(22) Inst(1) Data2:
remuRedist Tags (tagWidth=16): 0, 0, 0, 0, 0, 0, 0, 0, 0, 0, 0, 0, 0, 0, 0, 0
remuRedist Forward bitvector (len=16): 0, 0, 0, 0, 0, 0, 0, 0, 0, 0, 0, 0, 0, 0, 0, 0
  PE(22) Inst(1) Data3:
remuRedist Tags (tagWidth=16): 0, 0, 0, 0, 0, 0, 0, 0, 0, 0, 0, 0, 0, 0, 0, 0
remuRedist Forward bitvector (len=16): 0, 0, 0, 0, 0, 0, 0, 0, 0, 0, 0, 0, 0, 0, 0, 0
  PE(22) Inst(2) Data0:
remuRedist Tags (tagWidth=16): 0, 0, 1, 0, 1, 1, 0, 0, 0, 0, 0, 0, 0, 0, 0, 0
remuRedist Forward bitvector (len=16): 0, 0, 1, 0, 0, 0, 0, 0, 0, 0, 0, 0, 0, 0, 0, 0
  PE(22) Inst(2) Data1:
remuRedist Tags (tagWidth=16): 0, 0, 0, 0, 0, 0, 0, 0, 0, 0, 0, 0, 0, 0, 0, 0
remuRedist Forward bitvector (len=16): 0, 0, 0, 0, 0, 0, 0, 0, 0, 0, 0, 0, 0, 0, 0, 0
  PE(22) Inst(2) Data2:
remuRedist Tags (tagWidth=16): 0, 0, 0, 0, 0, 0, 0, 0, 0, 0, 0, 0, 0, 0, 0, 0
remuRedist Forward bitvector (len=16): 0, 0, 0, 0, 0, 0, 0, 0, 0, 0, 0, 0, 0, 0, 0, 0
  PE(22) Inst(2) Data3:
remuRedist Tags (tagWidth=16): 0, 0, 0, 0, 0, 0, 0, 0, 0, 0, 0, 0, 0, 0, 0, 0
remuRedist Forward bitvector (len=16): 0, 0, 0, 0, 0, 0, 0, 0, 0, 0, 0, 0, 0, 0, 0, 0
  PE(22) Inst(3) Data0:
remuRedist Tags (tagWidth=16): 0, 0, 0, 0, 0, 0, 0, 0, 0, 0, 0, 0, 0, 0, 0, 0
remuRedist Forward bitvector (len=16): 0, 0, 0, 0, 0, 0, 0, 0, 0, 0, 0, 0, 0, 0, 0, 0
  PE(22) Inst(3) Data1:
remuRedist Tags (tagWidth=16): 0, 0, 0, 0, 0, 0, 0, 0, 0, 0, 0, 0, 0, 0, 0, 0
remuRedist Forward bitvector (len=16): 0, 0, 0, 0, 0, 0, 0, 0, 0, 0, 0, 0, 0, 0, 0, 0
  PE(22) Inst(3) Data2:
remuRedist Tags (tagWidth=16): 0, 0, 0, 0, 0, 0, 0, 0, 0, 0, 0, 0, 0, 0, 0, 0
remuRedist Forward bitvector (len=16): 0, 0, 0, 0, 0, 0, 0, 0, 0, 0, 0, 0, 0, 0, 0, 0
  PE(22) Inst(3) Data3:
remuRedist Tags (tagWidth=16): 0, 0, 0, 0, 0, 0, 0, 0, 0, 0, 0, 0, 0, 0, 0, 0
remuRedist Forward bitvector (len=16): 0, 0, 0, 0, 0, 0, 0, 0, 0, 0, 0, 0, 0, 0, 0, 0
  PE(22) Inst(4) Data0:
remuRedist Tags (tagWidth=16): 0, 0, 0, 0, 0, 0, 0, 0, 0, 0, 0, 0, 0, 0, 0, 0
remuRedist Forward bitvector (len=16): 0, 0, 0, 0, 0, 0, 0, 0, 0, 0, 0, 0, 0, 0, 0, 0
  PE(22) Inst(4) Data1:
remuRedist Tags (tagWidth=16): 0, 0, 0, 0, 0, 0, 0, 0, 0, 0, 0, 0, 0, 0, 0, 0
remuRedist Forward bitvector (len=16): 0, 0, 0, 0, 0, 0, 0, 0, 0, 0, 0, 0, 0, 0, 0, 0
  PE(22) Inst(4) Data2:
remuRedist Tags (tagWidth=16): 0, 0, 0, 0, 0, 0, 0, 0, 0, 0, 0, 0, 0, 0, 0, 0
remuRedist Forward bitvector (len=16): 0, 0, 0, 0, 0, 0, 0, 0, 0, 0, 0, 0, 0, 0, 0, 0
  PE(22) Inst(4) Data3:
remuRedist Tags (tagWidth=16): 0, 0, 0, 0, 0, 0, 0, 0, 0, 0, 0, 0, 0, 0, 0, 0
remuRedist Forward bitvector (len=16): 0, 0, 0, 0, 0, 0, 0, 0, 0, 0, 0, 0, 0, 0, 0, 0
  PE(22) Inst(5) Data0:
remuRedist Tags (tagWidth=16): 0, 0, 0, 0, 0, 0, 0, 0, 0, 0, 0, 0, 0, 0, 0, 0
remuRedist Forward bitvector (len=16): 0, 0, 0, 0, 0, 0, 0, 0, 0, 0, 0, 0, 0, 0, 0, 0
  PE(22) Inst(5) Data1:
remuRedist Tags (tagWidth=16): 0, 0, 0, 0, 0, 0, 0, 0, 0, 0, 0, 0, 0, 0, 0, 0
remuRedist Forward bitvector (len=16): 0, 0, 0, 0, 0, 0, 0, 0, 0, 0, 0, 0, 0, 0, 0, 0
  PE(22) Inst(5) Data2:
remuRedist Tags (tagWidth=16): 0, 0, 0, 0, 0, 0, 0, 0, 0, 0, 0, 0, 0, 0, 0, 0
remuRedist Forward bitvector (len=16): 0, 0, 0, 0, 0, 0, 0, 0, 0, 0, 0, 0, 0, 0, 0, 0
  PE(22) Inst(5) Data3:
remuRedist Tags (tagWidth=16): 0, 0, 0, 0, 0, 0, 0, 0, 0, 0, 0, 0, 0, 0, 0, 0
remuRedist Forward bitvector (len=16): 0, 0, 0, 0, 0, 0, 0, 0, 0, 0, 0, 0, 0, 0, 0, 0
  PE(22) Inst(6) Data0:
remuRedist Tags (tagWidth=16): 0, 0, 0, 0, 0, 0, 0, 0, 0, 0, 0, 0, 0, 0, 0, 0
remuRedist Forward bitvector (len=16): 0, 0, 0, 0, 0, 0, 0, 0, 0, 0, 0, 0, 0, 0, 0, 0
  PE(22) Inst(6) Data1:
remuRedist Tags (tagWidth=16): 0, 0, 0, 0, 0, 0, 0, 0, 0, 0, 0, 0, 0, 0, 0, 0
remuRedist Forward bitvector (len=16): 0, 0, 0, 0, 0, 0, 0, 0, 0, 0, 0, 0, 0, 0, 0, 0
  PE(22) Inst(6) Data2:
remuRedist Tags (tagWidth=16): 0, 0, 0, 0, 0, 0, 0, 0, 0, 0, 0, 0, 0, 0, 0, 0
remuRedist Forward bitvector (len=16): 0, 0, 0, 0, 0, 0, 0, 0, 0, 0, 0, 0, 0, 0, 0, 0
  PE(22) Inst(6) Data3:
remuRedist Tags (tagWidth=16): 0, 0, 0, 0, 0, 0, 0, 0, 0, 0, 0, 0, 0, 0, 0, 0
remuRedist Forward bitvector (len=16): 0, 0, 0, 0, 0, 0, 0, 0, 0, 0, 0, 0, 0, 0, 0, 0
  PE(22) Inst(7) Data0:
remuRedist Tags (tagWidth=16): 0, 0, 0, 0, 0, 0, 0, 0, 0, 0, 0, 0, 0, 0, 0, 0
remuRedist Forward bitvector (len=16): 0, 0, 0, 0, 0, 0, 0, 0, 0, 0, 0, 0, 0, 0, 0, 0
  PE(22) Inst(7) Data1:
remuRedist Tags (tagWidth=16): 0, 0, 0, 0, 0, 0, 0, 0, 0, 0, 0, 0, 0, 0, 0, 0
remuRedist Forward bitvector (len=16): 0, 0, 0, 0, 0, 0, 0, 0, 0, 0, 0, 0, 0, 0, 0, 0
  PE(22) Inst(7) Data2:
remuRedist Tags (tagWidth=16): 0, 0, 0, 0, 0, 0, 0, 0, 0, 0, 0, 0, 0, 0, 0, 0
remuRedist Forward bitvector (len=16): 0, 0, 0, 0, 0, 0, 0, 0, 0, 0, 0, 0, 0, 0, 0, 0
  PE(22) Inst(7) Data3:
remuRedist Tags (tagWidth=16): 0, 0, 0, 0, 0, 0, 0, 0, 0, 0, 0, 0, 0, 0, 0, 0
remuRedist Forward bitvector (len=16): 0, 0, 0, 0, 0, 0, 0, 0, 0, 0, 0, 0, 0, 0, 0, 0
  PE(22) Inst(8) Data0:
remuRedist Tags (tagWidth=16): 0, 0, 0, 0, 0, 0, 0, 0, 0, 0, 0, 0, 0, 0, 0, 0
remuRedist Forward bitvector (len=16): 0, 0, 0, 0, 0, 0, 0, 0, 0, 0, 0, 0, 0, 0, 0, 0
  PE(22) Inst(8) Data1:
remuRedist Tags (tagWidth=16): 0, 0, 0, 0, 0, 0, 0, 0, 0, 0, 0, 0, 0, 0, 0, 0
remuRedist Forward bitvector (len=16): 0, 0, 0, 0, 0, 0, 0, 0, 0, 0, 0, 0, 0, 0, 0, 0
  PE(22) Inst(8) Data2:
remuRedist Tags (tagWidth=16): 0, 0, 0, 0, 0, 0, 0, 0, 0, 0, 0, 0, 0, 0, 0, 0
remuRedist Forward bitvector (len=16): 0, 0, 0, 0, 0, 0, 0, 0, 0, 0, 0, 0, 0, 0, 0, 0
  PE(22) Inst(8) Data3:
remuRedist Tags (tagWidth=16): 0, 0, 0, 0, 0, 0, 0, 0, 0, 0, 0, 0, 0, 0, 0, 0
remuRedist Forward bitvector (len=16): 0, 0, 0, 0, 0, 0, 0, 0, 0, 0, 0, 0, 0, 0, 0, 0
  PE(22) Inst(9) Data0:
remuRedist Tags (tagWidth=16): 0, 0, 0, 0, 0, 0, 0, 0, 0, 0, 0, 0, 0, 0, 0, 0
remuRedist Forward bitvector (len=16): 0, 0, 0, 0, 0, 0, 0, 0, 0, 0, 0, 0, 0, 0, 0, 0
  PE(22) Inst(9) Data1:
remuRedist Tags (tagWidth=16): 0, 0, 0, 0, 0, 0, 0, 0, 0, 0, 0, 0, 0, 0, 0, 0
remuRedist Forward bitvector (len=16): 0, 0, 0, 0, 0, 0, 0, 0, 0, 0, 0, 0, 0, 0, 0, 0
  PE(22) Inst(9) Data2:
remuRedist Tags (tagWidth=16): 0, 0, 0, 0, 0, 0, 0, 0, 0, 0, 0, 0, 0, 0, 0, 0
remuRedist Forward bitvector (len=16): 0, 0, 0, 0, 0, 0, 0, 0, 0, 0, 0, 0, 0, 0, 0, 0
  PE(22) Inst(9) Data3:
remuRedist Tags (tagWidth=16): 0, 0, 0, 0, 0, 0, 0, 0, 0, 0, 0, 0, 0, 0, 0, 0
remuRedist Forward bitvector (len=16): 0, 0, 0, 0, 0, 0, 0, 0, 0, 0, 0, 0, 0, 0, 0, 0
  PE(22) Inst(10) Data0:
remuRedist Tags (tagWidth=16): 0, 0, 0, 0, 0, 0, 0, 0, 0, 0, 0, 0, 0, 0, 0, 0
remuRedist Forward bitvector (len=16): 0, 0, 0, 0, 0, 0, 0, 0, 0, 0, 0, 0, 0, 0, 0, 0
  PE(22) Inst(10) Data1:
remuRedist Tags (tagWidth=16): 0, 0, 0, 0, 0, 0, 0, 0, 0, 0, 0, 0, 0, 0, 0, 0
remuRedist Forward bitvector (len=16): 0, 0, 0, 0, 0, 0, 0, 0, 0, 0, 0, 0, 0, 0, 0, 0
  PE(22) Inst(10) Data2:
remuRedist Tags (tagWidth=16): 0, 0, 0, 0, 0, 0, 0, 0, 0, 0, 0, 0, 0, 0, 0, 0
remuRedist Forward bitvector (len=16): 0, 0, 0, 0, 0, 0, 0, 0, 0, 0, 0, 0, 0, 0, 0, 0
  PE(22) Inst(10) Data3:
remuRedist Tags (tagWidth=16): 0, 0, 0, 0, 0, 0, 0, 0, 0, 0, 0, 0, 0, 0, 0, 0
remuRedist Forward bitvector (len=16): 0, 0, 0, 0, 0, 0, 0, 0, 0, 0, 0, 0, 0, 0, 0, 0
  PE(22) Inst(11) Data0:
remuRedist Tags (tagWidth=16): 0, 0, 0, 0, 0, 0, 0, 0, 0, 0, 0, 0, 0, 0, 0, 0
remuRedist Forward bitvector (len=16): 0, 0, 0, 0, 0, 0, 0, 0, 0, 0, 0, 0, 0, 0, 0, 0
  PE(22) Inst(11) Data1:
remuRedist Tags (tagWidth=16): 0, 0, 0, 0, 0, 0, 0, 0, 0, 0, 0, 0, 0, 0, 0, 0
remuRedist Forward bitvector (len=16): 0, 0, 0, 0, 0, 0, 0, 0, 0, 0, 0, 0, 0, 0, 0, 0
  PE(22) Inst(11) Data2:
remuRedist Tags (tagWidth=16): 0, 0, 0, 0, 0, 0, 0, 0, 0, 0, 0, 0, 0, 0, 0, 0
remuRedist Forward bitvector (len=16): 0, 0, 0, 0, 0, 0, 0, 0, 0, 0, 0, 0, 0, 0, 0, 0
  PE(22) Inst(11) Data3:
remuRedist Tags (tagWidth=16): 0, 0, 0, 0, 0, 0, 0, 0, 0, 0, 0, 0, 0, 0, 0, 0
remuRedist Forward bitvector (len=16): 0, 0, 0, 0, 0, 0, 0, 0, 0, 0, 0, 0, 0, 0, 0, 0
  PE(22) Inst(12) Data0:
remuRedist Tags (tagWidth=16): 0, 0, 0, 0, 0, 0, 0, 0, 0, 0, 0, 0, 0, 0, 0, 0
remuRedist Forward bitvector (len=16): 0, 0, 0, 0, 0, 0, 0, 0, 0, 0, 0, 0, 0, 0, 0, 0
  PE(22) Inst(12) Data1:
remuRedist Tags (tagWidth=16): 0, 0, 0, 0, 0, 0, 0, 0, 0, 0, 0, 0, 0, 0, 0, 0
remuRedist Forward bitvector (len=16): 0, 0, 0, 0, 0, 0, 0, 0, 0, 0, 0, 0, 0, 0, 0, 0
  PE(22) Inst(12) Data2:
remuRedist Tags (tagWidth=16): 0, 0, 0, 0, 0, 0, 0, 0, 0, 0, 0, 0, 0, 0, 0, 0
remuRedist Forward bitvector (len=16): 0, 0, 0, 0, 0, 0, 0, 0, 0, 0, 0, 0, 0, 0, 0, 0
  PE(22) Inst(12) Data3:
remuRedist Tags (tagWidth=16): 0, 0, 0, 0, 0, 0, 0, 0, 0, 0, 0, 0, 0, 0, 0, 0
remuRedist Forward bitvector (len=16): 0, 0, 0, 0, 0, 0, 0, 0, 0, 0, 0, 0, 0, 0, 0, 0
  PE(22) Inst(13) Data0:
remuRedist Tags (tagWidth=16): 0, 0, 0, 0, 0, 0, 0, 0, 0, 0, 0, 0, 0, 0, 0, 0
remuRedist Forward bitvector (len=16): 0, 0, 0, 0, 0, 0, 0, 0, 0, 0, 0, 0, 0, 0, 0, 0
  PE(22) Inst(13) Data1:
remuRedist Tags (tagWidth=16): 0, 0, 0, 0, 0, 0, 0, 0, 0, 0, 0, 0, 0, 0, 0, 0
remuRedist Forward bitvector (len=16): 0, 0, 0, 0, 0, 0, 0, 0, 0, 0, 0, 0, 0, 0, 0, 0
  PE(22) Inst(13) Data2:
remuRedist Tags (tagWidth=16): 0, 0, 0, 0, 0, 0, 0, 0, 0, 0, 0, 0, 0, 0, 0, 0
remuRedist Forward bitvector (len=16): 0, 0, 0, 0, 0, 0, 0, 0, 0, 0, 0, 0, 0, 0, 0, 0
  PE(22) Inst(13) Data3:
remuRedist Tags (tagWidth=16): 0, 0, 0, 0, 0, 0, 0, 0, 0, 0, 0, 0, 0, 0, 0, 0
remuRedist Forward bitvector (len=16): 0, 0, 0, 0, 0, 0, 0, 0, 0, 0, 0, 0, 0, 0, 0, 0
  PE(22) Inst(14) Data0:
remuRedist Tags (tagWidth=16): 0, 0, 0, 0, 0, 0, 0, 0, 0, 0, 0, 0, 0, 0, 0, 0
remuRedist Forward bitvector (len=16): 0, 0, 0, 0, 0, 0, 0, 0, 0, 0, 0, 0, 0, 0, 0, 0
  PE(22) Inst(14) Data1:
remuRedist Tags (tagWidth=16): 0, 0, 0, 0, 0, 0, 0, 0, 0, 0, 0, 0, 0, 0, 0, 0
remuRedist Forward bitvector (len=16): 0, 0, 0, 0, 0, 0, 0, 0, 0, 0, 0, 0, 0, 0, 0, 0
  PE(22) Inst(14) Data2:
remuRedist Tags (tagWidth=16): 0, 0, 0, 0, 0, 0, 0, 0, 0, 0, 0, 0, 0, 0, 0, 0
remuRedist Forward bitvector (len=16): 0, 0, 0, 0, 0, 0, 0, 0, 0, 0, 0, 0, 0, 0, 0, 0
  PE(22) Inst(14) Data3:
remuRedist Tags (tagWidth=16): 0, 0, 0, 0, 0, 0, 0, 0, 0, 0, 0, 0, 0, 0, 0, 0
remuRedist Forward bitvector (len=16): 0, 0, 0, 0, 0, 0, 0, 0, 0, 0, 0, 0, 0, 0, 0, 0
  PE(22) Inst(15) Data0:
remuRedist Tags (tagWidth=16): 0, 0, 0, 0, 0, 0, 0, 0, 0, 0, 0, 0, 0, 0, 0, 0
remuRedist Forward bitvector (len=16): 0, 0, 0, 0, 0, 0, 0, 0, 0, 0, 0, 0, 0, 0, 0, 0
  PE(22) Inst(15) Data1:
remuRedist Tags (tagWidth=16): 0, 0, 0, 0, 0, 0, 0, 0, 0, 0, 0, 0, 0, 0, 0, 0
remuRedist Forward bitvector (len=16): 0, 0, 0, 0, 0, 0, 0, 0, 0, 0, 0, 0, 0, 0, 0, 0
  PE(22) Inst(15) Data2:
remuRedist Tags (tagWidth=16): 0, 0, 0, 0, 0, 0, 0, 0, 0, 0, 0, 0, 0, 0, 0, 0
remuRedist Forward bitvector (len=16): 0, 0, 0, 0, 0, 0, 0, 0, 0, 0, 0, 0, 0, 0, 0, 0
  PE(22) Inst(15) Data3:
remuRedist Tags (tagWidth=16): 0, 0, 0, 0, 0, 0, 0, 0, 0, 0, 0, 0, 0, 0, 0, 0
remuRedist Forward bitvector (len=16): 0, 0, 0, 0, 0, 0, 0, 0, 0, 0, 0, 0, 0, 0, 0, 0
remuRedist(23):
  PE(23) Inst(0) Data0:
remuRedist Tags (tagWidth=16): 0, 0, 0, 0, 1, 0, 1, 0, 0, 0, 0, 0, 0, 0, 0, 0
remuRedist Forward bitvector (len=16): 1, 0, 0, 0, 0, 0, 0, 0, 0, 0, 0, 0, 0, 0, 0, 0
  PE(23) Inst(0) Data1:
remuRedist Tags (tagWidth=16): 0, 0, 0, 0, 0, 0, 0, 0, 0, 0, 0, 0, 0, 0, 0, 0
remuRedist Forward bitvector (len=16): 0, 0, 0, 0, 0, 0, 0, 0, 0, 0, 0, 0, 0, 0, 0, 0
  PE(23) Inst(0) Data2:
remuRedist Tags (tagWidth=16): 0, 0, 0, 0, 0, 0, 0, 0, 0, 0, 0, 0, 0, 0, 0, 0
remuRedist Forward bitvector (len=16): 0, 0, 0, 0, 0, 0, 0, 0, 0, 0, 0, 0, 0, 0, 0, 0
  PE(23) Inst(0) Data3:
remuRedist Tags (tagWidth=16): 0, 0, 0, 0, 0, 0, 0, 0, 0, 0, 0, 0, 0, 0, 0, 0
remuRedist Forward bitvector (len=16): 0, 0, 0, 0, 0, 0, 0, 0, 0, 0, 0, 0, 0, 0, 0, 0
  PE(23) Inst(1) Data0:
remuRedist Tags (tagWidth=16): 0, 0, 0, 0, 1, 1, 0, 0, 0, 0, 0, 0, 0, 0, 0, 0
remuRedist Forward bitvector (len=16): 0, 1, 0, 0, 0, 0, 0, 0, 0, 0, 0, 0, 0, 0, 0, 0
  PE(23) Inst(1) Data1:
remuRedist Tags (tagWidth=16): 0, 0, 0, 0, 0, 0, 0, 0, 0, 0, 0, 0, 0, 0, 0, 0
remuRedist Forward bitvector (len=16): 0, 0, 0, 0, 0, 0, 0, 0, 0, 0, 0, 0, 0, 0, 0, 0
  PE(23) Inst(1) Data2:
remuRedist Tags (tagWidth=16): 0, 0, 0, 0, 0, 0, 0, 0, 0, 0, 0, 0, 0, 0, 0, 0
remuRedist Forward bitvector (len=16): 0, 0, 0, 0, 0, 0, 0, 0, 0, 0, 0, 0, 0, 0, 0, 0
  PE(23) Inst(1) Data3:
remuRedist Tags (tagWidth=16): 0, 0, 0, 0, 0, 0, 0, 0, 0, 0, 0, 0, 0, 0, 0, 0
remuRedist Forward bitvector (len=16): 0, 0, 0, 0, 0, 0, 0, 0, 0, 0, 0, 0, 0, 0, 0, 0
  PE(23) Inst(2) Data0:
remuRedist Tags (tagWidth=16): 0, 0, 0, 0, 0, 0, 0, 0, 0, 0, 0, 0, 0, 0, 0, 0
remuRedist Forward bitvector (len=16): 0, 0, 0, 0, 0, 0, 0, 0, 0, 0, 0, 0, 0, 0, 0, 0
  PE(23) Inst(2) Data1:
remuRedist Tags (tagWidth=16): 0, 0, 0, 0, 0, 0, 0, 0, 0, 0, 0, 0, 0, 0, 0, 0
remuRedist Forward bitvector (len=16): 0, 0, 0, 0, 0, 0, 0, 0, 0, 0, 0, 0, 0, 0, 0, 0
  PE(23) Inst(2) Data2:
remuRedist Tags (tagWidth=16): 0, 0, 0, 0, 0, 0, 0, 0, 0, 0, 0, 0, 0, 0, 0, 0
remuRedist Forward bitvector (len=16): 0, 0, 0, 0, 0, 0, 0, 0, 0, 0, 0, 0, 0, 0, 0, 0
  PE(23) Inst(2) Data3:
remuRedist Tags (tagWidth=16): 0, 0, 0, 0, 0, 0, 0, 0, 0, 0, 0, 0, 0, 0, 0, 0
remuRedist Forward bitvector (len=16): 0, 0, 0, 0, 0, 0, 0, 0, 0, 0, 0, 0, 0, 0, 0, 0
  PE(23) Inst(3) Data0:
remuRedist Tags (tagWidth=16): 0, 0, 0, 0, 0, 0, 0, 0, 0, 0, 0, 0, 0, 0, 0, 0
remuRedist Forward bitvector (len=16): 0, 0, 0, 0, 0, 0, 0, 0, 0, 0, 0, 0, 0, 0, 0, 0
  PE(23) Inst(3) Data1:
remuRedist Tags (tagWidth=16): 0, 0, 0, 0, 0, 0, 0, 0, 0, 0, 0, 0, 0, 0, 0, 0
remuRedist Forward bitvector (len=16): 0, 0, 0, 0, 0, 0, 0, 0, 0, 0, 0, 0, 0, 0, 0, 0
  PE(23) Inst(3) Data2:
remuRedist Tags (tagWidth=16): 0, 0, 0, 0, 0, 0, 0, 0, 0, 0, 0, 0, 0, 0, 0, 0
remuRedist Forward bitvector (len=16): 0, 0, 0, 0, 0, 0, 0, 0, 0, 0, 0, 0, 0, 0, 0, 0
  PE(23) Inst(3) Data3:
remuRedist Tags (tagWidth=16): 0, 0, 0, 0, 0, 0, 0, 0, 0, 0, 0, 0, 0, 0, 0, 0
remuRedist Forward bitvector (len=16): 0, 0, 0, 0, 0, 0, 0, 0, 0, 0, 0, 0, 0, 0, 0, 0
  PE(23) Inst(4) Data0:
remuRedist Tags (tagWidth=16): 0, 0, 0, 0, 0, 0, 0, 0, 0, 0, 0, 0, 0, 0, 0, 0
remuRedist Forward bitvector (len=16): 0, 0, 0, 0, 0, 0, 0, 0, 0, 0, 0, 0, 0, 0, 0, 0
  PE(23) Inst(4) Data1:
remuRedist Tags (tagWidth=16): 0, 0, 0, 0, 0, 0, 0, 0, 0, 0, 0, 0, 0, 0, 0, 0
remuRedist Forward bitvector (len=16): 0, 0, 0, 0, 0, 0, 0, 0, 0, 0, 0, 0, 0, 0, 0, 0
  PE(23) Inst(4) Data2:
remuRedist Tags (tagWidth=16): 0, 0, 0, 0, 0, 0, 0, 0, 0, 0, 0, 0, 0, 0, 0, 0
remuRedist Forward bitvector (len=16): 0, 0, 0, 0, 0, 0, 0, 0, 0, 0, 0, 0, 0, 0, 0, 0
  PE(23) Inst(4) Data3:
remuRedist Tags (tagWidth=16): 0, 0, 0, 0, 0, 0, 0, 0, 0, 0, 0, 0, 0, 0, 0, 0
remuRedist Forward bitvector (len=16): 0, 0, 0, 0, 0, 0, 0, 0, 0, 0, 0, 0, 0, 0, 0, 0
  PE(23) Inst(5) Data0:
remuRedist Tags (tagWidth=16): 0, 0, 0, 0, 0, 0, 0, 0, 0, 0, 0, 0, 0, 0, 0, 0
remuRedist Forward bitvector (len=16): 0, 0, 0, 0, 0, 0, 0, 0, 0, 0, 0, 0, 0, 0, 0, 0
  PE(23) Inst(5) Data1:
remuRedist Tags (tagWidth=16): 0, 0, 0, 0, 0, 0, 0, 0, 0, 0, 0, 0, 0, 0, 0, 0
remuRedist Forward bitvector (len=16): 0, 0, 0, 0, 0, 0, 0, 0, 0, 0, 0, 0, 0, 0, 0, 0
  PE(23) Inst(5) Data2:
remuRedist Tags (tagWidth=16): 0, 0, 0, 0, 0, 0, 0, 0, 0, 0, 0, 0, 0, 0, 0, 0
remuRedist Forward bitvector (len=16): 0, 0, 0, 0, 0, 0, 0, 0, 0, 0, 0, 0, 0, 0, 0, 0
  PE(23) Inst(5) Data3:
remuRedist Tags (tagWidth=16): 0, 0, 0, 0, 0, 0, 0, 0, 0, 0, 0, 0, 0, 0, 0, 0
remuRedist Forward bitvector (len=16): 0, 0, 0, 0, 0, 0, 0, 0, 0, 0, 0, 0, 0, 0, 0, 0
  PE(23) Inst(6) Data0:
remuRedist Tags (tagWidth=16): 0, 0, 0, 0, 0, 0, 0, 0, 0, 0, 0, 0, 0, 0, 0, 0
remuRedist Forward bitvector (len=16): 0, 0, 0, 0, 0, 0, 0, 0, 0, 0, 0, 0, 0, 0, 0, 0
  PE(23) Inst(6) Data1:
remuRedist Tags (tagWidth=16): 0, 0, 0, 0, 0, 0, 0, 0, 0, 0, 0, 0, 0, 0, 0, 0
remuRedist Forward bitvector (len=16): 0, 0, 0, 0, 0, 0, 0, 0, 0, 0, 0, 0, 0, 0, 0, 0
  PE(23) Inst(6) Data2:
remuRedist Tags (tagWidth=16): 0, 0, 0, 0, 0, 0, 0, 0, 0, 0, 0, 0, 0, 0, 0, 0
remuRedist Forward bitvector (len=16): 0, 0, 0, 0, 0, 0, 0, 0, 0, 0, 0, 0, 0, 0, 0, 0
  PE(23) Inst(6) Data3:
remuRedist Tags (tagWidth=16): 0, 0, 0, 0, 0, 0, 0, 0, 0, 0, 0, 0, 0, 0, 0, 0
remuRedist Forward bitvector (len=16): 0, 0, 0, 0, 0, 0, 0, 0, 0, 0, 0, 0, 0, 0, 0, 0
  PE(23) Inst(7) Data0:
remuRedist Tags (tagWidth=16): 0, 0, 0, 0, 0, 0, 0, 0, 0, 0, 0, 0, 0, 0, 0, 0
remuRedist Forward bitvector (len=16): 0, 0, 0, 0, 0, 0, 0, 0, 0, 0, 0, 0, 0, 0, 0, 0
  PE(23) Inst(7) Data1:
remuRedist Tags (tagWidth=16): 0, 0, 0, 0, 0, 0, 0, 0, 0, 0, 0, 0, 0, 0, 0, 0
remuRedist Forward bitvector (len=16): 0, 0, 0, 0, 0, 0, 0, 0, 0, 0, 0, 0, 0, 0, 0, 0
  PE(23) Inst(7) Data2:
remuRedist Tags (tagWidth=16): 0, 0, 0, 0, 0, 0, 0, 0, 0, 0, 0, 0, 0, 0, 0, 0
remuRedist Forward bitvector (len=16): 0, 0, 0, 0, 0, 0, 0, 0, 0, 0, 0, 0, 0, 0, 0, 0
  PE(23) Inst(7) Data3:
remuRedist Tags (tagWidth=16): 0, 0, 0, 0, 0, 0, 0, 0, 0, 0, 0, 0, 0, 0, 0, 0
remuRedist Forward bitvector (len=16): 0, 0, 0, 0, 0, 0, 0, 0, 0, 0, 0, 0, 0, 0, 0, 0
  PE(23) Inst(8) Data0:
remuRedist Tags (tagWidth=16): 0, 0, 0, 0, 0, 0, 0, 0, 0, 0, 0, 0, 0, 0, 0, 0
remuRedist Forward bitvector (len=16): 0, 0, 0, 0, 0, 0, 0, 0, 0, 0, 0, 0, 0, 0, 0, 0
  PE(23) Inst(8) Data1:
remuRedist Tags (tagWidth=16): 0, 0, 0, 0, 0, 0, 0, 0, 0, 0, 0, 0, 0, 0, 0, 0
remuRedist Forward bitvector (len=16): 0, 0, 0, 0, 0, 0, 0, 0, 0, 0, 0, 0, 0, 0, 0, 0
  PE(23) Inst(8) Data2:
remuRedist Tags (tagWidth=16): 0, 0, 0, 0, 0, 0, 0, 0, 0, 0, 0, 0, 0, 0, 0, 0
remuRedist Forward bitvector (len=16): 0, 0, 0, 0, 0, 0, 0, 0, 0, 0, 0, 0, 0, 0, 0, 0
  PE(23) Inst(8) Data3:
remuRedist Tags (tagWidth=16): 0, 0, 0, 0, 0, 0, 0, 0, 0, 0, 0, 0, 0, 0, 0, 0
remuRedist Forward bitvector (len=16): 0, 0, 0, 0, 0, 0, 0, 0, 0, 0, 0, 0, 0, 0, 0, 0
  PE(23) Inst(9) Data0:
remuRedist Tags (tagWidth=16): 0, 0, 0, 0, 0, 0, 0, 0, 0, 0, 0, 0, 0, 0, 0, 0
remuRedist Forward bitvector (len=16): 0, 0, 0, 0, 0, 0, 0, 0, 0, 0, 0, 0, 0, 0, 0, 0
  PE(23) Inst(9) Data1:
remuRedist Tags (tagWidth=16): 0, 0, 0, 0, 0, 0, 0, 0, 0, 0, 0, 0, 0, 0, 0, 0
remuRedist Forward bitvector (len=16): 0, 0, 0, 0, 0, 0, 0, 0, 0, 0, 0, 0, 0, 0, 0, 0
  PE(23) Inst(9) Data2:
remuRedist Tags (tagWidth=16): 0, 0, 0, 0, 0, 0, 0, 0, 0, 0, 0, 0, 0, 0, 0, 0
remuRedist Forward bitvector (len=16): 0, 0, 0, 0, 0, 0, 0, 0, 0, 0, 0, 0, 0, 0, 0, 0
  PE(23) Inst(9) Data3:
remuRedist Tags (tagWidth=16): 0, 0, 0, 0, 0, 0, 0, 0, 0, 0, 0, 0, 0, 0, 0, 0
remuRedist Forward bitvector (len=16): 0, 0, 0, 0, 0, 0, 0, 0, 0, 0, 0, 0, 0, 0, 0, 0
  PE(23) Inst(10) Data0:
remuRedist Tags (tagWidth=16): 0, 0, 0, 0, 0, 0, 0, 0, 0, 0, 0, 0, 0, 0, 0, 0
remuRedist Forward bitvector (len=16): 0, 0, 0, 0, 0, 0, 0, 0, 0, 0, 0, 0, 0, 0, 0, 0
  PE(23) Inst(10) Data1:
remuRedist Tags (tagWidth=16): 0, 0, 0, 0, 0, 0, 0, 0, 0, 0, 0, 0, 0, 0, 0, 0
remuRedist Forward bitvector (len=16): 0, 0, 0, 0, 0, 0, 0, 0, 0, 0, 0, 0, 0, 0, 0, 0
  PE(23) Inst(10) Data2:
remuRedist Tags (tagWidth=16): 0, 0, 0, 0, 0, 0, 0, 0, 0, 0, 0, 0, 0, 0, 0, 0
remuRedist Forward bitvector (len=16): 0, 0, 0, 0, 0, 0, 0, 0, 0, 0, 0, 0, 0, 0, 0, 0
  PE(23) Inst(10) Data3:
remuRedist Tags (tagWidth=16): 0, 0, 0, 0, 0, 0, 0, 0, 0, 0, 0, 0, 0, 0, 0, 0
remuRedist Forward bitvector (len=16): 0, 0, 0, 0, 0, 0, 0, 0, 0, 0, 0, 0, 0, 0, 0, 0
  PE(23) Inst(11) Data0:
remuRedist Tags (tagWidth=16): 0, 0, 0, 0, 0, 0, 0, 0, 0, 0, 0, 0, 0, 0, 0, 0
remuRedist Forward bitvector (len=16): 0, 0, 0, 0, 0, 0, 0, 0, 0, 0, 0, 0, 0, 0, 0, 0
  PE(23) Inst(11) Data1:
remuRedist Tags (tagWidth=16): 0, 0, 0, 0, 0, 0, 0, 0, 0, 0, 0, 0, 0, 0, 0, 0
remuRedist Forward bitvector (len=16): 0, 0, 0, 0, 0, 0, 0, 0, 0, 0, 0, 0, 0, 0, 0, 0
  PE(23) Inst(11) Data2:
remuRedist Tags (tagWidth=16): 0, 0, 0, 0, 0, 0, 0, 0, 0, 0, 0, 0, 0, 0, 0, 0
remuRedist Forward bitvector (len=16): 0, 0, 0, 0, 0, 0, 0, 0, 0, 0, 0, 0, 0, 0, 0, 0
  PE(23) Inst(11) Data3:
remuRedist Tags (tagWidth=16): 0, 0, 0, 0, 0, 0, 0, 0, 0, 0, 0, 0, 0, 0, 0, 0
remuRedist Forward bitvector (len=16): 0, 0, 0, 0, 0, 0, 0, 0, 0, 0, 0, 0, 0, 0, 0, 0
  PE(23) Inst(12) Data0:
remuRedist Tags (tagWidth=16): 0, 0, 0, 0, 0, 0, 0, 0, 0, 0, 0, 0, 0, 0, 0, 0
remuRedist Forward bitvector (len=16): 0, 0, 0, 0, 0, 0, 0, 0, 0, 0, 0, 0, 0, 0, 0, 0
  PE(23) Inst(12) Data1:
remuRedist Tags (tagWidth=16): 0, 0, 0, 0, 0, 0, 0, 0, 0, 0, 0, 0, 0, 0, 0, 0
remuRedist Forward bitvector (len=16): 0, 0, 0, 0, 0, 0, 0, 0, 0, 0, 0, 0, 0, 0, 0, 0
  PE(23) Inst(12) Data2:
remuRedist Tags (tagWidth=16): 0, 0, 0, 0, 0, 0, 0, 0, 0, 0, 0, 0, 0, 0, 0, 0
remuRedist Forward bitvector (len=16): 0, 0, 0, 0, 0, 0, 0, 0, 0, 0, 0, 0, 0, 0, 0, 0
  PE(23) Inst(12) Data3:
remuRedist Tags (tagWidth=16): 0, 0, 0, 0, 0, 0, 0, 0, 0, 0, 0, 0, 0, 0, 0, 0
remuRedist Forward bitvector (len=16): 0, 0, 0, 0, 0, 0, 0, 0, 0, 0, 0, 0, 0, 0, 0, 0
  PE(23) Inst(13) Data0:
remuRedist Tags (tagWidth=16): 0, 0, 0, 0, 0, 0, 0, 0, 0, 0, 0, 0, 0, 0, 0, 0
remuRedist Forward bitvector (len=16): 0, 0, 0, 0, 0, 0, 0, 0, 0, 0, 0, 0, 0, 0, 0, 0
  PE(23) Inst(13) Data1:
remuRedist Tags (tagWidth=16): 0, 0, 0, 0, 0, 0, 0, 0, 0, 0, 0, 0, 0, 0, 0, 0
remuRedist Forward bitvector (len=16): 0, 0, 0, 0, 0, 0, 0, 0, 0, 0, 0, 0, 0, 0, 0, 0
  PE(23) Inst(13) Data2:
remuRedist Tags (tagWidth=16): 0, 0, 0, 0, 0, 0, 0, 0, 0, 0, 0, 0, 0, 0, 0, 0
remuRedist Forward bitvector (len=16): 0, 0, 0, 0, 0, 0, 0, 0, 0, 0, 0, 0, 0, 0, 0, 0
  PE(23) Inst(13) Data3:
remuRedist Tags (tagWidth=16): 0, 0, 0, 0, 0, 0, 0, 0, 0, 0, 0, 0, 0, 0, 0, 0
remuRedist Forward bitvector (len=16): 0, 0, 0, 0, 0, 0, 0, 0, 0, 0, 0, 0, 0, 0, 0, 0
  PE(23) Inst(14) Data0:
remuRedist Tags (tagWidth=16): 0, 0, 0, 0, 0, 0, 0, 0, 0, 0, 0, 0, 0, 0, 0, 0
remuRedist Forward bitvector (len=16): 0, 0, 0, 0, 0, 0, 0, 0, 0, 0, 0, 0, 0, 0, 0, 0
  PE(23) Inst(14) Data1:
remuRedist Tags (tagWidth=16): 0, 0, 0, 0, 0, 0, 0, 0, 0, 0, 0, 0, 0, 0, 0, 0
remuRedist Forward bitvector (len=16): 0, 0, 0, 0, 0, 0, 0, 0, 0, 0, 0, 0, 0, 0, 0, 0
  PE(23) Inst(14) Data2:
remuRedist Tags (tagWidth=16): 0, 0, 0, 0, 0, 0, 0, 0, 0, 0, 0, 0, 0, 0, 0, 0
remuRedist Forward bitvector (len=16): 0, 0, 0, 0, 0, 0, 0, 0, 0, 0, 0, 0, 0, 0, 0, 0
  PE(23) Inst(14) Data3:
remuRedist Tags (tagWidth=16): 0, 0, 0, 0, 0, 0, 0, 0, 0, 0, 0, 0, 0, 0, 0, 0
remuRedist Forward bitvector (len=16): 0, 0, 0, 0, 0, 0, 0, 0, 0, 0, 0, 0, 0, 0, 0, 0
  PE(23) Inst(15) Data0:
remuRedist Tags (tagWidth=16): 0, 0, 0, 0, 0, 0, 0, 0, 0, 0, 0, 0, 0, 0, 0, 0
remuRedist Forward bitvector (len=16): 0, 0, 0, 0, 0, 0, 0, 0, 0, 0, 0, 0, 0, 0, 0, 0
  PE(23) Inst(15) Data1:
remuRedist Tags (tagWidth=16): 0, 0, 0, 0, 0, 0, 0, 0, 0, 0, 0, 0, 0, 0, 0, 0
remuRedist Forward bitvector (len=16): 0, 0, 0, 0, 0, 0, 0, 0, 0, 0, 0, 0, 0, 0, 0, 0
  PE(23) Inst(15) Data2:
remuRedist Tags (tagWidth=16): 0, 0, 0, 0, 0, 0, 0, 0, 0, 0, 0, 0, 0, 0, 0, 0
remuRedist Forward bitvector (len=16): 0, 0, 0, 0, 0, 0, 0, 0, 0, 0, 0, 0, 0, 0, 0, 0
  PE(23) Inst(15) Data3:
remuRedist Tags (tagWidth=16): 0, 0, 0, 0, 0, 0, 0, 0, 0, 0, 0, 0, 0, 0, 0, 0
remuRedist Forward bitvector (len=16): 0, 0, 0, 0, 0, 0, 0, 0, 0, 0, 0, 0, 0, 0, 0, 0
remuRedist(24):
  PE(24) Inst(0) Data0:
remuRedist Tags (tagWidth=16): 0, 0, 0, 1, 1, 0, 1, 0, 0, 0, 0, 0, 0, 0, 0, 0
remuRedist Forward bitvector (len=16): 1, 0, 0, 0, 0, 0, 0, 0, 0, 0, 0, 0, 0, 0, 0, 0
  PE(24) Inst(0) Data1:
remuRedist Tags (tagWidth=16): 1, 0, 0, 1, 1, 0, 1, 0, 0, 0, 0, 0, 0, 0, 0, 0
remuRedist Forward bitvector (len=16): 1, 0, 0, 0, 0, 0, 0, 0, 0, 0, 0, 0, 0, 0, 0, 0
  PE(24) Inst(0) Data2:
remuRedist Tags (tagWidth=16): 0, 1, 0, 1, 1, 0, 1, 0, 0, 0, 0, 0, 0, 0, 0, 0
remuRedist Forward bitvector (len=16): 1, 0, 0, 0, 0, 0, 0, 0, 0, 0, 0, 0, 0, 0, 0, 0
  PE(24) Inst(0) Data3:
remuRedist Tags (tagWidth=16): 0, 0, 0, 0, 0, 0, 0, 0, 0, 0, 0, 0, 0, 0, 0, 0
remuRedist Forward bitvector (len=16): 0, 0, 0, 0, 0, 0, 0, 0, 0, 0, 0, 0, 0, 0, 0, 0
  PE(24) Inst(1) Data0:
remuRedist Tags (tagWidth=16): 0, 0, 1, 1, 0, 0, 0, 0, 0, 0, 0, 0, 0, 0, 0, 0
remuRedist Forward bitvector (len=16): 0, 1, 0, 0, 0, 0, 0, 0, 0, 0, 0, 0, 0, 0, 0, 0
  PE(24) Inst(1) Data1:
remuRedist Tags (tagWidth=16): 0, 0, 0, 0, 0, 0, 0, 0, 0, 0, 0, 0, 0, 0, 0, 0
remuRedist Forward bitvector (len=16): 0, 0, 0, 0, 0, 0, 0, 0, 0, 0, 0, 0, 0, 0, 0, 0
  PE(24) Inst(1) Data2:
remuRedist Tags (tagWidth=16): 0, 0, 0, 0, 0, 0, 0, 0, 0, 0, 0, 0, 0, 0, 0, 0
remuRedist Forward bitvector (len=16): 0, 0, 0, 0, 0, 0, 0, 0, 0, 0, 0, 0, 0, 0, 0, 0
  PE(24) Inst(1) Data3:
remuRedist Tags (tagWidth=16): 0, 0, 0, 0, 0, 0, 0, 0, 0, 0, 0, 0, 0, 0, 0, 0
remuRedist Forward bitvector (len=16): 0, 0, 0, 0, 0, 0, 0, 0, 0, 0, 0, 0, 0, 0, 0, 0
  PE(24) Inst(2) Data0:
remuRedist Tags (tagWidth=16): 0, 0, 0, 0, 0, 0, 0, 0, 0, 0, 0, 0, 0, 0, 0, 0
remuRedist Forward bitvector (len=16): 0, 0, 0, 0, 0, 0, 0, 0, 0, 0, 0, 0, 0, 0, 0, 0
  PE(24) Inst(2) Data1:
remuRedist Tags (tagWidth=16): 0, 0, 0, 0, 0, 0, 0, 0, 0, 0, 0, 0, 0, 0, 0, 0
remuRedist Forward bitvector (len=16): 0, 0, 0, 0, 0, 0, 0, 0, 0, 0, 0, 0, 0, 0, 0, 0
  PE(24) Inst(2) Data2:
remuRedist Tags (tagWidth=16): 0, 0, 0, 0, 0, 0, 0, 0, 0, 0, 0, 0, 0, 0, 0, 0
remuRedist Forward bitvector (len=16): 0, 0, 0, 0, 0, 0, 0, 0, 0, 0, 0, 0, 0, 0, 0, 0
  PE(24) Inst(2) Data3:
remuRedist Tags (tagWidth=16): 0, 0, 0, 0, 0, 0, 0, 0, 0, 0, 0, 0, 0, 0, 0, 0
remuRedist Forward bitvector (len=16): 0, 0, 0, 0, 0, 0, 0, 0, 0, 0, 0, 0, 0, 0, 0, 0
  PE(24) Inst(3) Data0:
remuRedist Tags (tagWidth=16): 0, 0, 0, 0, 0, 0, 0, 0, 0, 0, 0, 0, 0, 0, 0, 0
remuRedist Forward bitvector (len=16): 0, 0, 0, 0, 0, 0, 0, 0, 0, 0, 0, 0, 0, 0, 0, 0
  PE(24) Inst(3) Data1:
remuRedist Tags (tagWidth=16): 0, 0, 0, 0, 0, 0, 0, 0, 0, 0, 0, 0, 0, 0, 0, 0
remuRedist Forward bitvector (len=16): 0, 0, 0, 0, 0, 0, 0, 0, 0, 0, 0, 0, 0, 0, 0, 0
  PE(24) Inst(3) Data2:
remuRedist Tags (tagWidth=16): 0, 0, 0, 0, 0, 0, 0, 0, 0, 0, 0, 0, 0, 0, 0, 0
remuRedist Forward bitvector (len=16): 0, 0, 0, 0, 0, 0, 0, 0, 0, 0, 0, 0, 0, 0, 0, 0
  PE(24) Inst(3) Data3:
remuRedist Tags (tagWidth=16): 0, 0, 0, 0, 0, 0, 0, 0, 0, 0, 0, 0, 0, 0, 0, 0
remuRedist Forward bitvector (len=16): 0, 0, 0, 0, 0, 0, 0, 0, 0, 0, 0, 0, 0, 0, 0, 0
  PE(24) Inst(4) Data0:
remuRedist Tags (tagWidth=16): 0, 0, 0, 0, 0, 0, 0, 0, 0, 0, 0, 0, 0, 0, 0, 0
remuRedist Forward bitvector (len=16): 0, 0, 0, 0, 0, 0, 0, 0, 0, 0, 0, 0, 0, 0, 0, 0
  PE(24) Inst(4) Data1:
remuRedist Tags (tagWidth=16): 0, 0, 0, 0, 0, 0, 0, 0, 0, 0, 0, 0, 0, 0, 0, 0
remuRedist Forward bitvector (len=16): 0, 0, 0, 0, 0, 0, 0, 0, 0, 0, 0, 0, 0, 0, 0, 0
  PE(24) Inst(4) Data2:
remuRedist Tags (tagWidth=16): 0, 0, 0, 0, 0, 0, 0, 0, 0, 0, 0, 0, 0, 0, 0, 0
remuRedist Forward bitvector (len=16): 0, 0, 0, 0, 0, 0, 0, 0, 0, 0, 0, 0, 0, 0, 0, 0
  PE(24) Inst(4) Data3:
remuRedist Tags (tagWidth=16): 0, 0, 0, 0, 0, 0, 0, 0, 0, 0, 0, 0, 0, 0, 0, 0
remuRedist Forward bitvector (len=16): 0, 0, 0, 0, 0, 0, 0, 0, 0, 0, 0, 0, 0, 0, 0, 0
  PE(24) Inst(5) Data0:
remuRedist Tags (tagWidth=16): 0, 0, 0, 0, 0, 0, 0, 0, 0, 0, 0, 0, 0, 0, 0, 0
remuRedist Forward bitvector (len=16): 0, 0, 0, 0, 0, 0, 0, 0, 0, 0, 0, 0, 0, 0, 0, 0
  PE(24) Inst(5) Data1:
remuRedist Tags (tagWidth=16): 0, 0, 0, 0, 0, 0, 0, 0, 0, 0, 0, 0, 0, 0, 0, 0
remuRedist Forward bitvector (len=16): 0, 0, 0, 0, 0, 0, 0, 0, 0, 0, 0, 0, 0, 0, 0, 0
  PE(24) Inst(5) Data2:
remuRedist Tags (tagWidth=16): 0, 0, 0, 0, 0, 0, 0, 0, 0, 0, 0, 0, 0, 0, 0, 0
remuRedist Forward bitvector (len=16): 0, 0, 0, 0, 0, 0, 0, 0, 0, 0, 0, 0, 0, 0, 0, 0
  PE(24) Inst(5) Data3:
remuRedist Tags (tagWidth=16): 0, 0, 0, 0, 0, 0, 0, 0, 0, 0, 0, 0, 0, 0, 0, 0
remuRedist Forward bitvector (len=16): 0, 0, 0, 0, 0, 0, 0, 0, 0, 0, 0, 0, 0, 0, 0, 0
  PE(24) Inst(6) Data0:
remuRedist Tags (tagWidth=16): 0, 0, 0, 0, 0, 0, 0, 0, 0, 0, 0, 0, 0, 0, 0, 0
remuRedist Forward bitvector (len=16): 0, 0, 0, 0, 0, 0, 0, 0, 0, 0, 0, 0, 0, 0, 0, 0
  PE(24) Inst(6) Data1:
remuRedist Tags (tagWidth=16): 0, 0, 0, 0, 0, 0, 0, 0, 0, 0, 0, 0, 0, 0, 0, 0
remuRedist Forward bitvector (len=16): 0, 0, 0, 0, 0, 0, 0, 0, 0, 0, 0, 0, 0, 0, 0, 0
  PE(24) Inst(6) Data2:
remuRedist Tags (tagWidth=16): 0, 0, 0, 0, 0, 0, 0, 0, 0, 0, 0, 0, 0, 0, 0, 0
remuRedist Forward bitvector (len=16): 0, 0, 0, 0, 0, 0, 0, 0, 0, 0, 0, 0, 0, 0, 0, 0
  PE(24) Inst(6) Data3:
remuRedist Tags (tagWidth=16): 0, 0, 0, 0, 0, 0, 0, 0, 0, 0, 0, 0, 0, 0, 0, 0
remuRedist Forward bitvector (len=16): 0, 0, 0, 0, 0, 0, 0, 0, 0, 0, 0, 0, 0, 0, 0, 0
  PE(24) Inst(7) Data0:
remuRedist Tags (tagWidth=16): 0, 0, 0, 0, 0, 0, 0, 0, 0, 0, 0, 0, 0, 0, 0, 0
remuRedist Forward bitvector (len=16): 0, 0, 0, 0, 0, 0, 0, 0, 0, 0, 0, 0, 0, 0, 0, 0
  PE(24) Inst(7) Data1:
remuRedist Tags (tagWidth=16): 0, 0, 0, 0, 0, 0, 0, 0, 0, 0, 0, 0, 0, 0, 0, 0
remuRedist Forward bitvector (len=16): 0, 0, 0, 0, 0, 0, 0, 0, 0, 0, 0, 0, 0, 0, 0, 0
  PE(24) Inst(7) Data2:
remuRedist Tags (tagWidth=16): 0, 0, 0, 0, 0, 0, 0, 0, 0, 0, 0, 0, 0, 0, 0, 0
remuRedist Forward bitvector (len=16): 0, 0, 0, 0, 0, 0, 0, 0, 0, 0, 0, 0, 0, 0, 0, 0
  PE(24) Inst(7) Data3:
remuRedist Tags (tagWidth=16): 0, 0, 0, 0, 0, 0, 0, 0, 0, 0, 0, 0, 0, 0, 0, 0
remuRedist Forward bitvector (len=16): 0, 0, 0, 0, 0, 0, 0, 0, 0, 0, 0, 0, 0, 0, 0, 0
  PE(24) Inst(8) Data0:
remuRedist Tags (tagWidth=16): 0, 0, 0, 0, 0, 0, 0, 0, 0, 0, 0, 0, 0, 0, 0, 0
remuRedist Forward bitvector (len=16): 0, 0, 0, 0, 0, 0, 0, 0, 0, 0, 0, 0, 0, 0, 0, 0
  PE(24) Inst(8) Data1:
remuRedist Tags (tagWidth=16): 0, 0, 0, 0, 0, 0, 0, 0, 0, 0, 0, 0, 0, 0, 0, 0
remuRedist Forward bitvector (len=16): 0, 0, 0, 0, 0, 0, 0, 0, 0, 0, 0, 0, 0, 0, 0, 0
  PE(24) Inst(8) Data2:
remuRedist Tags (tagWidth=16): 0, 0, 0, 0, 0, 0, 0, 0, 0, 0, 0, 0, 0, 0, 0, 0
remuRedist Forward bitvector (len=16): 0, 0, 0, 0, 0, 0, 0, 0, 0, 0, 0, 0, 0, 0, 0, 0
  PE(24) Inst(8) Data3:
remuRedist Tags (tagWidth=16): 0, 0, 0, 0, 0, 0, 0, 0, 0, 0, 0, 0, 0, 0, 0, 0
remuRedist Forward bitvector (len=16): 0, 0, 0, 0, 0, 0, 0, 0, 0, 0, 0, 0, 0, 0, 0, 0
  PE(24) Inst(9) Data0:
remuRedist Tags (tagWidth=16): 0, 0, 0, 0, 0, 0, 0, 0, 0, 0, 0, 0, 0, 0, 0, 0
remuRedist Forward bitvector (len=16): 0, 0, 0, 0, 0, 0, 0, 0, 0, 0, 0, 0, 0, 0, 0, 0
  PE(24) Inst(9) Data1:
remuRedist Tags (tagWidth=16): 0, 0, 0, 0, 0, 0, 0, 0, 0, 0, 0, 0, 0, 0, 0, 0
remuRedist Forward bitvector (len=16): 0, 0, 0, 0, 0, 0, 0, 0, 0, 0, 0, 0, 0, 0, 0, 0
  PE(24) Inst(9) Data2:
remuRedist Tags (tagWidth=16): 0, 0, 0, 0, 0, 0, 0, 0, 0, 0, 0, 0, 0, 0, 0, 0
remuRedist Forward bitvector (len=16): 0, 0, 0, 0, 0, 0, 0, 0, 0, 0, 0, 0, 0, 0, 0, 0
  PE(24) Inst(9) Data3:
remuRedist Tags (tagWidth=16): 0, 0, 0, 0, 0, 0, 0, 0, 0, 0, 0, 0, 0, 0, 0, 0
remuRedist Forward bitvector (len=16): 0, 0, 0, 0, 0, 0, 0, 0, 0, 0, 0, 0, 0, 0, 0, 0
  PE(24) Inst(10) Data0:
remuRedist Tags (tagWidth=16): 0, 0, 0, 0, 0, 0, 0, 0, 0, 0, 0, 0, 0, 0, 0, 0
remuRedist Forward bitvector (len=16): 0, 0, 0, 0, 0, 0, 0, 0, 0, 0, 0, 0, 0, 0, 0, 0
  PE(24) Inst(10) Data1:
remuRedist Tags (tagWidth=16): 0, 0, 0, 0, 0, 0, 0, 0, 0, 0, 0, 0, 0, 0, 0, 0
remuRedist Forward bitvector (len=16): 0, 0, 0, 0, 0, 0, 0, 0, 0, 0, 0, 0, 0, 0, 0, 0
  PE(24) Inst(10) Data2:
remuRedist Tags (tagWidth=16): 0, 0, 0, 0, 0, 0, 0, 0, 0, 0, 0, 0, 0, 0, 0, 0
remuRedist Forward bitvector (len=16): 0, 0, 0, 0, 0, 0, 0, 0, 0, 0, 0, 0, 0, 0, 0, 0
  PE(24) Inst(10) Data3:
remuRedist Tags (tagWidth=16): 0, 0, 0, 0, 0, 0, 0, 0, 0, 0, 0, 0, 0, 0, 0, 0
remuRedist Forward bitvector (len=16): 0, 0, 0, 0, 0, 0, 0, 0, 0, 0, 0, 0, 0, 0, 0, 0
  PE(24) Inst(11) Data0:
remuRedist Tags (tagWidth=16): 0, 0, 0, 0, 0, 0, 0, 0, 0, 0, 0, 0, 0, 0, 0, 0
remuRedist Forward bitvector (len=16): 0, 0, 0, 0, 0, 0, 0, 0, 0, 0, 0, 0, 0, 0, 0, 0
  PE(24) Inst(11) Data1:
remuRedist Tags (tagWidth=16): 0, 0, 0, 0, 0, 0, 0, 0, 0, 0, 0, 0, 0, 0, 0, 0
remuRedist Forward bitvector (len=16): 0, 0, 0, 0, 0, 0, 0, 0, 0, 0, 0, 0, 0, 0, 0, 0
  PE(24) Inst(11) Data2:
remuRedist Tags (tagWidth=16): 0, 0, 0, 0, 0, 0, 0, 0, 0, 0, 0, 0, 0, 0, 0, 0
remuRedist Forward bitvector (len=16): 0, 0, 0, 0, 0, 0, 0, 0, 0, 0, 0, 0, 0, 0, 0, 0
  PE(24) Inst(11) Data3:
remuRedist Tags (tagWidth=16): 0, 0, 0, 0, 0, 0, 0, 0, 0, 0, 0, 0, 0, 0, 0, 0
remuRedist Forward bitvector (len=16): 0, 0, 0, 0, 0, 0, 0, 0, 0, 0, 0, 0, 0, 0, 0, 0
  PE(24) Inst(12) Data0:
remuRedist Tags (tagWidth=16): 0, 0, 0, 0, 0, 0, 0, 0, 0, 0, 0, 0, 0, 0, 0, 0
remuRedist Forward bitvector (len=16): 0, 0, 0, 0, 0, 0, 0, 0, 0, 0, 0, 0, 0, 0, 0, 0
  PE(24) Inst(12) Data1:
remuRedist Tags (tagWidth=16): 0, 0, 0, 0, 0, 0, 0, 0, 0, 0, 0, 0, 0, 0, 0, 0
remuRedist Forward bitvector (len=16): 0, 0, 0, 0, 0, 0, 0, 0, 0, 0, 0, 0, 0, 0, 0, 0
  PE(24) Inst(12) Data2:
remuRedist Tags (tagWidth=16): 0, 0, 0, 0, 0, 0, 0, 0, 0, 0, 0, 0, 0, 0, 0, 0
remuRedist Forward bitvector (len=16): 0, 0, 0, 0, 0, 0, 0, 0, 0, 0, 0, 0, 0, 0, 0, 0
  PE(24) Inst(12) Data3:
remuRedist Tags (tagWidth=16): 0, 0, 0, 0, 0, 0, 0, 0, 0, 0, 0, 0, 0, 0, 0, 0
remuRedist Forward bitvector (len=16): 0, 0, 0, 0, 0, 0, 0, 0, 0, 0, 0, 0, 0, 0, 0, 0
  PE(24) Inst(13) Data0:
remuRedist Tags (tagWidth=16): 0, 0, 0, 0, 0, 0, 0, 0, 0, 0, 0, 0, 0, 0, 0, 0
remuRedist Forward bitvector (len=16): 0, 0, 0, 0, 0, 0, 0, 0, 0, 0, 0, 0, 0, 0, 0, 0
  PE(24) Inst(13) Data1:
remuRedist Tags (tagWidth=16): 0, 0, 0, 0, 0, 0, 0, 0, 0, 0, 0, 0, 0, 0, 0, 0
remuRedist Forward bitvector (len=16): 0, 0, 0, 0, 0, 0, 0, 0, 0, 0, 0, 0, 0, 0, 0, 0
  PE(24) Inst(13) Data2:
remuRedist Tags (tagWidth=16): 0, 0, 0, 0, 0, 0, 0, 0, 0, 0, 0, 0, 0, 0, 0, 0
remuRedist Forward bitvector (len=16): 0, 0, 0, 0, 0, 0, 0, 0, 0, 0, 0, 0, 0, 0, 0, 0
  PE(24) Inst(13) Data3:
remuRedist Tags (tagWidth=16): 0, 0, 0, 0, 0, 0, 0, 0, 0, 0, 0, 0, 0, 0, 0, 0
remuRedist Forward bitvector (len=16): 0, 0, 0, 0, 0, 0, 0, 0, 0, 0, 0, 0, 0, 0, 0, 0
  PE(24) Inst(14) Data0:
remuRedist Tags (tagWidth=16): 0, 0, 0, 0, 0, 0, 0, 0, 0, 0, 0, 0, 0, 0, 0, 0
remuRedist Forward bitvector (len=16): 0, 0, 0, 0, 0, 0, 0, 0, 0, 0, 0, 0, 0, 0, 0, 0
  PE(24) Inst(14) Data1:
remuRedist Tags (tagWidth=16): 0, 0, 0, 0, 0, 0, 0, 0, 0, 0, 0, 0, 0, 0, 0, 0
remuRedist Forward bitvector (len=16): 0, 0, 0, 0, 0, 0, 0, 0, 0, 0, 0, 0, 0, 0, 0, 0
  PE(24) Inst(14) Data2:
remuRedist Tags (tagWidth=16): 0, 0, 0, 0, 0, 0, 0, 0, 0, 0, 0, 0, 0, 0, 0, 0
remuRedist Forward bitvector (len=16): 0, 0, 0, 0, 0, 0, 0, 0, 0, 0, 0, 0, 0, 0, 0, 0
  PE(24) Inst(14) Data3:
remuRedist Tags (tagWidth=16): 0, 0, 0, 0, 0, 0, 0, 0, 0, 0, 0, 0, 0, 0, 0, 0
remuRedist Forward bitvector (len=16): 0, 0, 0, 0, 0, 0, 0, 0, 0, 0, 0, 0, 0, 0, 0, 0
  PE(24) Inst(15) Data0:
remuRedist Tags (tagWidth=16): 0, 0, 0, 0, 0, 0, 0, 0, 0, 0, 0, 0, 0, 0, 0, 0
remuRedist Forward bitvector (len=16): 0, 0, 0, 0, 0, 0, 0, 0, 0, 0, 0, 0, 0, 0, 0, 0
  PE(24) Inst(15) Data1:
remuRedist Tags (tagWidth=16): 0, 0, 0, 0, 0, 0, 0, 0, 0, 0, 0, 0, 0, 0, 0, 0
remuRedist Forward bitvector (len=16): 0, 0, 0, 0, 0, 0, 0, 0, 0, 0, 0, 0, 0, 0, 0, 0
  PE(24) Inst(15) Data2:
remuRedist Tags (tagWidth=16): 0, 0, 0, 0, 0, 0, 0, 0, 0, 0, 0, 0, 0, 0, 0, 0
remuRedist Forward bitvector (len=16): 0, 0, 0, 0, 0, 0, 0, 0, 0, 0, 0, 0, 0, 0, 0, 0
  PE(24) Inst(15) Data3:
remuRedist Tags (tagWidth=16): 0, 0, 0, 0, 0, 0, 0, 0, 0, 0, 0, 0, 0, 0, 0, 0
remuRedist Forward bitvector (len=16): 0, 0, 0, 0, 0, 0, 0, 0, 0, 0, 0, 0, 0, 0, 0, 0
remuRedist(25):
  PE(25) Inst(0) Data0:
remuRedist Tags (tagWidth=16): 0, 1, 1, 1, 0, 0, 0, 0, 0, 0, 0, 0, 0, 0, 0, 0
remuRedist Forward bitvector (len=16): 1, 0, 0, 0, 0, 0, 0, 0, 0, 0, 0, 0, 0, 0, 0, 0
  PE(25) Inst(0) Data1:
remuRedist Tags (tagWidth=16): 0, 1, 0, 1, 0, 1, 0, 0, 0, 0, 0, 0, 0, 0, 0, 0
remuRedist Forward bitvector (len=16): 0, 1, 0, 0, 0, 0, 0, 0, 0, 0, 0, 0, 0, 0, 0, 0
  PE(25) Inst(0) Data2:
remuRedist Tags (tagWidth=16): 0, 0, 1, 1, 1, 0, 0, 0, 0, 0, 0, 0, 0, 0, 0, 0
remuRedist Forward bitvector (len=16): 0, 1, 0, 0, 0, 0, 0, 0, 0, 0, 0, 0, 0, 0, 0, 0
  PE(25) Inst(0) Data3:
remuRedist Tags (tagWidth=16): 0, 0, 0, 0, 0, 0, 0, 0, 0, 0, 0, 0, 0, 0, 0, 0
remuRedist Forward bitvector (len=16): 0, 0, 0, 0, 0, 0, 0, 0, 0, 0, 0, 0, 0, 0, 0, 0
  PE(25) Inst(1) Data0:
remuRedist Tags (tagWidth=16): 1, 1, 1, 1, 0, 0, 1, 0, 0, 0, 0, 0, 0, 0, 0, 0
remuRedist Forward bitvector (len=16): 0, 1, 0, 0, 0, 0, 0, 0, 0, 0, 0, 0, 0, 0, 0, 0
  PE(25) Inst(1) Data1:
remuRedist Tags (tagWidth=16): 0, 0, 0, 0, 0, 0, 0, 0, 0, 0, 0, 0, 0, 0, 0, 0
remuRedist Forward bitvector (len=16): 0, 0, 0, 0, 0, 0, 0, 0, 0, 0, 0, 0, 0, 0, 0, 0
  PE(25) Inst(1) Data2:
remuRedist Tags (tagWidth=16): 0, 0, 0, 0, 0, 0, 0, 0, 0, 0, 0, 0, 0, 0, 0, 0
remuRedist Forward bitvector (len=16): 0, 0, 0, 0, 0, 0, 0, 0, 0, 0, 0, 0, 0, 0, 0, 0
  PE(25) Inst(1) Data3:
remuRedist Tags (tagWidth=16): 0, 0, 0, 0, 0, 0, 0, 0, 0, 0, 0, 0, 0, 0, 0, 0
remuRedist Forward bitvector (len=16): 0, 0, 0, 0, 0, 0, 0, 0, 0, 0, 0, 0, 0, 0, 0, 0
  PE(25) Inst(2) Data0:
remuRedist Tags (tagWidth=16): 0, 0, 0, 0, 0, 0, 0, 0, 0, 0, 0, 0, 0, 0, 0, 0
remuRedist Forward bitvector (len=16): 0, 0, 0, 0, 0, 0, 0, 0, 0, 0, 0, 0, 0, 0, 0, 0
  PE(25) Inst(2) Data1:
remuRedist Tags (tagWidth=16): 0, 0, 0, 0, 0, 0, 0, 0, 0, 0, 0, 0, 0, 0, 0, 0
remuRedist Forward bitvector (len=16): 0, 0, 0, 0, 0, 0, 0, 0, 0, 0, 0, 0, 0, 0, 0, 0
  PE(25) Inst(2) Data2:
remuRedist Tags (tagWidth=16): 0, 0, 0, 0, 0, 0, 0, 0, 0, 0, 0, 0, 0, 0, 0, 0
remuRedist Forward bitvector (len=16): 0, 0, 0, 0, 0, 0, 0, 0, 0, 0, 0, 0, 0, 0, 0, 0
  PE(25) Inst(2) Data3:
remuRedist Tags (tagWidth=16): 0, 0, 0, 0, 0, 0, 0, 0, 0, 0, 0, 0, 0, 0, 0, 0
remuRedist Forward bitvector (len=16): 0, 0, 0, 0, 0, 0, 0, 0, 0, 0, 0, 0, 0, 0, 0, 0
  PE(25) Inst(3) Data0:
remuRedist Tags (tagWidth=16): 0, 0, 0, 0, 0, 0, 0, 0, 0, 0, 0, 0, 0, 0, 0, 0
remuRedist Forward bitvector (len=16): 0, 0, 0, 0, 0, 0, 0, 0, 0, 0, 0, 0, 0, 0, 0, 0
  PE(25) Inst(3) Data1:
remuRedist Tags (tagWidth=16): 0, 0, 0, 0, 0, 0, 0, 0, 0, 0, 0, 0, 0, 0, 0, 0
remuRedist Forward bitvector (len=16): 0, 0, 0, 0, 0, 0, 0, 0, 0, 0, 0, 0, 0, 0, 0, 0
  PE(25) Inst(3) Data2:
remuRedist Tags (tagWidth=16): 0, 0, 0, 0, 0, 0, 0, 0, 0, 0, 0, 0, 0, 0, 0, 0
remuRedist Forward bitvector (len=16): 0, 0, 0, 0, 0, 0, 0, 0, 0, 0, 0, 0, 0, 0, 0, 0
  PE(25) Inst(3) Data3:
remuRedist Tags (tagWidth=16): 0, 0, 0, 0, 0, 0, 0, 0, 0, 0, 0, 0, 0, 0, 0, 0
remuRedist Forward bitvector (len=16): 0, 0, 0, 0, 0, 0, 0, 0, 0, 0, 0, 0, 0, 0, 0, 0
  PE(25) Inst(4) Data0:
remuRedist Tags (tagWidth=16): 0, 0, 0, 0, 0, 0, 0, 0, 0, 0, 0, 0, 0, 0, 0, 0
remuRedist Forward bitvector (len=16): 0, 0, 0, 0, 0, 0, 0, 0, 0, 0, 0, 0, 0, 0, 0, 0
  PE(25) Inst(4) Data1:
remuRedist Tags (tagWidth=16): 0, 0, 0, 0, 0, 0, 0, 0, 0, 0, 0, 0, 0, 0, 0, 0
remuRedist Forward bitvector (len=16): 0, 0, 0, 0, 0, 0, 0, 0, 0, 0, 0, 0, 0, 0, 0, 0
  PE(25) Inst(4) Data2:
remuRedist Tags (tagWidth=16): 0, 0, 0, 0, 0, 0, 0, 0, 0, 0, 0, 0, 0, 0, 0, 0
remuRedist Forward bitvector (len=16): 0, 0, 0, 0, 0, 0, 0, 0, 0, 0, 0, 0, 0, 0, 0, 0
  PE(25) Inst(4) Data3:
remuRedist Tags (tagWidth=16): 0, 0, 0, 0, 0, 0, 0, 0, 0, 0, 0, 0, 0, 0, 0, 0
remuRedist Forward bitvector (len=16): 0, 0, 0, 0, 0, 0, 0, 0, 0, 0, 0, 0, 0, 0, 0, 0
  PE(25) Inst(5) Data0:
remuRedist Tags (tagWidth=16): 0, 0, 0, 0, 0, 0, 0, 0, 0, 0, 0, 0, 0, 0, 0, 0
remuRedist Forward bitvector (len=16): 0, 0, 0, 0, 0, 0, 0, 0, 0, 0, 0, 0, 0, 0, 0, 0
  PE(25) Inst(5) Data1:
remuRedist Tags (tagWidth=16): 0, 0, 0, 0, 0, 0, 0, 0, 0, 0, 0, 0, 0, 0, 0, 0
remuRedist Forward bitvector (len=16): 0, 0, 0, 0, 0, 0, 0, 0, 0, 0, 0, 0, 0, 0, 0, 0
  PE(25) Inst(5) Data2:
remuRedist Tags (tagWidth=16): 0, 0, 0, 0, 0, 0, 0, 0, 0, 0, 0, 0, 0, 0, 0, 0
remuRedist Forward bitvector (len=16): 0, 0, 0, 0, 0, 0, 0, 0, 0, 0, 0, 0, 0, 0, 0, 0
  PE(25) Inst(5) Data3:
remuRedist Tags (tagWidth=16): 0, 0, 0, 0, 0, 0, 0, 0, 0, 0, 0, 0, 0, 0, 0, 0
remuRedist Forward bitvector (len=16): 0, 0, 0, 0, 0, 0, 0, 0, 0, 0, 0, 0, 0, 0, 0, 0
  PE(25) Inst(6) Data0:
remuRedist Tags (tagWidth=16): 0, 0, 0, 0, 0, 0, 0, 0, 0, 0, 0, 0, 0, 0, 0, 0
remuRedist Forward bitvector (len=16): 0, 0, 0, 0, 0, 0, 0, 0, 0, 0, 0, 0, 0, 0, 0, 0
  PE(25) Inst(6) Data1:
remuRedist Tags (tagWidth=16): 0, 0, 0, 0, 0, 0, 0, 0, 0, 0, 0, 0, 0, 0, 0, 0
remuRedist Forward bitvector (len=16): 0, 0, 0, 0, 0, 0, 0, 0, 0, 0, 0, 0, 0, 0, 0, 0
  PE(25) Inst(6) Data2:
remuRedist Tags (tagWidth=16): 0, 0, 0, 0, 0, 0, 0, 0, 0, 0, 0, 0, 0, 0, 0, 0
remuRedist Forward bitvector (len=16): 0, 0, 0, 0, 0, 0, 0, 0, 0, 0, 0, 0, 0, 0, 0, 0
  PE(25) Inst(6) Data3:
remuRedist Tags (tagWidth=16): 0, 0, 0, 0, 0, 0, 0, 0, 0, 0, 0, 0, 0, 0, 0, 0
remuRedist Forward bitvector (len=16): 0, 0, 0, 0, 0, 0, 0, 0, 0, 0, 0, 0, 0, 0, 0, 0
  PE(25) Inst(7) Data0:
remuRedist Tags (tagWidth=16): 0, 0, 0, 0, 0, 0, 0, 0, 0, 0, 0, 0, 0, 0, 0, 0
remuRedist Forward bitvector (len=16): 0, 0, 0, 0, 0, 0, 0, 0, 0, 0, 0, 0, 0, 0, 0, 0
  PE(25) Inst(7) Data1:
remuRedist Tags (tagWidth=16): 0, 0, 0, 0, 0, 0, 0, 0, 0, 0, 0, 0, 0, 0, 0, 0
remuRedist Forward bitvector (len=16): 0, 0, 0, 0, 0, 0, 0, 0, 0, 0, 0, 0, 0, 0, 0, 0
  PE(25) Inst(7) Data2:
remuRedist Tags (tagWidth=16): 0, 0, 0, 0, 0, 0, 0, 0, 0, 0, 0, 0, 0, 0, 0, 0
remuRedist Forward bitvector (len=16): 0, 0, 0, 0, 0, 0, 0, 0, 0, 0, 0, 0, 0, 0, 0, 0
  PE(25) Inst(7) Data3:
remuRedist Tags (tagWidth=16): 0, 0, 0, 0, 0, 0, 0, 0, 0, 0, 0, 0, 0, 0, 0, 0
remuRedist Forward bitvector (len=16): 0, 0, 0, 0, 0, 0, 0, 0, 0, 0, 0, 0, 0, 0, 0, 0
  PE(25) Inst(8) Data0:
remuRedist Tags (tagWidth=16): 0, 0, 0, 0, 0, 0, 0, 0, 0, 0, 0, 0, 0, 0, 0, 0
remuRedist Forward bitvector (len=16): 0, 0, 0, 0, 0, 0, 0, 0, 0, 0, 0, 0, 0, 0, 0, 0
  PE(25) Inst(8) Data1:
remuRedist Tags (tagWidth=16): 0, 0, 0, 0, 0, 0, 0, 0, 0, 0, 0, 0, 0, 0, 0, 0
remuRedist Forward bitvector (len=16): 0, 0, 0, 0, 0, 0, 0, 0, 0, 0, 0, 0, 0, 0, 0, 0
  PE(25) Inst(8) Data2:
remuRedist Tags (tagWidth=16): 0, 0, 0, 0, 0, 0, 0, 0, 0, 0, 0, 0, 0, 0, 0, 0
remuRedist Forward bitvector (len=16): 0, 0, 0, 0, 0, 0, 0, 0, 0, 0, 0, 0, 0, 0, 0, 0
  PE(25) Inst(8) Data3:
remuRedist Tags (tagWidth=16): 0, 0, 0, 0, 0, 0, 0, 0, 0, 0, 0, 0, 0, 0, 0, 0
remuRedist Forward bitvector (len=16): 0, 0, 0, 0, 0, 0, 0, 0, 0, 0, 0, 0, 0, 0, 0, 0
  PE(25) Inst(9) Data0:
remuRedist Tags (tagWidth=16): 0, 0, 0, 0, 0, 0, 0, 0, 0, 0, 0, 0, 0, 0, 0, 0
remuRedist Forward bitvector (len=16): 0, 0, 0, 0, 0, 0, 0, 0, 0, 0, 0, 0, 0, 0, 0, 0
  PE(25) Inst(9) Data1:
remuRedist Tags (tagWidth=16): 0, 0, 0, 0, 0, 0, 0, 0, 0, 0, 0, 0, 0, 0, 0, 0
remuRedist Forward bitvector (len=16): 0, 0, 0, 0, 0, 0, 0, 0, 0, 0, 0, 0, 0, 0, 0, 0
  PE(25) Inst(9) Data2:
remuRedist Tags (tagWidth=16): 0, 0, 0, 0, 0, 0, 0, 0, 0, 0, 0, 0, 0, 0, 0, 0
remuRedist Forward bitvector (len=16): 0, 0, 0, 0, 0, 0, 0, 0, 0, 0, 0, 0, 0, 0, 0, 0
  PE(25) Inst(9) Data3:
remuRedist Tags (tagWidth=16): 0, 0, 0, 0, 0, 0, 0, 0, 0, 0, 0, 0, 0, 0, 0, 0
remuRedist Forward bitvector (len=16): 0, 0, 0, 0, 0, 0, 0, 0, 0, 0, 0, 0, 0, 0, 0, 0
  PE(25) Inst(10) Data0:
remuRedist Tags (tagWidth=16): 0, 0, 0, 0, 0, 0, 0, 0, 0, 0, 0, 0, 0, 0, 0, 0
remuRedist Forward bitvector (len=16): 0, 0, 0, 0, 0, 0, 0, 0, 0, 0, 0, 0, 0, 0, 0, 0
  PE(25) Inst(10) Data1:
remuRedist Tags (tagWidth=16): 0, 0, 0, 0, 0, 0, 0, 0, 0, 0, 0, 0, 0, 0, 0, 0
remuRedist Forward bitvector (len=16): 0, 0, 0, 0, 0, 0, 0, 0, 0, 0, 0, 0, 0, 0, 0, 0
  PE(25) Inst(10) Data2:
remuRedist Tags (tagWidth=16): 0, 0, 0, 0, 0, 0, 0, 0, 0, 0, 0, 0, 0, 0, 0, 0
remuRedist Forward bitvector (len=16): 0, 0, 0, 0, 0, 0, 0, 0, 0, 0, 0, 0, 0, 0, 0, 0
  PE(25) Inst(10) Data3:
remuRedist Tags (tagWidth=16): 0, 0, 0, 0, 0, 0, 0, 0, 0, 0, 0, 0, 0, 0, 0, 0
remuRedist Forward bitvector (len=16): 0, 0, 0, 0, 0, 0, 0, 0, 0, 0, 0, 0, 0, 0, 0, 0
  PE(25) Inst(11) Data0:
remuRedist Tags (tagWidth=16): 0, 0, 0, 0, 0, 0, 0, 0, 0, 0, 0, 0, 0, 0, 0, 0
remuRedist Forward bitvector (len=16): 0, 0, 0, 0, 0, 0, 0, 0, 0, 0, 0, 0, 0, 0, 0, 0
  PE(25) Inst(11) Data1:
remuRedist Tags (tagWidth=16): 0, 0, 0, 0, 0, 0, 0, 0, 0, 0, 0, 0, 0, 0, 0, 0
remuRedist Forward bitvector (len=16): 0, 0, 0, 0, 0, 0, 0, 0, 0, 0, 0, 0, 0, 0, 0, 0
  PE(25) Inst(11) Data2:
remuRedist Tags (tagWidth=16): 0, 0, 0, 0, 0, 0, 0, 0, 0, 0, 0, 0, 0, 0, 0, 0
remuRedist Forward bitvector (len=16): 0, 0, 0, 0, 0, 0, 0, 0, 0, 0, 0, 0, 0, 0, 0, 0
  PE(25) Inst(11) Data3:
remuRedist Tags (tagWidth=16): 0, 0, 0, 0, 0, 0, 0, 0, 0, 0, 0, 0, 0, 0, 0, 0
remuRedist Forward bitvector (len=16): 0, 0, 0, 0, 0, 0, 0, 0, 0, 0, 0, 0, 0, 0, 0, 0
  PE(25) Inst(12) Data0:
remuRedist Tags (tagWidth=16): 0, 0, 0, 0, 0, 0, 0, 0, 0, 0, 0, 0, 0, 0, 0, 0
remuRedist Forward bitvector (len=16): 0, 0, 0, 0, 0, 0, 0, 0, 0, 0, 0, 0, 0, 0, 0, 0
  PE(25) Inst(12) Data1:
remuRedist Tags (tagWidth=16): 0, 0, 0, 0, 0, 0, 0, 0, 0, 0, 0, 0, 0, 0, 0, 0
remuRedist Forward bitvector (len=16): 0, 0, 0, 0, 0, 0, 0, 0, 0, 0, 0, 0, 0, 0, 0, 0
  PE(25) Inst(12) Data2:
remuRedist Tags (tagWidth=16): 0, 0, 0, 0, 0, 0, 0, 0, 0, 0, 0, 0, 0, 0, 0, 0
remuRedist Forward bitvector (len=16): 0, 0, 0, 0, 0, 0, 0, 0, 0, 0, 0, 0, 0, 0, 0, 0
  PE(25) Inst(12) Data3:
remuRedist Tags (tagWidth=16): 0, 0, 0, 0, 0, 0, 0, 0, 0, 0, 0, 0, 0, 0, 0, 0
remuRedist Forward bitvector (len=16): 0, 0, 0, 0, 0, 0, 0, 0, 0, 0, 0, 0, 0, 0, 0, 0
  PE(25) Inst(13) Data0:
remuRedist Tags (tagWidth=16): 0, 0, 0, 0, 0, 0, 0, 0, 0, 0, 0, 0, 0, 0, 0, 0
remuRedist Forward bitvector (len=16): 0, 0, 0, 0, 0, 0, 0, 0, 0, 0, 0, 0, 0, 0, 0, 0
  PE(25) Inst(13) Data1:
remuRedist Tags (tagWidth=16): 0, 0, 0, 0, 0, 0, 0, 0, 0, 0, 0, 0, 0, 0, 0, 0
remuRedist Forward bitvector (len=16): 0, 0, 0, 0, 0, 0, 0, 0, 0, 0, 0, 0, 0, 0, 0, 0
  PE(25) Inst(13) Data2:
remuRedist Tags (tagWidth=16): 0, 0, 0, 0, 0, 0, 0, 0, 0, 0, 0, 0, 0, 0, 0, 0
remuRedist Forward bitvector (len=16): 0, 0, 0, 0, 0, 0, 0, 0, 0, 0, 0, 0, 0, 0, 0, 0
  PE(25) Inst(13) Data3:
remuRedist Tags (tagWidth=16): 0, 0, 0, 0, 0, 0, 0, 0, 0, 0, 0, 0, 0, 0, 0, 0
remuRedist Forward bitvector (len=16): 0, 0, 0, 0, 0, 0, 0, 0, 0, 0, 0, 0, 0, 0, 0, 0
  PE(25) Inst(14) Data0:
remuRedist Tags (tagWidth=16): 0, 0, 0, 0, 0, 0, 0, 0, 0, 0, 0, 0, 0, 0, 0, 0
remuRedist Forward bitvector (len=16): 0, 0, 0, 0, 0, 0, 0, 0, 0, 0, 0, 0, 0, 0, 0, 0
  PE(25) Inst(14) Data1:
remuRedist Tags (tagWidth=16): 0, 0, 0, 0, 0, 0, 0, 0, 0, 0, 0, 0, 0, 0, 0, 0
remuRedist Forward bitvector (len=16): 0, 0, 0, 0, 0, 0, 0, 0, 0, 0, 0, 0, 0, 0, 0, 0
  PE(25) Inst(14) Data2:
remuRedist Tags (tagWidth=16): 0, 0, 0, 0, 0, 0, 0, 0, 0, 0, 0, 0, 0, 0, 0, 0
remuRedist Forward bitvector (len=16): 0, 0, 0, 0, 0, 0, 0, 0, 0, 0, 0, 0, 0, 0, 0, 0
  PE(25) Inst(14) Data3:
remuRedist Tags (tagWidth=16): 0, 0, 0, 0, 0, 0, 0, 0, 0, 0, 0, 0, 0, 0, 0, 0
remuRedist Forward bitvector (len=16): 0, 0, 0, 0, 0, 0, 0, 0, 0, 0, 0, 0, 0, 0, 0, 0
  PE(25) Inst(15) Data0:
remuRedist Tags (tagWidth=16): 0, 0, 0, 0, 0, 0, 0, 0, 0, 0, 0, 0, 0, 0, 0, 0
remuRedist Forward bitvector (len=16): 0, 0, 0, 0, 0, 0, 0, 0, 0, 0, 0, 0, 0, 0, 0, 0
  PE(25) Inst(15) Data1:
remuRedist Tags (tagWidth=16): 0, 0, 0, 0, 0, 0, 0, 0, 0, 0, 0, 0, 0, 0, 0, 0
remuRedist Forward bitvector (len=16): 0, 0, 0, 0, 0, 0, 0, 0, 0, 0, 0, 0, 0, 0, 0, 0
  PE(25) Inst(15) Data2:
remuRedist Tags (tagWidth=16): 0, 0, 0, 0, 0, 0, 0, 0, 0, 0, 0, 0, 0, 0, 0, 0
remuRedist Forward bitvector (len=16): 0, 0, 0, 0, 0, 0, 0, 0, 0, 0, 0, 0, 0, 0, 0, 0
  PE(25) Inst(15) Data3:
remuRedist Tags (tagWidth=16): 0, 0, 0, 0, 0, 0, 0, 0, 0, 0, 0, 0, 0, 0, 0, 0
remuRedist Forward bitvector (len=16): 0, 0, 0, 0, 0, 0, 0, 0, 0, 0, 0, 0, 0, 0, 0, 0
remuRedist(26):
  PE(26) Inst(0) Data0:
remuRedist Tags (tagWidth=16): 0, 1, 0, 1, 1, 0, 0, 0, 0, 0, 0, 0, 0, 0, 0, 0
remuRedist Forward bitvector (len=16): 1, 0, 0, 0, 0, 0, 0, 0, 0, 0, 0, 0, 0, 0, 0, 0
  PE(26) Inst(0) Data1:
remuRedist Tags (tagWidth=16): 1, 1, 1, 0, 0, 1, 0, 0, 0, 0, 0, 0, 0, 0, 0, 0
remuRedist Forward bitvector (len=16): 0, 0, 1, 0, 0, 0, 0, 0, 0, 0, 0, 0, 0, 0, 0, 0
  PE(26) Inst(0) Data2:
remuRedist Tags (tagWidth=16): 0, 0, 1, 1, 1, 0, 0, 0, 0, 0, 0, 0, 0, 0, 0, 0
remuRedist Forward bitvector (len=16): 0, 0, 1, 0, 0, 0, 0, 0, 0, 0, 0, 0, 0, 0, 0, 0
  PE(26) Inst(0) Data3:
remuRedist Tags (tagWidth=16): 0, 0, 0, 0, 0, 0, 0, 0, 0, 0, 0, 0, 0, 0, 0, 0
remuRedist Forward bitvector (len=16): 0, 0, 0, 0, 0, 0, 0, 0, 0, 0, 0, 0, 0, 0, 0, 0
  PE(26) Inst(1) Data0:
remuRedist Tags (tagWidth=16): 1, 1, 1, 1, 0, 0, 0, 0, 0, 0, 0, 0, 0, 0, 0, 0
remuRedist Forward bitvector (len=16): 0, 1, 0, 0, 0, 0, 0, 0, 0, 0, 0, 0, 0, 0, 0, 0
  PE(26) Inst(1) Data1:
remuRedist Tags (tagWidth=16): 0, 0, 1, 0, 0, 0, 1, 0, 0, 0, 0, 0, 0, 0, 0, 0
remuRedist Forward bitvector (len=16): 0, 0, 0, 1, 0, 0, 0, 0, 0, 0, 0, 0, 0, 0, 0, 0
  PE(26) Inst(1) Data2:
remuRedist Tags (tagWidth=16): 0, 1, 0, 1, 0, 0, 1, 0, 0, 0, 0, 0, 0, 0, 0, 0
remuRedist Forward bitvector (len=16): 0, 0, 0, 1, 1, 0, 0, 0, 0, 0, 0, 0, 0, 0, 0, 0
  PE(26) Inst(1) Data3:
remuRedist Tags (tagWidth=16): 0, 0, 0, 0, 0, 0, 0, 0, 0, 0, 0, 0, 0, 0, 0, 0
remuRedist Forward bitvector (len=16): 0, 0, 0, 0, 0, 0, 0, 0, 0, 0, 0, 0, 0, 0, 0, 0
  PE(26) Inst(2) Data0:
remuRedist Tags (tagWidth=16): 0, 1, 1, 1, 0, 0, 1, 0, 0, 0, 0, 0, 0, 0, 0, 0
remuRedist Forward bitvector (len=16): 0, 0, 1, 0, 0, 0, 0, 0, 0, 0, 0, 0, 0, 0, 0, 0
  PE(26) Inst(2) Data1:
remuRedist Tags (tagWidth=16): 0, 0, 0, 0, 0, 0, 1, 0, 0, 0, 0, 0, 0, 0, 0, 0
remuRedist Forward bitvector (len=16): 0, 0, 0, 0, 1, 0, 0, 0, 0, 0, 0, 0, 0, 0, 0, 0
  PE(26) Inst(2) Data2:
remuRedist Tags (tagWidth=16): 0, 0, 0, 0, 0, 0, 0, 0, 0, 0, 0, 0, 0, 0, 0, 0
remuRedist Forward bitvector (len=16): 0, 0, 0, 0, 0, 0, 0, 0, 0, 0, 0, 0, 0, 0, 0, 0
  PE(26) Inst(2) Data3:
remuRedist Tags (tagWidth=16): 0, 0, 0, 0, 0, 0, 0, 0, 0, 0, 0, 0, 0, 0, 0, 0
remuRedist Forward bitvector (len=16): 0, 0, 0, 0, 0, 0, 0, 0, 0, 0, 0, 0, 0, 0, 0, 0
  PE(26) Inst(3) Data0:
remuRedist Tags (tagWidth=16): 1, 1, 0, 1, 0, 1, 0, 0, 0, 0, 0, 0, 0, 0, 0, 0
remuRedist Forward bitvector (len=16): 0, 0, 0, 1, 0, 0, 0, 0, 0, 0, 0, 0, 0, 0, 0, 0
  PE(26) Inst(3) Data1:
remuRedist Tags (tagWidth=16): 0, 0, 0, 0, 0, 0, 0, 0, 0, 0, 0, 0, 0, 0, 0, 0
remuRedist Forward bitvector (len=16): 0, 0, 0, 0, 0, 0, 0, 0, 0, 0, 0, 0, 0, 0, 0, 0
  PE(26) Inst(3) Data2:
remuRedist Tags (tagWidth=16): 0, 0, 0, 0, 0, 0, 0, 0, 0, 0, 0, 0, 0, 0, 0, 0
remuRedist Forward bitvector (len=16): 0, 0, 0, 0, 0, 0, 0, 0, 0, 0, 0, 0, 0, 0, 0, 0
  PE(26) Inst(3) Data3:
remuRedist Tags (tagWidth=16): 0, 0, 0, 0, 0, 0, 0, 0, 0, 0, 0, 0, 0, 0, 0, 0
remuRedist Forward bitvector (len=16): 0, 0, 0, 0, 0, 0, 0, 0, 0, 0, 0, 0, 0, 0, 0, 0
  PE(26) Inst(4) Data0:
remuRedist Tags (tagWidth=16): 1, 0, 1, 0, 0, 1, 0, 0, 0, 0, 0, 0, 0, 0, 0, 0
remuRedist Forward bitvector (len=16): 0, 0, 0, 0, 1, 0, 0, 0, 0, 0, 0, 0, 0, 0, 0, 0
  PE(26) Inst(4) Data1:
remuRedist Tags (tagWidth=16): 0, 0, 0, 0, 0, 0, 0, 0, 0, 0, 0, 0, 0, 0, 0, 0
remuRedist Forward bitvector (len=16): 0, 0, 0, 0, 0, 0, 0, 0, 0, 0, 0, 0, 0, 0, 0, 0
  PE(26) Inst(4) Data2:
remuRedist Tags (tagWidth=16): 0, 0, 0, 0, 0, 0, 0, 0, 0, 0, 0, 0, 0, 0, 0, 0
remuRedist Forward bitvector (len=16): 0, 0, 0, 0, 0, 0, 0, 0, 0, 0, 0, 0, 0, 0, 0, 0
  PE(26) Inst(4) Data3:
remuRedist Tags (tagWidth=16): 0, 0, 0, 0, 0, 0, 0, 0, 0, 0, 0, 0, 0, 0, 0, 0
remuRedist Forward bitvector (len=16): 0, 0, 0, 0, 0, 0, 0, 0, 0, 0, 0, 0, 0, 0, 0, 0
  PE(26) Inst(5) Data0:
remuRedist Tags (tagWidth=16): 0, 0, 0, 0, 0, 0, 0, 0, 0, 0, 0, 0, 0, 0, 0, 0
remuRedist Forward bitvector (len=16): 0, 0, 0, 0, 0, 0, 0, 0, 0, 0, 0, 0, 0, 0, 0, 0
  PE(26) Inst(5) Data1:
remuRedist Tags (tagWidth=16): 0, 0, 0, 0, 0, 0, 0, 0, 0, 0, 0, 0, 0, 0, 0, 0
remuRedist Forward bitvector (len=16): 0, 0, 0, 0, 0, 0, 0, 0, 0, 0, 0, 0, 0, 0, 0, 0
  PE(26) Inst(5) Data2:
remuRedist Tags (tagWidth=16): 0, 0, 0, 0, 0, 0, 0, 0, 0, 0, 0, 0, 0, 0, 0, 0
remuRedist Forward bitvector (len=16): 0, 0, 0, 0, 0, 0, 0, 0, 0, 0, 0, 0, 0, 0, 0, 0
  PE(26) Inst(5) Data3:
remuRedist Tags (tagWidth=16): 0, 0, 0, 0, 0, 0, 0, 0, 0, 0, 0, 0, 0, 0, 0, 0
remuRedist Forward bitvector (len=16): 0, 0, 0, 0, 0, 0, 0, 0, 0, 0, 0, 0, 0, 0, 0, 0
  PE(26) Inst(6) Data0:
remuRedist Tags (tagWidth=16): 0, 0, 0, 0, 0, 0, 0, 0, 0, 0, 0, 0, 0, 0, 0, 0
remuRedist Forward bitvector (len=16): 0, 0, 0, 0, 0, 0, 0, 0, 0, 0, 0, 0, 0, 0, 0, 0
  PE(26) Inst(6) Data1:
remuRedist Tags (tagWidth=16): 0, 0, 0, 0, 0, 0, 0, 0, 0, 0, 0, 0, 0, 0, 0, 0
remuRedist Forward bitvector (len=16): 0, 0, 0, 0, 0, 0, 0, 0, 0, 0, 0, 0, 0, 0, 0, 0
  PE(26) Inst(6) Data2:
remuRedist Tags (tagWidth=16): 0, 0, 0, 0, 0, 0, 0, 0, 0, 0, 0, 0, 0, 0, 0, 0
remuRedist Forward bitvector (len=16): 0, 0, 0, 0, 0, 0, 0, 0, 0, 0, 0, 0, 0, 0, 0, 0
  PE(26) Inst(6) Data3:
remuRedist Tags (tagWidth=16): 0, 0, 0, 0, 0, 0, 0, 0, 0, 0, 0, 0, 0, 0, 0, 0
remuRedist Forward bitvector (len=16): 0, 0, 0, 0, 0, 0, 0, 0, 0, 0, 0, 0, 0, 0, 0, 0
  PE(26) Inst(7) Data0:
remuRedist Tags (tagWidth=16): 0, 0, 0, 0, 0, 0, 0, 0, 0, 0, 0, 0, 0, 0, 0, 0
remuRedist Forward bitvector (len=16): 0, 0, 0, 0, 0, 0, 0, 0, 0, 0, 0, 0, 0, 0, 0, 0
  PE(26) Inst(7) Data1:
remuRedist Tags (tagWidth=16): 0, 0, 0, 0, 0, 0, 0, 0, 0, 0, 0, 0, 0, 0, 0, 0
remuRedist Forward bitvector (len=16): 0, 0, 0, 0, 0, 0, 0, 0, 0, 0, 0, 0, 0, 0, 0, 0
  PE(26) Inst(7) Data2:
remuRedist Tags (tagWidth=16): 0, 0, 0, 0, 0, 0, 0, 0, 0, 0, 0, 0, 0, 0, 0, 0
remuRedist Forward bitvector (len=16): 0, 0, 0, 0, 0, 0, 0, 0, 0, 0, 0, 0, 0, 0, 0, 0
  PE(26) Inst(7) Data3:
remuRedist Tags (tagWidth=16): 0, 0, 0, 0, 0, 0, 0, 0, 0, 0, 0, 0, 0, 0, 0, 0
remuRedist Forward bitvector (len=16): 0, 0, 0, 0, 0, 0, 0, 0, 0, 0, 0, 0, 0, 0, 0, 0
  PE(26) Inst(8) Data0:
remuRedist Tags (tagWidth=16): 0, 0, 0, 0, 0, 0, 0, 0, 0, 0, 0, 0, 0, 0, 0, 0
remuRedist Forward bitvector (len=16): 0, 0, 0, 0, 0, 0, 0, 0, 0, 0, 0, 0, 0, 0, 0, 0
  PE(26) Inst(8) Data1:
remuRedist Tags (tagWidth=16): 0, 0, 0, 0, 0, 0, 0, 0, 0, 0, 0, 0, 0, 0, 0, 0
remuRedist Forward bitvector (len=16): 0, 0, 0, 0, 0, 0, 0, 0, 0, 0, 0, 0, 0, 0, 0, 0
  PE(26) Inst(8) Data2:
remuRedist Tags (tagWidth=16): 0, 0, 0, 0, 0, 0, 0, 0, 0, 0, 0, 0, 0, 0, 0, 0
remuRedist Forward bitvector (len=16): 0, 0, 0, 0, 0, 0, 0, 0, 0, 0, 0, 0, 0, 0, 0, 0
  PE(26) Inst(8) Data3:
remuRedist Tags (tagWidth=16): 0, 0, 0, 0, 0, 0, 0, 0, 0, 0, 0, 0, 0, 0, 0, 0
remuRedist Forward bitvector (len=16): 0, 0, 0, 0, 0, 0, 0, 0, 0, 0, 0, 0, 0, 0, 0, 0
  PE(26) Inst(9) Data0:
remuRedist Tags (tagWidth=16): 0, 0, 0, 0, 0, 0, 0, 0, 0, 0, 0, 0, 0, 0, 0, 0
remuRedist Forward bitvector (len=16): 0, 0, 0, 0, 0, 0, 0, 0, 0, 0, 0, 0, 0, 0, 0, 0
  PE(26) Inst(9) Data1:
remuRedist Tags (tagWidth=16): 0, 0, 0, 0, 0, 0, 0, 0, 0, 0, 0, 0, 0, 0, 0, 0
remuRedist Forward bitvector (len=16): 0, 0, 0, 0, 0, 0, 0, 0, 0, 0, 0, 0, 0, 0, 0, 0
  PE(26) Inst(9) Data2:
remuRedist Tags (tagWidth=16): 0, 0, 0, 0, 0, 0, 0, 0, 0, 0, 0, 0, 0, 0, 0, 0
remuRedist Forward bitvector (len=16): 0, 0, 0, 0, 0, 0, 0, 0, 0, 0, 0, 0, 0, 0, 0, 0
  PE(26) Inst(9) Data3:
remuRedist Tags (tagWidth=16): 0, 0, 0, 0, 0, 0, 0, 0, 0, 0, 0, 0, 0, 0, 0, 0
remuRedist Forward bitvector (len=16): 0, 0, 0, 0, 0, 0, 0, 0, 0, 0, 0, 0, 0, 0, 0, 0
  PE(26) Inst(10) Data0:
remuRedist Tags (tagWidth=16): 0, 0, 0, 0, 0, 0, 0, 0, 0, 0, 0, 0, 0, 0, 0, 0
remuRedist Forward bitvector (len=16): 0, 0, 0, 0, 0, 0, 0, 0, 0, 0, 0, 0, 0, 0, 0, 0
  PE(26) Inst(10) Data1:
remuRedist Tags (tagWidth=16): 0, 0, 0, 0, 0, 0, 0, 0, 0, 0, 0, 0, 0, 0, 0, 0
remuRedist Forward bitvector (len=16): 0, 0, 0, 0, 0, 0, 0, 0, 0, 0, 0, 0, 0, 0, 0, 0
  PE(26) Inst(10) Data2:
remuRedist Tags (tagWidth=16): 0, 0, 0, 0, 0, 0, 0, 0, 0, 0, 0, 0, 0, 0, 0, 0
remuRedist Forward bitvector (len=16): 0, 0, 0, 0, 0, 0, 0, 0, 0, 0, 0, 0, 0, 0, 0, 0
  PE(26) Inst(10) Data3:
remuRedist Tags (tagWidth=16): 0, 0, 0, 0, 0, 0, 0, 0, 0, 0, 0, 0, 0, 0, 0, 0
remuRedist Forward bitvector (len=16): 0, 0, 0, 0, 0, 0, 0, 0, 0, 0, 0, 0, 0, 0, 0, 0
  PE(26) Inst(11) Data0:
remuRedist Tags (tagWidth=16): 0, 0, 0, 0, 0, 0, 0, 0, 0, 0, 0, 0, 0, 0, 0, 0
remuRedist Forward bitvector (len=16): 0, 0, 0, 0, 0, 0, 0, 0, 0, 0, 0, 0, 0, 0, 0, 0
  PE(26) Inst(11) Data1:
remuRedist Tags (tagWidth=16): 0, 0, 0, 0, 0, 0, 0, 0, 0, 0, 0, 0, 0, 0, 0, 0
remuRedist Forward bitvector (len=16): 0, 0, 0, 0, 0, 0, 0, 0, 0, 0, 0, 0, 0, 0, 0, 0
  PE(26) Inst(11) Data2:
remuRedist Tags (tagWidth=16): 0, 0, 0, 0, 0, 0, 0, 0, 0, 0, 0, 0, 0, 0, 0, 0
remuRedist Forward bitvector (len=16): 0, 0, 0, 0, 0, 0, 0, 0, 0, 0, 0, 0, 0, 0, 0, 0
  PE(26) Inst(11) Data3:
remuRedist Tags (tagWidth=16): 0, 0, 0, 0, 0, 0, 0, 0, 0, 0, 0, 0, 0, 0, 0, 0
remuRedist Forward bitvector (len=16): 0, 0, 0, 0, 0, 0, 0, 0, 0, 0, 0, 0, 0, 0, 0, 0
  PE(26) Inst(12) Data0:
remuRedist Tags (tagWidth=16): 0, 0, 0, 0, 0, 0, 0, 0, 0, 0, 0, 0, 0, 0, 0, 0
remuRedist Forward bitvector (len=16): 0, 0, 0, 0, 0, 0, 0, 0, 0, 0, 0, 0, 0, 0, 0, 0
  PE(26) Inst(12) Data1:
remuRedist Tags (tagWidth=16): 0, 0, 0, 0, 0, 0, 0, 0, 0, 0, 0, 0, 0, 0, 0, 0
remuRedist Forward bitvector (len=16): 0, 0, 0, 0, 0, 0, 0, 0, 0, 0, 0, 0, 0, 0, 0, 0
  PE(26) Inst(12) Data2:
remuRedist Tags (tagWidth=16): 0, 0, 0, 0, 0, 0, 0, 0, 0, 0, 0, 0, 0, 0, 0, 0
remuRedist Forward bitvector (len=16): 0, 0, 0, 0, 0, 0, 0, 0, 0, 0, 0, 0, 0, 0, 0, 0
  PE(26) Inst(12) Data3:
remuRedist Tags (tagWidth=16): 0, 0, 0, 0, 0, 0, 0, 0, 0, 0, 0, 0, 0, 0, 0, 0
remuRedist Forward bitvector (len=16): 0, 0, 0, 0, 0, 0, 0, 0, 0, 0, 0, 0, 0, 0, 0, 0
  PE(26) Inst(13) Data0:
remuRedist Tags (tagWidth=16): 0, 0, 0, 0, 0, 0, 0, 0, 0, 0, 0, 0, 0, 0, 0, 0
remuRedist Forward bitvector (len=16): 0, 0, 0, 0, 0, 0, 0, 0, 0, 0, 0, 0, 0, 0, 0, 0
  PE(26) Inst(13) Data1:
remuRedist Tags (tagWidth=16): 0, 0, 0, 0, 0, 0, 0, 0, 0, 0, 0, 0, 0, 0, 0, 0
remuRedist Forward bitvector (len=16): 0, 0, 0, 0, 0, 0, 0, 0, 0, 0, 0, 0, 0, 0, 0, 0
  PE(26) Inst(13) Data2:
remuRedist Tags (tagWidth=16): 0, 0, 0, 0, 0, 0, 0, 0, 0, 0, 0, 0, 0, 0, 0, 0
remuRedist Forward bitvector (len=16): 0, 0, 0, 0, 0, 0, 0, 0, 0, 0, 0, 0, 0, 0, 0, 0
  PE(26) Inst(13) Data3:
remuRedist Tags (tagWidth=16): 0, 0, 0, 0, 0, 0, 0, 0, 0, 0, 0, 0, 0, 0, 0, 0
remuRedist Forward bitvector (len=16): 0, 0, 0, 0, 0, 0, 0, 0, 0, 0, 0, 0, 0, 0, 0, 0
  PE(26) Inst(14) Data0:
remuRedist Tags (tagWidth=16): 0, 0, 0, 0, 0, 0, 0, 0, 0, 0, 0, 0, 0, 0, 0, 0
remuRedist Forward bitvector (len=16): 0, 0, 0, 0, 0, 0, 0, 0, 0, 0, 0, 0, 0, 0, 0, 0
  PE(26) Inst(14) Data1:
remuRedist Tags (tagWidth=16): 0, 0, 0, 0, 0, 0, 0, 0, 0, 0, 0, 0, 0, 0, 0, 0
remuRedist Forward bitvector (len=16): 0, 0, 0, 0, 0, 0, 0, 0, 0, 0, 0, 0, 0, 0, 0, 0
  PE(26) Inst(14) Data2:
remuRedist Tags (tagWidth=16): 0, 0, 0, 0, 0, 0, 0, 0, 0, 0, 0, 0, 0, 0, 0, 0
remuRedist Forward bitvector (len=16): 0, 0, 0, 0, 0, 0, 0, 0, 0, 0, 0, 0, 0, 0, 0, 0
  PE(26) Inst(14) Data3:
remuRedist Tags (tagWidth=16): 0, 0, 0, 0, 0, 0, 0, 0, 0, 0, 0, 0, 0, 0, 0, 0
remuRedist Forward bitvector (len=16): 0, 0, 0, 0, 0, 0, 0, 0, 0, 0, 0, 0, 0, 0, 0, 0
  PE(26) Inst(15) Data0:
remuRedist Tags (tagWidth=16): 0, 0, 0, 0, 0, 0, 0, 0, 0, 0, 0, 0, 0, 0, 0, 0
remuRedist Forward bitvector (len=16): 0, 0, 0, 0, 0, 0, 0, 0, 0, 0, 0, 0, 0, 0, 0, 0
  PE(26) Inst(15) Data1:
remuRedist Tags (tagWidth=16): 0, 0, 0, 0, 0, 0, 0, 0, 0, 0, 0, 0, 0, 0, 0, 0
remuRedist Forward bitvector (len=16): 0, 0, 0, 0, 0, 0, 0, 0, 0, 0, 0, 0, 0, 0, 0, 0
  PE(26) Inst(15) Data2:
remuRedist Tags (tagWidth=16): 0, 0, 0, 0, 0, 0, 0, 0, 0, 0, 0, 0, 0, 0, 0, 0
remuRedist Forward bitvector (len=16): 0, 0, 0, 0, 0, 0, 0, 0, 0, 0, 0, 0, 0, 0, 0, 0
  PE(26) Inst(15) Data3:
remuRedist Tags (tagWidth=16): 0, 0, 0, 0, 0, 0, 0, 0, 0, 0, 0, 0, 0, 0, 0, 0
remuRedist Forward bitvector (len=16): 0, 0, 0, 0, 0, 0, 0, 0, 0, 0, 0, 0, 0, 0, 0, 0
remuRedist(27):
  PE(27) Inst(0) Data0:
remuRedist Tags (tagWidth=16): 1, 0, 0, 1, 1, 0, 0, 0, 0, 0, 0, 0, 0, 0, 0, 0
remuRedist Forward bitvector (len=16): 1, 0, 0, 0, 0, 0, 0, 0, 0, 0, 0, 0, 0, 0, 0, 0
  PE(27) Inst(0) Data1:
remuRedist Tags (tagWidth=16): 0, 0, 1, 0, 0, 1, 0, 0, 0, 0, 0, 0, 0, 0, 0, 0
remuRedist Forward bitvector (len=16): 0, 0, 1, 0, 0, 0, 0, 0, 0, 0, 0, 0, 0, 0, 0, 0
  PE(27) Inst(0) Data2:
remuRedist Tags (tagWidth=16): 0, 0, 1, 1, 1, 0, 0, 0, 0, 0, 0, 0, 0, 0, 0, 0
remuRedist Forward bitvector (len=16): 0, 0, 1, 0, 0, 0, 0, 0, 0, 0, 0, 0, 0, 0, 0, 0
  PE(27) Inst(0) Data3:
remuRedist Tags (tagWidth=16): 0, 0, 0, 0, 0, 0, 0, 0, 0, 0, 0, 0, 0, 0, 0, 0
remuRedist Forward bitvector (len=16): 0, 0, 0, 0, 0, 0, 0, 0, 0, 0, 0, 0, 0, 0, 0, 0
  PE(27) Inst(1) Data0:
remuRedist Tags (tagWidth=16): 0, 0, 0, 0, 1, 0, 0, 0, 0, 0, 0, 0, 0, 0, 0, 0
remuRedist Forward bitvector (len=16): 0, 1, 0, 0, 0, 0, 0, 0, 0, 0, 0, 0, 0, 0, 0, 0
  PE(27) Inst(1) Data1:
remuRedist Tags (tagWidth=16): 0, 1, 1, 0, 0, 0, 1, 0, 0, 0, 0, 0, 0, 0, 0, 0
remuRedist Forward bitvector (len=16): 0, 0, 0, 1, 0, 0, 0, 0, 0, 0, 0, 0, 0, 0, 0, 0
  PE(27) Inst(1) Data2:
remuRedist Tags (tagWidth=16): 0, 0, 0, 1, 0, 0, 1, 0, 0, 0, 0, 0, 0, 0, 0, 0
remuRedist Forward bitvector (len=16): 0, 0, 0, 1, 0, 0, 0, 0, 0, 0, 0, 0, 0, 0, 0, 0
  PE(27) Inst(1) Data3:
remuRedist Tags (tagWidth=16): 0, 0, 0, 0, 0, 0, 0, 0, 0, 0, 0, 0, 0, 0, 0, 0
remuRedist Forward bitvector (len=16): 0, 0, 0, 0, 0, 0, 0, 0, 0, 0, 0, 0, 0, 0, 0, 0
  PE(27) Inst(2) Data0:
remuRedist Tags (tagWidth=16): 1, 0, 1, 1, 0, 0, 1, 0, 0, 0, 0, 0, 0, 0, 0, 0
remuRedist Forward bitvector (len=16): 0, 0, 1, 0, 0, 0, 0, 0, 0, 0, 0, 0, 0, 0, 0, 0
  PE(27) Inst(2) Data1:
remuRedist Tags (tagWidth=16): 0, 1, 1, 1, 1, 1, 0, 0, 0, 0, 0, 0, 0, 0, 0, 0
remuRedist Forward bitvector (len=16): 0, 0, 0, 0, 1, 0, 0, 0, 0, 0, 0, 0, 0, 0, 0, 0
  PE(27) Inst(2) Data2:
remuRedist Tags (tagWidth=16): 0, 0, 0, 0, 0, 0, 0, 0, 0, 0, 0, 0, 0, 0, 0, 0
remuRedist Forward bitvector (len=16): 0, 0, 0, 0, 0, 0, 0, 0, 0, 0, 0, 0, 0, 0, 0, 0
  PE(27) Inst(2) Data3:
remuRedist Tags (tagWidth=16): 0, 0, 0, 0, 0, 0, 0, 0, 0, 0, 0, 0, 0, 0, 0, 0
remuRedist Forward bitvector (len=16): 0, 0, 0, 0, 0, 0, 0, 0, 0, 0, 0, 0, 0, 0, 0, 0
  PE(27) Inst(3) Data0:
remuRedist Tags (tagWidth=16): 1, 0, 1, 1, 1, 0, 0, 0, 0, 0, 0, 0, 0, 0, 0, 0
remuRedist Forward bitvector (len=16): 0, 0, 0, 1, 0, 0, 0, 0, 0, 0, 0, 0, 0, 0, 0, 0
  PE(27) Inst(3) Data1:
remuRedist Tags (tagWidth=16): 1, 0, 0, 1, 1, 1, 0, 0, 0, 0, 0, 0, 0, 0, 0, 0
remuRedist Forward bitvector (len=16): 0, 0, 0, 0, 0, 1, 0, 0, 0, 0, 0, 0, 0, 0, 0, 0
  PE(27) Inst(3) Data2:
remuRedist Tags (tagWidth=16): 0, 0, 0, 0, 0, 0, 0, 0, 0, 0, 0, 0, 0, 0, 0, 0
remuRedist Forward bitvector (len=16): 0, 0, 0, 0, 0, 0, 0, 0, 0, 0, 0, 0, 0, 0, 0, 0
  PE(27) Inst(3) Data3:
remuRedist Tags (tagWidth=16): 0, 0, 0, 0, 0, 0, 0, 0, 0, 0, 0, 0, 0, 0, 0, 0
remuRedist Forward bitvector (len=16): 0, 0, 0, 0, 0, 0, 0, 0, 0, 0, 0, 0, 0, 0, 0, 0
  PE(27) Inst(4) Data0:
remuRedist Tags (tagWidth=16): 1, 1, 1, 1, 1, 1, 0, 0, 0, 0, 0, 0, 0, 0, 0, 0
remuRedist Forward bitvector (len=16): 0, 0, 0, 0, 1, 0, 0, 0, 0, 0, 0, 0, 0, 0, 0, 0
  PE(27) Inst(4) Data1:
remuRedist Tags (tagWidth=16): 1, 1, 0, 1, 0, 0, 1, 0, 0, 0, 0, 0, 0, 0, 0, 0
remuRedist Forward bitvector (len=16): 0, 0, 0, 0, 0, 0, 0, 1, 0, 0, 0, 0, 0, 0, 0, 0
  PE(27) Inst(4) Data2:
remuRedist Tags (tagWidth=16): 0, 0, 0, 0, 0, 0, 0, 0, 0, 0, 0, 0, 0, 0, 0, 0
remuRedist Forward bitvector (len=16): 0, 0, 0, 0, 0, 0, 0, 0, 0, 0, 0, 0, 0, 0, 0, 0
  PE(27) Inst(4) Data3:
remuRedist Tags (tagWidth=16): 0, 0, 0, 0, 0, 0, 0, 0, 0, 0, 0, 0, 0, 0, 0, 0
remuRedist Forward bitvector (len=16): 0, 0, 0, 0, 0, 0, 0, 0, 0, 0, 0, 0, 0, 0, 0, 0
  PE(27) Inst(5) Data0:
remuRedist Tags (tagWidth=16): 0, 1, 0, 0, 0, 0, 1, 0, 0, 0, 0, 0, 0, 0, 0, 0
remuRedist Forward bitvector (len=16): 0, 0, 0, 0, 0, 1, 0, 1, 0, 0, 0, 0, 0, 0, 0, 0
  PE(27) Inst(5) Data1:
remuRedist Tags (tagWidth=16): 0, 0, 0, 0, 0, 0, 0, 0, 0, 0, 0, 0, 0, 0, 0, 0
remuRedist Forward bitvector (len=16): 0, 0, 0, 0, 0, 0, 0, 0, 0, 0, 0, 0, 0, 0, 0, 0
  PE(27) Inst(5) Data2:
remuRedist Tags (tagWidth=16): 0, 0, 0, 0, 0, 0, 0, 0, 0, 0, 0, 0, 0, 0, 0, 0
remuRedist Forward bitvector (len=16): 0, 0, 0, 0, 0, 0, 0, 0, 0, 0, 0, 0, 0, 0, 0, 0
  PE(27) Inst(5) Data3:
remuRedist Tags (tagWidth=16): 0, 0, 0, 0, 0, 0, 0, 0, 0, 0, 0, 0, 0, 0, 0, 0
remuRedist Forward bitvector (len=16): 0, 0, 0, 0, 0, 0, 0, 0, 0, 0, 0, 0, 0, 0, 0, 0
  PE(27) Inst(6) Data0:
remuRedist Tags (tagWidth=16): 1, 0, 0, 1, 0, 0, 1, 0, 0, 0, 0, 0, 0, 0, 0, 0
remuRedist Forward bitvector (len=16): 0, 0, 0, 0, 0, 0, 1, 0, 0, 0, 0, 0, 0, 0, 0, 0
  PE(27) Inst(6) Data1:
remuRedist Tags (tagWidth=16): 0, 0, 0, 0, 0, 0, 0, 0, 0, 0, 0, 0, 0, 0, 0, 0
remuRedist Forward bitvector (len=16): 0, 0, 0, 0, 0, 0, 0, 0, 0, 0, 0, 0, 0, 0, 0, 0
  PE(27) Inst(6) Data2:
remuRedist Tags (tagWidth=16): 0, 0, 0, 0, 0, 0, 0, 0, 0, 0, 0, 0, 0, 0, 0, 0
remuRedist Forward bitvector (len=16): 0, 0, 0, 0, 0, 0, 0, 0, 0, 0, 0, 0, 0, 0, 0, 0
  PE(27) Inst(6) Data3:
remuRedist Tags (tagWidth=16): 0, 0, 0, 0, 0, 0, 0, 0, 0, 0, 0, 0, 0, 0, 0, 0
remuRedist Forward bitvector (len=16): 0, 0, 0, 0, 0, 0, 0, 0, 0, 0, 0, 0, 0, 0, 0, 0
  PE(27) Inst(7) Data0:
remuRedist Tags (tagWidth=16): 0, 0, 0, 0, 0, 0, 0, 0, 0, 0, 0, 0, 0, 0, 0, 0
remuRedist Forward bitvector (len=16): 0, 0, 0, 0, 0, 0, 0, 0, 0, 0, 0, 0, 0, 0, 0, 0
  PE(27) Inst(7) Data1:
remuRedist Tags (tagWidth=16): 0, 0, 0, 0, 0, 0, 0, 0, 0, 0, 0, 0, 0, 0, 0, 0
remuRedist Forward bitvector (len=16): 0, 0, 0, 0, 0, 0, 0, 0, 0, 0, 0, 0, 0, 0, 0, 0
  PE(27) Inst(7) Data2:
remuRedist Tags (tagWidth=16): 0, 0, 0, 0, 0, 0, 0, 0, 0, 0, 0, 0, 0, 0, 0, 0
remuRedist Forward bitvector (len=16): 0, 0, 0, 0, 0, 0, 0, 0, 0, 0, 0, 0, 0, 0, 0, 0
  PE(27) Inst(7) Data3:
remuRedist Tags (tagWidth=16): 0, 0, 0, 0, 0, 0, 0, 0, 0, 0, 0, 0, 0, 0, 0, 0
remuRedist Forward bitvector (len=16): 0, 0, 0, 0, 0, 0, 0, 0, 0, 0, 0, 0, 0, 0, 0, 0
  PE(27) Inst(8) Data0:
remuRedist Tags (tagWidth=16): 0, 0, 0, 0, 0, 0, 0, 0, 0, 0, 0, 0, 0, 0, 0, 0
remuRedist Forward bitvector (len=16): 0, 0, 0, 0, 0, 0, 0, 0, 0, 0, 0, 0, 0, 0, 0, 0
  PE(27) Inst(8) Data1:
remuRedist Tags (tagWidth=16): 0, 0, 0, 0, 0, 0, 0, 0, 0, 0, 0, 0, 0, 0, 0, 0
remuRedist Forward bitvector (len=16): 0, 0, 0, 0, 0, 0, 0, 0, 0, 0, 0, 0, 0, 0, 0, 0
  PE(27) Inst(8) Data2:
remuRedist Tags (tagWidth=16): 0, 0, 0, 0, 0, 0, 0, 0, 0, 0, 0, 0, 0, 0, 0, 0
remuRedist Forward bitvector (len=16): 0, 0, 0, 0, 0, 0, 0, 0, 0, 0, 0, 0, 0, 0, 0, 0
  PE(27) Inst(8) Data3:
remuRedist Tags (tagWidth=16): 0, 0, 0, 0, 0, 0, 0, 0, 0, 0, 0, 0, 0, 0, 0, 0
remuRedist Forward bitvector (len=16): 0, 0, 0, 0, 0, 0, 0, 0, 0, 0, 0, 0, 0, 0, 0, 0
  PE(27) Inst(9) Data0:
remuRedist Tags (tagWidth=16): 0, 0, 0, 0, 0, 0, 0, 0, 0, 0, 0, 0, 0, 0, 0, 0
remuRedist Forward bitvector (len=16): 0, 0, 0, 0, 0, 0, 0, 0, 0, 0, 0, 0, 0, 0, 0, 0
  PE(27) Inst(9) Data1:
remuRedist Tags (tagWidth=16): 0, 0, 0, 0, 0, 0, 0, 0, 0, 0, 0, 0, 0, 0, 0, 0
remuRedist Forward bitvector (len=16): 0, 0, 0, 0, 0, 0, 0, 0, 0, 0, 0, 0, 0, 0, 0, 0
  PE(27) Inst(9) Data2:
remuRedist Tags (tagWidth=16): 0, 0, 0, 0, 0, 0, 0, 0, 0, 0, 0, 0, 0, 0, 0, 0
remuRedist Forward bitvector (len=16): 0, 0, 0, 0, 0, 0, 0, 0, 0, 0, 0, 0, 0, 0, 0, 0
  PE(27) Inst(9) Data3:
remuRedist Tags (tagWidth=16): 0, 0, 0, 0, 0, 0, 0, 0, 0, 0, 0, 0, 0, 0, 0, 0
remuRedist Forward bitvector (len=16): 0, 0, 0, 0, 0, 0, 0, 0, 0, 0, 0, 0, 0, 0, 0, 0
  PE(27) Inst(10) Data0:
remuRedist Tags (tagWidth=16): 0, 0, 0, 0, 0, 0, 0, 0, 0, 0, 0, 0, 0, 0, 0, 0
remuRedist Forward bitvector (len=16): 0, 0, 0, 0, 0, 0, 0, 0, 0, 0, 0, 0, 0, 0, 0, 0
  PE(27) Inst(10) Data1:
remuRedist Tags (tagWidth=16): 0, 0, 0, 0, 0, 0, 0, 0, 0, 0, 0, 0, 0, 0, 0, 0
remuRedist Forward bitvector (len=16): 0, 0, 0, 0, 0, 0, 0, 0, 0, 0, 0, 0, 0, 0, 0, 0
  PE(27) Inst(10) Data2:
remuRedist Tags (tagWidth=16): 0, 0, 0, 0, 0, 0, 0, 0, 0, 0, 0, 0, 0, 0, 0, 0
remuRedist Forward bitvector (len=16): 0, 0, 0, 0, 0, 0, 0, 0, 0, 0, 0, 0, 0, 0, 0, 0
  PE(27) Inst(10) Data3:
remuRedist Tags (tagWidth=16): 0, 0, 0, 0, 0, 0, 0, 0, 0, 0, 0, 0, 0, 0, 0, 0
remuRedist Forward bitvector (len=16): 0, 0, 0, 0, 0, 0, 0, 0, 0, 0, 0, 0, 0, 0, 0, 0
  PE(27) Inst(11) Data0:
remuRedist Tags (tagWidth=16): 0, 0, 0, 0, 0, 0, 0, 0, 0, 0, 0, 0, 0, 0, 0, 0
remuRedist Forward bitvector (len=16): 0, 0, 0, 0, 0, 0, 0, 0, 0, 0, 0, 0, 0, 0, 0, 0
  PE(27) Inst(11) Data1:
remuRedist Tags (tagWidth=16): 0, 0, 0, 0, 0, 0, 0, 0, 0, 0, 0, 0, 0, 0, 0, 0
remuRedist Forward bitvector (len=16): 0, 0, 0, 0, 0, 0, 0, 0, 0, 0, 0, 0, 0, 0, 0, 0
  PE(27) Inst(11) Data2:
remuRedist Tags (tagWidth=16): 0, 0, 0, 0, 0, 0, 0, 0, 0, 0, 0, 0, 0, 0, 0, 0
remuRedist Forward bitvector (len=16): 0, 0, 0, 0, 0, 0, 0, 0, 0, 0, 0, 0, 0, 0, 0, 0
  PE(27) Inst(11) Data3:
remuRedist Tags (tagWidth=16): 0, 0, 0, 0, 0, 0, 0, 0, 0, 0, 0, 0, 0, 0, 0, 0
remuRedist Forward bitvector (len=16): 0, 0, 0, 0, 0, 0, 0, 0, 0, 0, 0, 0, 0, 0, 0, 0
  PE(27) Inst(12) Data0:
remuRedist Tags (tagWidth=16): 0, 0, 0, 0, 0, 0, 0, 0, 0, 0, 0, 0, 0, 0, 0, 0
remuRedist Forward bitvector (len=16): 0, 0, 0, 0, 0, 0, 0, 0, 0, 0, 0, 0, 0, 0, 0, 0
  PE(27) Inst(12) Data1:
remuRedist Tags (tagWidth=16): 0, 0, 0, 0, 0, 0, 0, 0, 0, 0, 0, 0, 0, 0, 0, 0
remuRedist Forward bitvector (len=16): 0, 0, 0, 0, 0, 0, 0, 0, 0, 0, 0, 0, 0, 0, 0, 0
  PE(27) Inst(12) Data2:
remuRedist Tags (tagWidth=16): 0, 0, 0, 0, 0, 0, 0, 0, 0, 0, 0, 0, 0, 0, 0, 0
remuRedist Forward bitvector (len=16): 0, 0, 0, 0, 0, 0, 0, 0, 0, 0, 0, 0, 0, 0, 0, 0
  PE(27) Inst(12) Data3:
remuRedist Tags (tagWidth=16): 0, 0, 0, 0, 0, 0, 0, 0, 0, 0, 0, 0, 0, 0, 0, 0
remuRedist Forward bitvector (len=16): 0, 0, 0, 0, 0, 0, 0, 0, 0, 0, 0, 0, 0, 0, 0, 0
  PE(27) Inst(13) Data0:
remuRedist Tags (tagWidth=16): 0, 0, 0, 0, 0, 0, 0, 0, 0, 0, 0, 0, 0, 0, 0, 0
remuRedist Forward bitvector (len=16): 0, 0, 0, 0, 0, 0, 0, 0, 0, 0, 0, 0, 0, 0, 0, 0
  PE(27) Inst(13) Data1:
remuRedist Tags (tagWidth=16): 0, 0, 0, 0, 0, 0, 0, 0, 0, 0, 0, 0, 0, 0, 0, 0
remuRedist Forward bitvector (len=16): 0, 0, 0, 0, 0, 0, 0, 0, 0, 0, 0, 0, 0, 0, 0, 0
  PE(27) Inst(13) Data2:
remuRedist Tags (tagWidth=16): 0, 0, 0, 0, 0, 0, 0, 0, 0, 0, 0, 0, 0, 0, 0, 0
remuRedist Forward bitvector (len=16): 0, 0, 0, 0, 0, 0, 0, 0, 0, 0, 0, 0, 0, 0, 0, 0
  PE(27) Inst(13) Data3:
remuRedist Tags (tagWidth=16): 0, 0, 0, 0, 0, 0, 0, 0, 0, 0, 0, 0, 0, 0, 0, 0
remuRedist Forward bitvector (len=16): 0, 0, 0, 0, 0, 0, 0, 0, 0, 0, 0, 0, 0, 0, 0, 0
  PE(27) Inst(14) Data0:
remuRedist Tags (tagWidth=16): 0, 0, 0, 0, 0, 0, 0, 0, 0, 0, 0, 0, 0, 0, 0, 0
remuRedist Forward bitvector (len=16): 0, 0, 0, 0, 0, 0, 0, 0, 0, 0, 0, 0, 0, 0, 0, 0
  PE(27) Inst(14) Data1:
remuRedist Tags (tagWidth=16): 0, 0, 0, 0, 0, 0, 0, 0, 0, 0, 0, 0, 0, 0, 0, 0
remuRedist Forward bitvector (len=16): 0, 0, 0, 0, 0, 0, 0, 0, 0, 0, 0, 0, 0, 0, 0, 0
  PE(27) Inst(14) Data2:
remuRedist Tags (tagWidth=16): 0, 0, 0, 0, 0, 0, 0, 0, 0, 0, 0, 0, 0, 0, 0, 0
remuRedist Forward bitvector (len=16): 0, 0, 0, 0, 0, 0, 0, 0, 0, 0, 0, 0, 0, 0, 0, 0
  PE(27) Inst(14) Data3:
remuRedist Tags (tagWidth=16): 0, 0, 0, 0, 0, 0, 0, 0, 0, 0, 0, 0, 0, 0, 0, 0
remuRedist Forward bitvector (len=16): 0, 0, 0, 0, 0, 0, 0, 0, 0, 0, 0, 0, 0, 0, 0, 0
  PE(27) Inst(15) Data0:
remuRedist Tags (tagWidth=16): 0, 0, 0, 0, 0, 0, 0, 0, 0, 0, 0, 0, 0, 0, 0, 0
remuRedist Forward bitvector (len=16): 0, 0, 0, 0, 0, 0, 0, 0, 0, 0, 0, 0, 0, 0, 0, 0
  PE(27) Inst(15) Data1:
remuRedist Tags (tagWidth=16): 0, 0, 0, 0, 0, 0, 0, 0, 0, 0, 0, 0, 0, 0, 0, 0
remuRedist Forward bitvector (len=16): 0, 0, 0, 0, 0, 0, 0, 0, 0, 0, 0, 0, 0, 0, 0, 0
  PE(27) Inst(15) Data2:
remuRedist Tags (tagWidth=16): 0, 0, 0, 0, 0, 0, 0, 0, 0, 0, 0, 0, 0, 0, 0, 0
remuRedist Forward bitvector (len=16): 0, 0, 0, 0, 0, 0, 0, 0, 0, 0, 0, 0, 0, 0, 0, 0
  PE(27) Inst(15) Data3:
remuRedist Tags (tagWidth=16): 0, 0, 0, 0, 0, 0, 0, 0, 0, 0, 0, 0, 0, 0, 0, 0
remuRedist Forward bitvector (len=16): 0, 0, 0, 0, 0, 0, 0, 0, 0, 0, 0, 0, 0, 0, 0, 0
remuRedist(28):
  PE(28) Inst(0) Data0:
remuRedist Tags (tagWidth=16): 0, 0, 1, 1, 0, 1, 1, 0, 0, 0, 0, 0, 0, 0, 0, 0
remuRedist Forward bitvector (len=16): 0, 1, 0, 0, 0, 0, 0, 0, 0, 0, 0, 0, 0, 0, 0, 0
  PE(28) Inst(0) Data1:
remuRedist Tags (tagWidth=16): 0, 0, 1, 1, 0, 1, 1, 0, 0, 0, 0, 0, 0, 0, 0, 0
remuRedist Forward bitvector (len=16): 1, 0, 0, 0, 0, 0, 0, 0, 0, 0, 0, 0, 0, 0, 0, 0
  PE(28) Inst(0) Data2:
remuRedist Tags (tagWidth=16): 1, 0, 1, 0, 1, 1, 0, 0, 0, 0, 0, 0, 0, 0, 0, 0
remuRedist Forward bitvector (len=16): 0, 1, 0, 0, 0, 0, 0, 0, 0, 0, 0, 0, 0, 0, 0, 0
  PE(28) Inst(0) Data3:
remuRedist Tags (tagWidth=16): 0, 0, 0, 0, 0, 0, 0, 0, 0, 0, 0, 0, 0, 0, 0, 0
remuRedist Forward bitvector (len=16): 0, 0, 0, 0, 0, 0, 0, 0, 0, 0, 0, 0, 0, 0, 0, 0
  PE(28) Inst(1) Data0:
remuRedist Tags (tagWidth=16): 0, 1, 1, 0, 1, 1, 0, 0, 0, 0, 0, 0, 0, 0, 0, 0
remuRedist Forward bitvector (len=16): 0, 0, 0, 1, 0, 0, 0, 0, 0, 0, 0, 0, 0, 0, 0, 0
  PE(28) Inst(1) Data1:
remuRedist Tags (tagWidth=16): 0, 0, 1, 0, 1, 0, 0, 0, 0, 0, 0, 0, 0, 0, 0, 0
remuRedist Forward bitvector (len=16): 0, 1, 0, 0, 0, 0, 0, 0, 0, 0, 0, 0, 0, 0, 0, 0
  PE(28) Inst(1) Data2:
remuRedist Tags (tagWidth=16): 0, 0, 0, 0, 0, 0, 0, 0, 0, 0, 0, 0, 0, 0, 0, 0
remuRedist Forward bitvector (len=16): 0, 0, 0, 0, 0, 0, 0, 0, 0, 0, 0, 0, 0, 0, 0, 0
  PE(28) Inst(1) Data3:
remuRedist Tags (tagWidth=16): 0, 0, 0, 0, 0, 0, 0, 0, 0, 0, 0, 0, 0, 0, 0, 0
remuRedist Forward bitvector (len=16): 0, 0, 0, 0, 0, 0, 0, 0, 0, 0, 0, 0, 0, 0, 0, 0
  PE(28) Inst(2) Data0:
remuRedist Tags (tagWidth=16): 0, 0, 0, 0, 0, 0, 0, 0, 0, 0, 0, 0, 0, 0, 0, 0
remuRedist Forward bitvector (len=16): 0, 0, 0, 0, 0, 0, 0, 0, 0, 0, 0, 0, 0, 0, 0, 0
  PE(28) Inst(2) Data1:
remuRedist Tags (tagWidth=16): 0, 0, 0, 1, 1, 0, 0, 0, 0, 0, 0, 0, 0, 0, 0, 0
remuRedist Forward bitvector (len=16): 0, 0, 1, 0, 0, 0, 0, 0, 0, 0, 0, 0, 0, 0, 0, 0
  PE(28) Inst(2) Data2:
remuRedist Tags (tagWidth=16): 0, 0, 0, 0, 0, 0, 0, 0, 0, 0, 0, 0, 0, 0, 0, 0
remuRedist Forward bitvector (len=16): 0, 0, 0, 0, 0, 0, 0, 0, 0, 0, 0, 0, 0, 0, 0, 0
  PE(28) Inst(2) Data3:
remuRedist Tags (tagWidth=16): 0, 0, 0, 0, 0, 0, 0, 0, 0, 0, 0, 0, 0, 0, 0, 0
remuRedist Forward bitvector (len=16): 0, 0, 0, 0, 0, 0, 0, 0, 0, 0, 0, 0, 0, 0, 0, 0
  PE(28) Inst(3) Data0:
remuRedist Tags (tagWidth=16): 0, 0, 0, 0, 0, 0, 0, 0, 0, 0, 0, 0, 0, 0, 0, 0
remuRedist Forward bitvector (len=16): 0, 0, 0, 0, 0, 0, 0, 0, 0, 0, 0, 0, 0, 0, 0, 0
  PE(28) Inst(3) Data1:
remuRedist Tags (tagWidth=16): 1, 0, 1, 0, 0, 0, 1, 0, 0, 0, 0, 0, 0, 0, 0, 0
remuRedist Forward bitvector (len=16): 0, 0, 0, 1, 0, 0, 0, 0, 0, 0, 0, 0, 0, 0, 0, 0
  PE(28) Inst(3) Data2:
remuRedist Tags (tagWidth=16): 0, 0, 0, 0, 0, 0, 0, 0, 0, 0, 0, 0, 0, 0, 0, 0
remuRedist Forward bitvector (len=16): 0, 0, 0, 0, 0, 0, 0, 0, 0, 0, 0, 0, 0, 0, 0, 0
  PE(28) Inst(3) Data3:
remuRedist Tags (tagWidth=16): 0, 0, 0, 0, 0, 0, 0, 0, 0, 0, 0, 0, 0, 0, 0, 0
remuRedist Forward bitvector (len=16): 0, 0, 0, 0, 0, 0, 0, 0, 0, 0, 0, 0, 0, 0, 0, 0
  PE(28) Inst(4) Data0:
remuRedist Tags (tagWidth=16): 0, 0, 0, 0, 0, 0, 0, 0, 0, 0, 0, 0, 0, 0, 0, 0
remuRedist Forward bitvector (len=16): 0, 0, 0, 0, 0, 0, 0, 0, 0, 0, 0, 0, 0, 0, 0, 0
  PE(28) Inst(4) Data1:
remuRedist Tags (tagWidth=16): 0, 0, 0, 0, 0, 0, 0, 0, 0, 0, 0, 0, 0, 0, 0, 0
remuRedist Forward bitvector (len=16): 0, 0, 0, 0, 0, 0, 0, 0, 0, 0, 0, 0, 0, 0, 0, 0
  PE(28) Inst(4) Data2:
remuRedist Tags (tagWidth=16): 0, 0, 0, 0, 0, 0, 0, 0, 0, 0, 0, 0, 0, 0, 0, 0
remuRedist Forward bitvector (len=16): 0, 0, 0, 0, 0, 0, 0, 0, 0, 0, 0, 0, 0, 0, 0, 0
  PE(28) Inst(4) Data3:
remuRedist Tags (tagWidth=16): 0, 0, 0, 0, 0, 0, 0, 0, 0, 0, 0, 0, 0, 0, 0, 0
remuRedist Forward bitvector (len=16): 0, 0, 0, 0, 0, 0, 0, 0, 0, 0, 0, 0, 0, 0, 0, 0
  PE(28) Inst(5) Data0:
remuRedist Tags (tagWidth=16): 0, 0, 0, 0, 0, 0, 0, 0, 0, 0, 0, 0, 0, 0, 0, 0
remuRedist Forward bitvector (len=16): 0, 0, 0, 0, 0, 0, 0, 0, 0, 0, 0, 0, 0, 0, 0, 0
  PE(28) Inst(5) Data1:
remuRedist Tags (tagWidth=16): 0, 0, 0, 0, 0, 0, 0, 0, 0, 0, 0, 0, 0, 0, 0, 0
remuRedist Forward bitvector (len=16): 0, 0, 0, 0, 0, 0, 0, 0, 0, 0, 0, 0, 0, 0, 0, 0
  PE(28) Inst(5) Data2:
remuRedist Tags (tagWidth=16): 0, 0, 0, 0, 0, 0, 0, 0, 0, 0, 0, 0, 0, 0, 0, 0
remuRedist Forward bitvector (len=16): 0, 0, 0, 0, 0, 0, 0, 0, 0, 0, 0, 0, 0, 0, 0, 0
  PE(28) Inst(5) Data3:
remuRedist Tags (tagWidth=16): 0, 0, 0, 0, 0, 0, 0, 0, 0, 0, 0, 0, 0, 0, 0, 0
remuRedist Forward bitvector (len=16): 0, 0, 0, 0, 0, 0, 0, 0, 0, 0, 0, 0, 0, 0, 0, 0
  PE(28) Inst(6) Data0:
remuRedist Tags (tagWidth=16): 0, 0, 0, 0, 0, 0, 0, 0, 0, 0, 0, 0, 0, 0, 0, 0
remuRedist Forward bitvector (len=16): 0, 0, 0, 0, 0, 0, 0, 0, 0, 0, 0, 0, 0, 0, 0, 0
  PE(28) Inst(6) Data1:
remuRedist Tags (tagWidth=16): 0, 0, 0, 0, 0, 0, 0, 0, 0, 0, 0, 0, 0, 0, 0, 0
remuRedist Forward bitvector (len=16): 0, 0, 0, 0, 0, 0, 0, 0, 0, 0, 0, 0, 0, 0, 0, 0
  PE(28) Inst(6) Data2:
remuRedist Tags (tagWidth=16): 0, 0, 0, 0, 0, 0, 0, 0, 0, 0, 0, 0, 0, 0, 0, 0
remuRedist Forward bitvector (len=16): 0, 0, 0, 0, 0, 0, 0, 0, 0, 0, 0, 0, 0, 0, 0, 0
  PE(28) Inst(6) Data3:
remuRedist Tags (tagWidth=16): 0, 0, 0, 0, 0, 0, 0, 0, 0, 0, 0, 0, 0, 0, 0, 0
remuRedist Forward bitvector (len=16): 0, 0, 0, 0, 0, 0, 0, 0, 0, 0, 0, 0, 0, 0, 0, 0
  PE(28) Inst(7) Data0:
remuRedist Tags (tagWidth=16): 0, 0, 0, 0, 0, 0, 0, 0, 0, 0, 0, 0, 0, 0, 0, 0
remuRedist Forward bitvector (len=16): 0, 0, 0, 0, 0, 0, 0, 0, 0, 0, 0, 0, 0, 0, 0, 0
  PE(28) Inst(7) Data1:
remuRedist Tags (tagWidth=16): 0, 0, 0, 0, 0, 0, 0, 0, 0, 0, 0, 0, 0, 0, 0, 0
remuRedist Forward bitvector (len=16): 0, 0, 0, 0, 0, 0, 0, 0, 0, 0, 0, 0, 0, 0, 0, 0
  PE(28) Inst(7) Data2:
remuRedist Tags (tagWidth=16): 0, 0, 0, 0, 0, 0, 0, 0, 0, 0, 0, 0, 0, 0, 0, 0
remuRedist Forward bitvector (len=16): 0, 0, 0, 0, 0, 0, 0, 0, 0, 0, 0, 0, 0, 0, 0, 0
  PE(28) Inst(7) Data3:
remuRedist Tags (tagWidth=16): 0, 0, 0, 0, 0, 0, 0, 0, 0, 0, 0, 0, 0, 0, 0, 0
remuRedist Forward bitvector (len=16): 0, 0, 0, 0, 0, 0, 0, 0, 0, 0, 0, 0, 0, 0, 0, 0
  PE(28) Inst(8) Data0:
remuRedist Tags (tagWidth=16): 0, 0, 0, 0, 0, 0, 0, 0, 0, 0, 0, 0, 0, 0, 0, 0
remuRedist Forward bitvector (len=16): 0, 0, 0, 0, 0, 0, 0, 0, 0, 0, 0, 0, 0, 0, 0, 0
  PE(28) Inst(8) Data1:
remuRedist Tags (tagWidth=16): 0, 0, 0, 0, 0, 0, 0, 0, 0, 0, 0, 0, 0, 0, 0, 0
remuRedist Forward bitvector (len=16): 0, 0, 0, 0, 0, 0, 0, 0, 0, 0, 0, 0, 0, 0, 0, 0
  PE(28) Inst(8) Data2:
remuRedist Tags (tagWidth=16): 0, 0, 0, 0, 0, 0, 0, 0, 0, 0, 0, 0, 0, 0, 0, 0
remuRedist Forward bitvector (len=16): 0, 0, 0, 0, 0, 0, 0, 0, 0, 0, 0, 0, 0, 0, 0, 0
  PE(28) Inst(8) Data3:
remuRedist Tags (tagWidth=16): 0, 0, 0, 0, 0, 0, 0, 0, 0, 0, 0, 0, 0, 0, 0, 0
remuRedist Forward bitvector (len=16): 0, 0, 0, 0, 0, 0, 0, 0, 0, 0, 0, 0, 0, 0, 0, 0
  PE(28) Inst(9) Data0:
remuRedist Tags (tagWidth=16): 0, 0, 0, 0, 0, 0, 0, 0, 0, 0, 0, 0, 0, 0, 0, 0
remuRedist Forward bitvector (len=16): 0, 0, 0, 0, 0, 0, 0, 0, 0, 0, 0, 0, 0, 0, 0, 0
  PE(28) Inst(9) Data1:
remuRedist Tags (tagWidth=16): 0, 0, 0, 0, 0, 0, 0, 0, 0, 0, 0, 0, 0, 0, 0, 0
remuRedist Forward bitvector (len=16): 0, 0, 0, 0, 0, 0, 0, 0, 0, 0, 0, 0, 0, 0, 0, 0
  PE(28) Inst(9) Data2:
remuRedist Tags (tagWidth=16): 0, 0, 0, 0, 0, 0, 0, 0, 0, 0, 0, 0, 0, 0, 0, 0
remuRedist Forward bitvector (len=16): 0, 0, 0, 0, 0, 0, 0, 0, 0, 0, 0, 0, 0, 0, 0, 0
  PE(28) Inst(9) Data3:
remuRedist Tags (tagWidth=16): 0, 0, 0, 0, 0, 0, 0, 0, 0, 0, 0, 0, 0, 0, 0, 0
remuRedist Forward bitvector (len=16): 0, 0, 0, 0, 0, 0, 0, 0, 0, 0, 0, 0, 0, 0, 0, 0
  PE(28) Inst(10) Data0:
remuRedist Tags (tagWidth=16): 0, 0, 0, 0, 0, 0, 0, 0, 0, 0, 0, 0, 0, 0, 0, 0
remuRedist Forward bitvector (len=16): 0, 0, 0, 0, 0, 0, 0, 0, 0, 0, 0, 0, 0, 0, 0, 0
  PE(28) Inst(10) Data1:
remuRedist Tags (tagWidth=16): 0, 0, 0, 0, 0, 0, 0, 0, 0, 0, 0, 0, 0, 0, 0, 0
remuRedist Forward bitvector (len=16): 0, 0, 0, 0, 0, 0, 0, 0, 0, 0, 0, 0, 0, 0, 0, 0
  PE(28) Inst(10) Data2:
remuRedist Tags (tagWidth=16): 0, 0, 0, 0, 0, 0, 0, 0, 0, 0, 0, 0, 0, 0, 0, 0
remuRedist Forward bitvector (len=16): 0, 0, 0, 0, 0, 0, 0, 0, 0, 0, 0, 0, 0, 0, 0, 0
  PE(28) Inst(10) Data3:
remuRedist Tags (tagWidth=16): 0, 0, 0, 0, 0, 0, 0, 0, 0, 0, 0, 0, 0, 0, 0, 0
remuRedist Forward bitvector (len=16): 0, 0, 0, 0, 0, 0, 0, 0, 0, 0, 0, 0, 0, 0, 0, 0
  PE(28) Inst(11) Data0:
remuRedist Tags (tagWidth=16): 0, 0, 0, 0, 0, 0, 0, 0, 0, 0, 0, 0, 0, 0, 0, 0
remuRedist Forward bitvector (len=16): 0, 0, 0, 0, 0, 0, 0, 0, 0, 0, 0, 0, 0, 0, 0, 0
  PE(28) Inst(11) Data1:
remuRedist Tags (tagWidth=16): 0, 0, 0, 0, 0, 0, 0, 0, 0, 0, 0, 0, 0, 0, 0, 0
remuRedist Forward bitvector (len=16): 0, 0, 0, 0, 0, 0, 0, 0, 0, 0, 0, 0, 0, 0, 0, 0
  PE(28) Inst(11) Data2:
remuRedist Tags (tagWidth=16): 0, 0, 0, 0, 0, 0, 0, 0, 0, 0, 0, 0, 0, 0, 0, 0
remuRedist Forward bitvector (len=16): 0, 0, 0, 0, 0, 0, 0, 0, 0, 0, 0, 0, 0, 0, 0, 0
  PE(28) Inst(11) Data3:
remuRedist Tags (tagWidth=16): 0, 0, 0, 0, 0, 0, 0, 0, 0, 0, 0, 0, 0, 0, 0, 0
remuRedist Forward bitvector (len=16): 0, 0, 0, 0, 0, 0, 0, 0, 0, 0, 0, 0, 0, 0, 0, 0
  PE(28) Inst(12) Data0:
remuRedist Tags (tagWidth=16): 0, 0, 0, 0, 0, 0, 0, 0, 0, 0, 0, 0, 0, 0, 0, 0
remuRedist Forward bitvector (len=16): 0, 0, 0, 0, 0, 0, 0, 0, 0, 0, 0, 0, 0, 0, 0, 0
  PE(28) Inst(12) Data1:
remuRedist Tags (tagWidth=16): 0, 0, 0, 0, 0, 0, 0, 0, 0, 0, 0, 0, 0, 0, 0, 0
remuRedist Forward bitvector (len=16): 0, 0, 0, 0, 0, 0, 0, 0, 0, 0, 0, 0, 0, 0, 0, 0
  PE(28) Inst(12) Data2:
remuRedist Tags (tagWidth=16): 0, 0, 0, 0, 0, 0, 0, 0, 0, 0, 0, 0, 0, 0, 0, 0
remuRedist Forward bitvector (len=16): 0, 0, 0, 0, 0, 0, 0, 0, 0, 0, 0, 0, 0, 0, 0, 0
  PE(28) Inst(12) Data3:
remuRedist Tags (tagWidth=16): 0, 0, 0, 0, 0, 0, 0, 0, 0, 0, 0, 0, 0, 0, 0, 0
remuRedist Forward bitvector (len=16): 0, 0, 0, 0, 0, 0, 0, 0, 0, 0, 0, 0, 0, 0, 0, 0
  PE(28) Inst(13) Data0:
remuRedist Tags (tagWidth=16): 0, 0, 0, 0, 0, 0, 0, 0, 0, 0, 0, 0, 0, 0, 0, 0
remuRedist Forward bitvector (len=16): 0, 0, 0, 0, 0, 0, 0, 0, 0, 0, 0, 0, 0, 0, 0, 0
  PE(28) Inst(13) Data1:
remuRedist Tags (tagWidth=16): 0, 0, 0, 0, 0, 0, 0, 0, 0, 0, 0, 0, 0, 0, 0, 0
remuRedist Forward bitvector (len=16): 0, 0, 0, 0, 0, 0, 0, 0, 0, 0, 0, 0, 0, 0, 0, 0
  PE(28) Inst(13) Data2:
remuRedist Tags (tagWidth=16): 0, 0, 0, 0, 0, 0, 0, 0, 0, 0, 0, 0, 0, 0, 0, 0
remuRedist Forward bitvector (len=16): 0, 0, 0, 0, 0, 0, 0, 0, 0, 0, 0, 0, 0, 0, 0, 0
  PE(28) Inst(13) Data3:
remuRedist Tags (tagWidth=16): 0, 0, 0, 0, 0, 0, 0, 0, 0, 0, 0, 0, 0, 0, 0, 0
remuRedist Forward bitvector (len=16): 0, 0, 0, 0, 0, 0, 0, 0, 0, 0, 0, 0, 0, 0, 0, 0
  PE(28) Inst(14) Data0:
remuRedist Tags (tagWidth=16): 0, 0, 0, 0, 0, 0, 0, 0, 0, 0, 0, 0, 0, 0, 0, 0
remuRedist Forward bitvector (len=16): 0, 0, 0, 0, 0, 0, 0, 0, 0, 0, 0, 0, 0, 0, 0, 0
  PE(28) Inst(14) Data1:
remuRedist Tags (tagWidth=16): 0, 0, 0, 0, 0, 0, 0, 0, 0, 0, 0, 0, 0, 0, 0, 0
remuRedist Forward bitvector (len=16): 0, 0, 0, 0, 0, 0, 0, 0, 0, 0, 0, 0, 0, 0, 0, 0
  PE(28) Inst(14) Data2:
remuRedist Tags (tagWidth=16): 0, 0, 0, 0, 0, 0, 0, 0, 0, 0, 0, 0, 0, 0, 0, 0
remuRedist Forward bitvector (len=16): 0, 0, 0, 0, 0, 0, 0, 0, 0, 0, 0, 0, 0, 0, 0, 0
  PE(28) Inst(14) Data3:
remuRedist Tags (tagWidth=16): 0, 0, 0, 0, 0, 0, 0, 0, 0, 0, 0, 0, 0, 0, 0, 0
remuRedist Forward bitvector (len=16): 0, 0, 0, 0, 0, 0, 0, 0, 0, 0, 0, 0, 0, 0, 0, 0
  PE(28) Inst(15) Data0:
remuRedist Tags (tagWidth=16): 0, 0, 0, 0, 0, 0, 0, 0, 0, 0, 0, 0, 0, 0, 0, 0
remuRedist Forward bitvector (len=16): 0, 0, 0, 0, 0, 0, 0, 0, 0, 0, 0, 0, 0, 0, 0, 0
  PE(28) Inst(15) Data1:
remuRedist Tags (tagWidth=16): 0, 0, 0, 0, 0, 0, 0, 0, 0, 0, 0, 0, 0, 0, 0, 0
remuRedist Forward bitvector (len=16): 0, 0, 0, 0, 0, 0, 0, 0, 0, 0, 0, 0, 0, 0, 0, 0
  PE(28) Inst(15) Data2:
remuRedist Tags (tagWidth=16): 0, 0, 0, 0, 0, 0, 0, 0, 0, 0, 0, 0, 0, 0, 0, 0
remuRedist Forward bitvector (len=16): 0, 0, 0, 0, 0, 0, 0, 0, 0, 0, 0, 0, 0, 0, 0, 0
  PE(28) Inst(15) Data3:
remuRedist Tags (tagWidth=16): 0, 0, 0, 0, 0, 0, 0, 0, 0, 0, 0, 0, 0, 0, 0, 0
remuRedist Forward bitvector (len=16): 0, 0, 0, 0, 0, 0, 0, 0, 0, 0, 0, 0, 0, 0, 0, 0
remuRedist(29):
  PE(29) Inst(0) Data0:
remuRedist Tags (tagWidth=16): 1, 1, 0, 1, 0, 1, 1, 0, 0, 0, 0, 0, 0, 0, 0, 0
remuRedist Forward bitvector (len=16): 0, 1, 0, 0, 0, 0, 0, 0, 0, 0, 0, 0, 0, 0, 0, 0
  PE(29) Inst(0) Data1:
remuRedist Tags (tagWidth=16): 1, 1, 0, 1, 0, 1, 1, 0, 0, 0, 0, 0, 0, 0, 0, 0
remuRedist Forward bitvector (len=16): 1, 0, 0, 0, 0, 0, 0, 0, 0, 0, 0, 0, 0, 0, 0, 0
  PE(29) Inst(0) Data2:
remuRedist Tags (tagWidth=16): 1, 0, 1, 0, 1, 1, 0, 0, 0, 0, 0, 0, 0, 0, 0, 0
remuRedist Forward bitvector (len=16): 0, 1, 0, 0, 0, 0, 0, 0, 0, 0, 0, 0, 0, 0, 0, 0
  PE(29) Inst(0) Data3:
remuRedist Tags (tagWidth=16): 0, 0, 0, 0, 0, 0, 0, 0, 0, 0, 0, 0, 0, 0, 0, 0
remuRedist Forward bitvector (len=16): 0, 0, 0, 0, 0, 0, 0, 0, 0, 0, 0, 0, 0, 0, 0, 0
  PE(29) Inst(1) Data0:
remuRedist Tags (tagWidth=16): 1, 1, 1, 0, 1, 0, 0, 0, 0, 0, 0, 0, 0, 0, 0, 0
remuRedist Forward bitvector (len=16): 0, 0, 1, 0, 0, 0, 0, 0, 0, 0, 0, 0, 0, 0, 0, 0
  PE(29) Inst(1) Data1:
remuRedist Tags (tagWidth=16): 1, 1, 1, 0, 1, 0, 0, 0, 0, 0, 0, 0, 0, 0, 0, 0
remuRedist Forward bitvector (len=16): 0, 1, 0, 0, 0, 0, 0, 0, 0, 0, 0, 0, 0, 0, 0, 0
  PE(29) Inst(1) Data2:
remuRedist Tags (tagWidth=16): 1, 0, 0, 1, 1, 0, 0, 0, 0, 0, 0, 0, 0, 0, 0, 0
remuRedist Forward bitvector (len=16): 0, 0, 1, 0, 0, 0, 0, 0, 0, 0, 0, 0, 0, 0, 0, 0
  PE(29) Inst(1) Data3:
remuRedist Tags (tagWidth=16): 0, 0, 0, 0, 0, 0, 0, 0, 0, 0, 0, 0, 0, 0, 0, 0
remuRedist Forward bitvector (len=16): 0, 0, 0, 0, 0, 0, 0, 0, 0, 0, 0, 0, 0, 0, 0, 0
  PE(29) Inst(2) Data0:
remuRedist Tags (tagWidth=16): 1, 1, 1, 1, 1, 0, 0, 0, 0, 0, 0, 0, 0, 0, 0, 0
remuRedist Forward bitvector (len=16): 0, 0, 0, 1, 0, 0, 0, 0, 0, 0, 0, 0, 0, 0, 0, 0
  PE(29) Inst(2) Data1:
remuRedist Tags (tagWidth=16): 1, 1, 1, 0, 1, 1, 0, 0, 0, 0, 0, 0, 0, 0, 0, 0
remuRedist Forward bitvector (len=16): 0, 0, 0, 1, 0, 0, 0, 0, 0, 0, 0, 0, 0, 0, 0, 0
  PE(29) Inst(2) Data2:
remuRedist Tags (tagWidth=16): 0, 0, 0, 1, 0, 0, 1, 0, 0, 0, 0, 0, 0, 0, 0, 0
remuRedist Forward bitvector (len=16): 0, 0, 0, 1, 0, 0, 0, 0, 0, 0, 0, 0, 0, 0, 0, 0
  PE(29) Inst(2) Data3:
remuRedist Tags (tagWidth=16): 0, 0, 0, 0, 0, 0, 0, 0, 0, 0, 0, 0, 0, 0, 0, 0
remuRedist Forward bitvector (len=16): 0, 0, 0, 0, 0, 0, 0, 0, 0, 0, 0, 0, 0, 0, 0, 0
  PE(29) Inst(3) Data0:
remuRedist Tags (tagWidth=16): 0, 1, 0, 0, 0, 1, 0, 0, 0, 0, 0, 0, 0, 0, 0, 0
remuRedist Forward bitvector (len=16): 0, 0, 0, 0, 1, 0, 0, 0, 0, 0, 0, 0, 0, 0, 0, 0
  PE(29) Inst(3) Data1:
remuRedist Tags (tagWidth=16): 0, 1, 0, 1, 1, 1, 0, 0, 0, 0, 0, 0, 0, 0, 0, 0
remuRedist Forward bitvector (len=16): 0, 0, 0, 0, 1, 0, 0, 0, 0, 0, 0, 0, 0, 0, 0, 0
  PE(29) Inst(3) Data2:
remuRedist Tags (tagWidth=16): 1, 0, 0, 1, 0, 0, 1, 0, 0, 0, 0, 0, 0, 0, 0, 0
remuRedist Forward bitvector (len=16): 0, 0, 0, 0, 1, 0, 0, 0, 0, 0, 0, 0, 0, 0, 0, 0
  PE(29) Inst(3) Data3:
remuRedist Tags (tagWidth=16): 0, 0, 0, 0, 0, 0, 0, 0, 0, 0, 0, 0, 0, 0, 0, 0
remuRedist Forward bitvector (len=16): 0, 0, 0, 0, 0, 0, 0, 0, 0, 0, 0, 0, 0, 0, 0, 0
  PE(29) Inst(4) Data0:
remuRedist Tags (tagWidth=16): 0, 0, 0, 0, 0, 0, 0, 0, 0, 0, 0, 0, 0, 0, 0, 0
remuRedist Forward bitvector (len=16): 0, 0, 0, 0, 0, 0, 0, 0, 0, 0, 0, 0, 0, 0, 0, 0
  PE(29) Inst(4) Data1:
remuRedist Tags (tagWidth=16): 0, 0, 0, 0, 0, 0, 0, 0, 0, 0, 0, 0, 0, 0, 0, 0
remuRedist Forward bitvector (len=16): 0, 0, 0, 0, 0, 0, 0, 0, 0, 0, 0, 0, 0, 0, 0, 0
  PE(29) Inst(4) Data2:
remuRedist Tags (tagWidth=16): 0, 0, 0, 0, 0, 0, 0, 0, 0, 0, 0, 0, 0, 0, 0, 0
remuRedist Forward bitvector (len=16): 0, 0, 0, 0, 0, 0, 0, 0, 0, 0, 0, 0, 0, 0, 0, 0
  PE(29) Inst(4) Data3:
remuRedist Tags (tagWidth=16): 0, 0, 0, 0, 0, 0, 0, 0, 0, 0, 0, 0, 0, 0, 0, 0
remuRedist Forward bitvector (len=16): 0, 0, 0, 0, 0, 0, 0, 0, 0, 0, 0, 0, 0, 0, 0, 0
  PE(29) Inst(5) Data0:
remuRedist Tags (tagWidth=16): 0, 0, 0, 0, 0, 0, 0, 0, 0, 0, 0, 0, 0, 0, 0, 0
remuRedist Forward bitvector (len=16): 0, 0, 0, 0, 0, 0, 0, 0, 0, 0, 0, 0, 0, 0, 0, 0
  PE(29) Inst(5) Data1:
remuRedist Tags (tagWidth=16): 0, 0, 0, 0, 0, 0, 0, 0, 0, 0, 0, 0, 0, 0, 0, 0
remuRedist Forward bitvector (len=16): 0, 0, 0, 0, 0, 0, 0, 0, 0, 0, 0, 0, 0, 0, 0, 0
  PE(29) Inst(5) Data2:
remuRedist Tags (tagWidth=16): 0, 0, 0, 0, 0, 0, 0, 0, 0, 0, 0, 0, 0, 0, 0, 0
remuRedist Forward bitvector (len=16): 0, 0, 0, 0, 0, 0, 0, 0, 0, 0, 0, 0, 0, 0, 0, 0
  PE(29) Inst(5) Data3:
remuRedist Tags (tagWidth=16): 0, 0, 0, 0, 0, 0, 0, 0, 0, 0, 0, 0, 0, 0, 0, 0
remuRedist Forward bitvector (len=16): 0, 0, 0, 0, 0, 0, 0, 0, 0, 0, 0, 0, 0, 0, 0, 0
  PE(29) Inst(6) Data0:
remuRedist Tags (tagWidth=16): 0, 0, 0, 0, 0, 0, 0, 0, 0, 0, 0, 0, 0, 0, 0, 0
remuRedist Forward bitvector (len=16): 0, 0, 0, 0, 0, 0, 0, 0, 0, 0, 0, 0, 0, 0, 0, 0
  PE(29) Inst(6) Data1:
remuRedist Tags (tagWidth=16): 0, 0, 0, 0, 0, 0, 0, 0, 0, 0, 0, 0, 0, 0, 0, 0
remuRedist Forward bitvector (len=16): 0, 0, 0, 0, 0, 0, 0, 0, 0, 0, 0, 0, 0, 0, 0, 0
  PE(29) Inst(6) Data2:
remuRedist Tags (tagWidth=16): 0, 0, 0, 0, 0, 0, 0, 0, 0, 0, 0, 0, 0, 0, 0, 0
remuRedist Forward bitvector (len=16): 0, 0, 0, 0, 0, 0, 0, 0, 0, 0, 0, 0, 0, 0, 0, 0
  PE(29) Inst(6) Data3:
remuRedist Tags (tagWidth=16): 0, 0, 0, 0, 0, 0, 0, 0, 0, 0, 0, 0, 0, 0, 0, 0
remuRedist Forward bitvector (len=16): 0, 0, 0, 0, 0, 0, 0, 0, 0, 0, 0, 0, 0, 0, 0, 0
  PE(29) Inst(7) Data0:
remuRedist Tags (tagWidth=16): 0, 0, 0, 0, 0, 0, 0, 0, 0, 0, 0, 0, 0, 0, 0, 0
remuRedist Forward bitvector (len=16): 0, 0, 0, 0, 0, 0, 0, 0, 0, 0, 0, 0, 0, 0, 0, 0
  PE(29) Inst(7) Data1:
remuRedist Tags (tagWidth=16): 0, 0, 0, 0, 0, 0, 0, 0, 0, 0, 0, 0, 0, 0, 0, 0
remuRedist Forward bitvector (len=16): 0, 0, 0, 0, 0, 0, 0, 0, 0, 0, 0, 0, 0, 0, 0, 0
  PE(29) Inst(7) Data2:
remuRedist Tags (tagWidth=16): 0, 0, 0, 0, 0, 0, 0, 0, 0, 0, 0, 0, 0, 0, 0, 0
remuRedist Forward bitvector (len=16): 0, 0, 0, 0, 0, 0, 0, 0, 0, 0, 0, 0, 0, 0, 0, 0
  PE(29) Inst(7) Data3:
remuRedist Tags (tagWidth=16): 0, 0, 0, 0, 0, 0, 0, 0, 0, 0, 0, 0, 0, 0, 0, 0
remuRedist Forward bitvector (len=16): 0, 0, 0, 0, 0, 0, 0, 0, 0, 0, 0, 0, 0, 0, 0, 0
  PE(29) Inst(8) Data0:
remuRedist Tags (tagWidth=16): 0, 0, 0, 0, 0, 0, 0, 0, 0, 0, 0, 0, 0, 0, 0, 0
remuRedist Forward bitvector (len=16): 0, 0, 0, 0, 0, 0, 0, 0, 0, 0, 0, 0, 0, 0, 0, 0
  PE(29) Inst(8) Data1:
remuRedist Tags (tagWidth=16): 0, 0, 0, 0, 0, 0, 0, 0, 0, 0, 0, 0, 0, 0, 0, 0
remuRedist Forward bitvector (len=16): 0, 0, 0, 0, 0, 0, 0, 0, 0, 0, 0, 0, 0, 0, 0, 0
  PE(29) Inst(8) Data2:
remuRedist Tags (tagWidth=16): 0, 0, 0, 0, 0, 0, 0, 0, 0, 0, 0, 0, 0, 0, 0, 0
remuRedist Forward bitvector (len=16): 0, 0, 0, 0, 0, 0, 0, 0, 0, 0, 0, 0, 0, 0, 0, 0
  PE(29) Inst(8) Data3:
remuRedist Tags (tagWidth=16): 0, 0, 0, 0, 0, 0, 0, 0, 0, 0, 0, 0, 0, 0, 0, 0
remuRedist Forward bitvector (len=16): 0, 0, 0, 0, 0, 0, 0, 0, 0, 0, 0, 0, 0, 0, 0, 0
  PE(29) Inst(9) Data0:
remuRedist Tags (tagWidth=16): 0, 0, 0, 0, 0, 0, 0, 0, 0, 0, 0, 0, 0, 0, 0, 0
remuRedist Forward bitvector (len=16): 0, 0, 0, 0, 0, 0, 0, 0, 0, 0, 0, 0, 0, 0, 0, 0
  PE(29) Inst(9) Data1:
remuRedist Tags (tagWidth=16): 0, 0, 0, 0, 0, 0, 0, 0, 0, 0, 0, 0, 0, 0, 0, 0
remuRedist Forward bitvector (len=16): 0, 0, 0, 0, 0, 0, 0, 0, 0, 0, 0, 0, 0, 0, 0, 0
  PE(29) Inst(9) Data2:
remuRedist Tags (tagWidth=16): 0, 0, 0, 0, 0, 0, 0, 0, 0, 0, 0, 0, 0, 0, 0, 0
remuRedist Forward bitvector (len=16): 0, 0, 0, 0, 0, 0, 0, 0, 0, 0, 0, 0, 0, 0, 0, 0
  PE(29) Inst(9) Data3:
remuRedist Tags (tagWidth=16): 0, 0, 0, 0, 0, 0, 0, 0, 0, 0, 0, 0, 0, 0, 0, 0
remuRedist Forward bitvector (len=16): 0, 0, 0, 0, 0, 0, 0, 0, 0, 0, 0, 0, 0, 0, 0, 0
  PE(29) Inst(10) Data0:
remuRedist Tags (tagWidth=16): 0, 0, 0, 0, 0, 0, 0, 0, 0, 0, 0, 0, 0, 0, 0, 0
remuRedist Forward bitvector (len=16): 0, 0, 0, 0, 0, 0, 0, 0, 0, 0, 0, 0, 0, 0, 0, 0
  PE(29) Inst(10) Data1:
remuRedist Tags (tagWidth=16): 0, 0, 0, 0, 0, 0, 0, 0, 0, 0, 0, 0, 0, 0, 0, 0
remuRedist Forward bitvector (len=16): 0, 0, 0, 0, 0, 0, 0, 0, 0, 0, 0, 0, 0, 0, 0, 0
  PE(29) Inst(10) Data2:
remuRedist Tags (tagWidth=16): 0, 0, 0, 0, 0, 0, 0, 0, 0, 0, 0, 0, 0, 0, 0, 0
remuRedist Forward bitvector (len=16): 0, 0, 0, 0, 0, 0, 0, 0, 0, 0, 0, 0, 0, 0, 0, 0
  PE(29) Inst(10) Data3:
remuRedist Tags (tagWidth=16): 0, 0, 0, 0, 0, 0, 0, 0, 0, 0, 0, 0, 0, 0, 0, 0
remuRedist Forward bitvector (len=16): 0, 0, 0, 0, 0, 0, 0, 0, 0, 0, 0, 0, 0, 0, 0, 0
  PE(29) Inst(11) Data0:
remuRedist Tags (tagWidth=16): 0, 0, 0, 0, 0, 0, 0, 0, 0, 0, 0, 0, 0, 0, 0, 0
remuRedist Forward bitvector (len=16): 0, 0, 0, 0, 0, 0, 0, 0, 0, 0, 0, 0, 0, 0, 0, 0
  PE(29) Inst(11) Data1:
remuRedist Tags (tagWidth=16): 0, 0, 0, 0, 0, 0, 0, 0, 0, 0, 0, 0, 0, 0, 0, 0
remuRedist Forward bitvector (len=16): 0, 0, 0, 0, 0, 0, 0, 0, 0, 0, 0, 0, 0, 0, 0, 0
  PE(29) Inst(11) Data2:
remuRedist Tags (tagWidth=16): 0, 0, 0, 0, 0, 0, 0, 0, 0, 0, 0, 0, 0, 0, 0, 0
remuRedist Forward bitvector (len=16): 0, 0, 0, 0, 0, 0, 0, 0, 0, 0, 0, 0, 0, 0, 0, 0
  PE(29) Inst(11) Data3:
remuRedist Tags (tagWidth=16): 0, 0, 0, 0, 0, 0, 0, 0, 0, 0, 0, 0, 0, 0, 0, 0
remuRedist Forward bitvector (len=16): 0, 0, 0, 0, 0, 0, 0, 0, 0, 0, 0, 0, 0, 0, 0, 0
  PE(29) Inst(12) Data0:
remuRedist Tags (tagWidth=16): 0, 0, 0, 0, 0, 0, 0, 0, 0, 0, 0, 0, 0, 0, 0, 0
remuRedist Forward bitvector (len=16): 0, 0, 0, 0, 0, 0, 0, 0, 0, 0, 0, 0, 0, 0, 0, 0
  PE(29) Inst(12) Data1:
remuRedist Tags (tagWidth=16): 0, 0, 0, 0, 0, 0, 0, 0, 0, 0, 0, 0, 0, 0, 0, 0
remuRedist Forward bitvector (len=16): 0, 0, 0, 0, 0, 0, 0, 0, 0, 0, 0, 0, 0, 0, 0, 0
  PE(29) Inst(12) Data2:
remuRedist Tags (tagWidth=16): 0, 0, 0, 0, 0, 0, 0, 0, 0, 0, 0, 0, 0, 0, 0, 0
remuRedist Forward bitvector (len=16): 0, 0, 0, 0, 0, 0, 0, 0, 0, 0, 0, 0, 0, 0, 0, 0
  PE(29) Inst(12) Data3:
remuRedist Tags (tagWidth=16): 0, 0, 0, 0, 0, 0, 0, 0, 0, 0, 0, 0, 0, 0, 0, 0
remuRedist Forward bitvector (len=16): 0, 0, 0, 0, 0, 0, 0, 0, 0, 0, 0, 0, 0, 0, 0, 0
  PE(29) Inst(13) Data0:
remuRedist Tags (tagWidth=16): 0, 0, 0, 0, 0, 0, 0, 0, 0, 0, 0, 0, 0, 0, 0, 0
remuRedist Forward bitvector (len=16): 0, 0, 0, 0, 0, 0, 0, 0, 0, 0, 0, 0, 0, 0, 0, 0
  PE(29) Inst(13) Data1:
remuRedist Tags (tagWidth=16): 0, 0, 0, 0, 0, 0, 0, 0, 0, 0, 0, 0, 0, 0, 0, 0
remuRedist Forward bitvector (len=16): 0, 0, 0, 0, 0, 0, 0, 0, 0, 0, 0, 0, 0, 0, 0, 0
  PE(29) Inst(13) Data2:
remuRedist Tags (tagWidth=16): 0, 0, 0, 0, 0, 0, 0, 0, 0, 0, 0, 0, 0, 0, 0, 0
remuRedist Forward bitvector (len=16): 0, 0, 0, 0, 0, 0, 0, 0, 0, 0, 0, 0, 0, 0, 0, 0
  PE(29) Inst(13) Data3:
remuRedist Tags (tagWidth=16): 0, 0, 0, 0, 0, 0, 0, 0, 0, 0, 0, 0, 0, 0, 0, 0
remuRedist Forward bitvector (len=16): 0, 0, 0, 0, 0, 0, 0, 0, 0, 0, 0, 0, 0, 0, 0, 0
  PE(29) Inst(14) Data0:
remuRedist Tags (tagWidth=16): 0, 0, 0, 0, 0, 0, 0, 0, 0, 0, 0, 0, 0, 0, 0, 0
remuRedist Forward bitvector (len=16): 0, 0, 0, 0, 0, 0, 0, 0, 0, 0, 0, 0, 0, 0, 0, 0
  PE(29) Inst(14) Data1:
remuRedist Tags (tagWidth=16): 0, 0, 0, 0, 0, 0, 0, 0, 0, 0, 0, 0, 0, 0, 0, 0
remuRedist Forward bitvector (len=16): 0, 0, 0, 0, 0, 0, 0, 0, 0, 0, 0, 0, 0, 0, 0, 0
  PE(29) Inst(14) Data2:
remuRedist Tags (tagWidth=16): 0, 0, 0, 0, 0, 0, 0, 0, 0, 0, 0, 0, 0, 0, 0, 0
remuRedist Forward bitvector (len=16): 0, 0, 0, 0, 0, 0, 0, 0, 0, 0, 0, 0, 0, 0, 0, 0
  PE(29) Inst(14) Data3:
remuRedist Tags (tagWidth=16): 0, 0, 0, 0, 0, 0, 0, 0, 0, 0, 0, 0, 0, 0, 0, 0
remuRedist Forward bitvector (len=16): 0, 0, 0, 0, 0, 0, 0, 0, 0, 0, 0, 0, 0, 0, 0, 0
  PE(29) Inst(15) Data0:
remuRedist Tags (tagWidth=16): 0, 0, 0, 0, 0, 0, 0, 0, 0, 0, 0, 0, 0, 0, 0, 0
remuRedist Forward bitvector (len=16): 0, 0, 0, 0, 0, 0, 0, 0, 0, 0, 0, 0, 0, 0, 0, 0
  PE(29) Inst(15) Data1:
remuRedist Tags (tagWidth=16): 0, 0, 0, 0, 0, 0, 0, 0, 0, 0, 0, 0, 0, 0, 0, 0
remuRedist Forward bitvector (len=16): 0, 0, 0, 0, 0, 0, 0, 0, 0, 0, 0, 0, 0, 0, 0, 0
  PE(29) Inst(15) Data2:
remuRedist Tags (tagWidth=16): 0, 0, 0, 0, 0, 0, 0, 0, 0, 0, 0, 0, 0, 0, 0, 0
remuRedist Forward bitvector (len=16): 0, 0, 0, 0, 0, 0, 0, 0, 0, 0, 0, 0, 0, 0, 0, 0
  PE(29) Inst(15) Data3:
remuRedist Tags (tagWidth=16): 0, 0, 0, 0, 0, 0, 0, 0, 0, 0, 0, 0, 0, 0, 0, 0
remuRedist Forward bitvector (len=16): 0, 0, 0, 0, 0, 0, 0, 0, 0, 0, 0, 0, 0, 0, 0, 0
remuRedist(30):
  PE(30) Inst(0) Data0:
remuRedist Tags (tagWidth=16): 1, 1, 0, 0, 0, 0, 0, 0, 0, 0, 0, 0, 0, 0, 0, 0
remuRedist Forward bitvector (len=16): 0, 1, 0, 0, 0, 0, 0, 0, 0, 0, 0, 0, 0, 0, 0, 0
  PE(30) Inst(0) Data1:
remuRedist Tags (tagWidth=16): 1, 0, 1, 0, 0, 1, 1, 0, 0, 0, 0, 0, 0, 0, 0, 0
remuRedist Forward bitvector (len=16): 1, 0, 0, 0, 0, 0, 0, 0, 0, 0, 0, 0, 0, 0, 0, 0
  PE(30) Inst(0) Data2:
remuRedist Tags (tagWidth=16): 0, 1, 0, 0, 1, 1, 0, 0, 0, 0, 0, 0, 0, 0, 0, 0
remuRedist Forward bitvector (len=16): 0, 1, 0, 0, 0, 0, 0, 0, 0, 0, 0, 0, 0, 0, 0, 0
  PE(30) Inst(0) Data3:
remuRedist Tags (tagWidth=16): 0, 0, 0, 0, 0, 0, 0, 0, 0, 0, 0, 0, 0, 0, 0, 0
remuRedist Forward bitvector (len=16): 0, 0, 0, 0, 0, 0, 0, 0, 0, 0, 0, 0, 0, 0, 0, 0
  PE(30) Inst(1) Data0:
remuRedist Tags (tagWidth=16): 0, 0, 1, 1, 0, 0, 0, 0, 0, 0, 0, 0, 0, 0, 0, 0
remuRedist Forward bitvector (len=16): 0, 0, 1, 0, 0, 0, 0, 0, 0, 0, 0, 0, 0, 0, 0, 0
  PE(30) Inst(1) Data1:
remuRedist Tags (tagWidth=16): 1, 1, 1, 0, 0, 0, 0, 0, 0, 0, 0, 0, 0, 0, 0, 0
remuRedist Forward bitvector (len=16): 0, 1, 0, 0, 0, 0, 0, 0, 0, 0, 0, 0, 0, 0, 0, 0
  PE(30) Inst(1) Data2:
remuRedist Tags (tagWidth=16): 0, 0, 0, 1, 1, 0, 0, 0, 0, 0, 0, 0, 0, 0, 0, 0
remuRedist Forward bitvector (len=16): 0, 0, 0, 0, 1, 0, 0, 0, 0, 0, 0, 0, 0, 0, 0, 0
  PE(30) Inst(1) Data3:
remuRedist Tags (tagWidth=16): 0, 0, 0, 0, 0, 0, 0, 0, 0, 0, 0, 0, 0, 0, 0, 0
remuRedist Forward bitvector (len=16): 0, 0, 0, 0, 0, 0, 0, 0, 0, 0, 0, 0, 0, 0, 0, 0
  PE(30) Inst(2) Data0:
remuRedist Tags (tagWidth=16): 0, 1, 1, 0, 1, 0, 0, 0, 0, 0, 0, 0, 0, 0, 0, 0
remuRedist Forward bitvector (len=16): 0, 0, 0, 1, 0, 0, 0, 0, 0, 0, 0, 0, 0, 0, 0, 0
  PE(30) Inst(2) Data1:
remuRedist Tags (tagWidth=16): 1, 0, 0, 0, 1, 0, 0, 0, 0, 0, 0, 0, 0, 0, 0, 0
remuRedist Forward bitvector (len=16): 0, 0, 0, 1, 0, 0, 0, 0, 0, 0, 0, 0, 0, 0, 0, 0
  PE(30) Inst(2) Data2:
remuRedist Tags (tagWidth=16): 0, 0, 0, 0, 0, 0, 0, 0, 0, 0, 0, 0, 0, 0, 0, 0
remuRedist Forward bitvector (len=16): 0, 0, 0, 0, 0, 0, 0, 0, 0, 0, 0, 0, 0, 0, 0, 0
  PE(30) Inst(2) Data3:
remuRedist Tags (tagWidth=16): 0, 0, 0, 0, 0, 0, 0, 0, 0, 0, 0, 0, 0, 0, 0, 0
remuRedist Forward bitvector (len=16): 0, 0, 0, 0, 0, 0, 0, 0, 0, 0, 0, 0, 0, 0, 0, 0
  PE(30) Inst(3) Data0:
remuRedist Tags (tagWidth=16): 0, 0, 0, 1, 0, 0, 0, 0, 0, 0, 0, 0, 0, 0, 0, 0
remuRedist Forward bitvector (len=16): 0, 0, 0, 0, 1, 0, 0, 0, 0, 0, 0, 0, 0, 0, 0, 0
  PE(30) Inst(3) Data1:
remuRedist Tags (tagWidth=16): 0, 0, 0, 0, 0, 0, 0, 0, 0, 0, 0, 0, 0, 0, 0, 0
remuRedist Forward bitvector (len=16): 0, 0, 0, 0, 0, 0, 0, 0, 0, 0, 0, 0, 0, 0, 0, 0
  PE(30) Inst(3) Data2:
remuRedist Tags (tagWidth=16): 0, 0, 0, 0, 0, 0, 0, 0, 0, 0, 0, 0, 0, 0, 0, 0
remuRedist Forward bitvector (len=16): 0, 0, 0, 0, 0, 0, 0, 0, 0, 0, 0, 0, 0, 0, 0, 0
  PE(30) Inst(3) Data3:
remuRedist Tags (tagWidth=16): 0, 0, 0, 0, 0, 0, 0, 0, 0, 0, 0, 0, 0, 0, 0, 0
remuRedist Forward bitvector (len=16): 0, 0, 0, 0, 0, 0, 0, 0, 0, 0, 0, 0, 0, 0, 0, 0
  PE(30) Inst(4) Data0:
remuRedist Tags (tagWidth=16): 0, 0, 0, 0, 0, 0, 0, 0, 0, 0, 0, 0, 0, 0, 0, 0
remuRedist Forward bitvector (len=16): 0, 0, 0, 0, 0, 0, 0, 0, 0, 0, 0, 0, 0, 0, 0, 0
  PE(30) Inst(4) Data1:
remuRedist Tags (tagWidth=16): 0, 0, 0, 0, 0, 0, 0, 0, 0, 0, 0, 0, 0, 0, 0, 0
remuRedist Forward bitvector (len=16): 0, 0, 0, 0, 0, 0, 0, 0, 0, 0, 0, 0, 0, 0, 0, 0
  PE(30) Inst(4) Data2:
remuRedist Tags (tagWidth=16): 0, 0, 0, 0, 0, 0, 0, 0, 0, 0, 0, 0, 0, 0, 0, 0
remuRedist Forward bitvector (len=16): 0, 0, 0, 0, 0, 0, 0, 0, 0, 0, 0, 0, 0, 0, 0, 0
  PE(30) Inst(4) Data3:
remuRedist Tags (tagWidth=16): 0, 0, 0, 0, 0, 0, 0, 0, 0, 0, 0, 0, 0, 0, 0, 0
remuRedist Forward bitvector (len=16): 0, 0, 0, 0, 0, 0, 0, 0, 0, 0, 0, 0, 0, 0, 0, 0
  PE(30) Inst(5) Data0:
remuRedist Tags (tagWidth=16): 0, 0, 0, 0, 0, 0, 0, 0, 0, 0, 0, 0, 0, 0, 0, 0
remuRedist Forward bitvector (len=16): 0, 0, 0, 0, 0, 0, 0, 0, 0, 0, 0, 0, 0, 0, 0, 0
  PE(30) Inst(5) Data1:
remuRedist Tags (tagWidth=16): 0, 0, 0, 0, 0, 0, 0, 0, 0, 0, 0, 0, 0, 0, 0, 0
remuRedist Forward bitvector (len=16): 0, 0, 0, 0, 0, 0, 0, 0, 0, 0, 0, 0, 0, 0, 0, 0
  PE(30) Inst(5) Data2:
remuRedist Tags (tagWidth=16): 0, 0, 0, 0, 0, 0, 0, 0, 0, 0, 0, 0, 0, 0, 0, 0
remuRedist Forward bitvector (len=16): 0, 0, 0, 0, 0, 0, 0, 0, 0, 0, 0, 0, 0, 0, 0, 0
  PE(30) Inst(5) Data3:
remuRedist Tags (tagWidth=16): 0, 0, 0, 0, 0, 0, 0, 0, 0, 0, 0, 0, 0, 0, 0, 0
remuRedist Forward bitvector (len=16): 0, 0, 0, 0, 0, 0, 0, 0, 0, 0, 0, 0, 0, 0, 0, 0
  PE(30) Inst(6) Data0:
remuRedist Tags (tagWidth=16): 0, 0, 0, 0, 0, 0, 0, 0, 0, 0, 0, 0, 0, 0, 0, 0
remuRedist Forward bitvector (len=16): 0, 0, 0, 0, 0, 0, 0, 0, 0, 0, 0, 0, 0, 0, 0, 0
  PE(30) Inst(6) Data1:
remuRedist Tags (tagWidth=16): 0, 0, 0, 0, 0, 0, 0, 0, 0, 0, 0, 0, 0, 0, 0, 0
remuRedist Forward bitvector (len=16): 0, 0, 0, 0, 0, 0, 0, 0, 0, 0, 0, 0, 0, 0, 0, 0
  PE(30) Inst(6) Data2:
remuRedist Tags (tagWidth=16): 0, 0, 0, 0, 0, 0, 0, 0, 0, 0, 0, 0, 0, 0, 0, 0
remuRedist Forward bitvector (len=16): 0, 0, 0, 0, 0, 0, 0, 0, 0, 0, 0, 0, 0, 0, 0, 0
  PE(30) Inst(6) Data3:
remuRedist Tags (tagWidth=16): 0, 0, 0, 0, 0, 0, 0, 0, 0, 0, 0, 0, 0, 0, 0, 0
remuRedist Forward bitvector (len=16): 0, 0, 0, 0, 0, 0, 0, 0, 0, 0, 0, 0, 0, 0, 0, 0
  PE(30) Inst(7) Data0:
remuRedist Tags (tagWidth=16): 0, 0, 0, 0, 0, 0, 0, 0, 0, 0, 0, 0, 0, 0, 0, 0
remuRedist Forward bitvector (len=16): 0, 0, 0, 0, 0, 0, 0, 0, 0, 0, 0, 0, 0, 0, 0, 0
  PE(30) Inst(7) Data1:
remuRedist Tags (tagWidth=16): 0, 0, 0, 0, 0, 0, 0, 0, 0, 0, 0, 0, 0, 0, 0, 0
remuRedist Forward bitvector (len=16): 0, 0, 0, 0, 0, 0, 0, 0, 0, 0, 0, 0, 0, 0, 0, 0
  PE(30) Inst(7) Data2:
remuRedist Tags (tagWidth=16): 0, 0, 0, 0, 0, 0, 0, 0, 0, 0, 0, 0, 0, 0, 0, 0
remuRedist Forward bitvector (len=16): 0, 0, 0, 0, 0, 0, 0, 0, 0, 0, 0, 0, 0, 0, 0, 0
  PE(30) Inst(7) Data3:
remuRedist Tags (tagWidth=16): 0, 0, 0, 0, 0, 0, 0, 0, 0, 0, 0, 0, 0, 0, 0, 0
remuRedist Forward bitvector (len=16): 0, 0, 0, 0, 0, 0, 0, 0, 0, 0, 0, 0, 0, 0, 0, 0
  PE(30) Inst(8) Data0:
remuRedist Tags (tagWidth=16): 0, 0, 0, 0, 0, 0, 0, 0, 0, 0, 0, 0, 0, 0, 0, 0
remuRedist Forward bitvector (len=16): 0, 0, 0, 0, 0, 0, 0, 0, 0, 0, 0, 0, 0, 0, 0, 0
  PE(30) Inst(8) Data1:
remuRedist Tags (tagWidth=16): 0, 0, 0, 0, 0, 0, 0, 0, 0, 0, 0, 0, 0, 0, 0, 0
remuRedist Forward bitvector (len=16): 0, 0, 0, 0, 0, 0, 0, 0, 0, 0, 0, 0, 0, 0, 0, 0
  PE(30) Inst(8) Data2:
remuRedist Tags (tagWidth=16): 0, 0, 0, 0, 0, 0, 0, 0, 0, 0, 0, 0, 0, 0, 0, 0
remuRedist Forward bitvector (len=16): 0, 0, 0, 0, 0, 0, 0, 0, 0, 0, 0, 0, 0, 0, 0, 0
  PE(30) Inst(8) Data3:
remuRedist Tags (tagWidth=16): 0, 0, 0, 0, 0, 0, 0, 0, 0, 0, 0, 0, 0, 0, 0, 0
remuRedist Forward bitvector (len=16): 0, 0, 0, 0, 0, 0, 0, 0, 0, 0, 0, 0, 0, 0, 0, 0
  PE(30) Inst(9) Data0:
remuRedist Tags (tagWidth=16): 0, 0, 0, 0, 0, 0, 0, 0, 0, 0, 0, 0, 0, 0, 0, 0
remuRedist Forward bitvector (len=16): 0, 0, 0, 0, 0, 0, 0, 0, 0, 0, 0, 0, 0, 0, 0, 0
  PE(30) Inst(9) Data1:
remuRedist Tags (tagWidth=16): 0, 0, 0, 0, 0, 0, 0, 0, 0, 0, 0, 0, 0, 0, 0, 0
remuRedist Forward bitvector (len=16): 0, 0, 0, 0, 0, 0, 0, 0, 0, 0, 0, 0, 0, 0, 0, 0
  PE(30) Inst(9) Data2:
remuRedist Tags (tagWidth=16): 0, 0, 0, 0, 0, 0, 0, 0, 0, 0, 0, 0, 0, 0, 0, 0
remuRedist Forward bitvector (len=16): 0, 0, 0, 0, 0, 0, 0, 0, 0, 0, 0, 0, 0, 0, 0, 0
  PE(30) Inst(9) Data3:
remuRedist Tags (tagWidth=16): 0, 0, 0, 0, 0, 0, 0, 0, 0, 0, 0, 0, 0, 0, 0, 0
remuRedist Forward bitvector (len=16): 0, 0, 0, 0, 0, 0, 0, 0, 0, 0, 0, 0, 0, 0, 0, 0
  PE(30) Inst(10) Data0:
remuRedist Tags (tagWidth=16): 0, 0, 0, 0, 0, 0, 0, 0, 0, 0, 0, 0, 0, 0, 0, 0
remuRedist Forward bitvector (len=16): 0, 0, 0, 0, 0, 0, 0, 0, 0, 0, 0, 0, 0, 0, 0, 0
  PE(30) Inst(10) Data1:
remuRedist Tags (tagWidth=16): 0, 0, 0, 0, 0, 0, 0, 0, 0, 0, 0, 0, 0, 0, 0, 0
remuRedist Forward bitvector (len=16): 0, 0, 0, 0, 0, 0, 0, 0, 0, 0, 0, 0, 0, 0, 0, 0
  PE(30) Inst(10) Data2:
remuRedist Tags (tagWidth=16): 0, 0, 0, 0, 0, 0, 0, 0, 0, 0, 0, 0, 0, 0, 0, 0
remuRedist Forward bitvector (len=16): 0, 0, 0, 0, 0, 0, 0, 0, 0, 0, 0, 0, 0, 0, 0, 0
  PE(30) Inst(10) Data3:
remuRedist Tags (tagWidth=16): 0, 0, 0, 0, 0, 0, 0, 0, 0, 0, 0, 0, 0, 0, 0, 0
remuRedist Forward bitvector (len=16): 0, 0, 0, 0, 0, 0, 0, 0, 0, 0, 0, 0, 0, 0, 0, 0
  PE(30) Inst(11) Data0:
remuRedist Tags (tagWidth=16): 0, 0, 0, 0, 0, 0, 0, 0, 0, 0, 0, 0, 0, 0, 0, 0
remuRedist Forward bitvector (len=16): 0, 0, 0, 0, 0, 0, 0, 0, 0, 0, 0, 0, 0, 0, 0, 0
  PE(30) Inst(11) Data1:
remuRedist Tags (tagWidth=16): 0, 0, 0, 0, 0, 0, 0, 0, 0, 0, 0, 0, 0, 0, 0, 0
remuRedist Forward bitvector (len=16): 0, 0, 0, 0, 0, 0, 0, 0, 0, 0, 0, 0, 0, 0, 0, 0
  PE(30) Inst(11) Data2:
remuRedist Tags (tagWidth=16): 0, 0, 0, 0, 0, 0, 0, 0, 0, 0, 0, 0, 0, 0, 0, 0
remuRedist Forward bitvector (len=16): 0, 0, 0, 0, 0, 0, 0, 0, 0, 0, 0, 0, 0, 0, 0, 0
  PE(30) Inst(11) Data3:
remuRedist Tags (tagWidth=16): 0, 0, 0, 0, 0, 0, 0, 0, 0, 0, 0, 0, 0, 0, 0, 0
remuRedist Forward bitvector (len=16): 0, 0, 0, 0, 0, 0, 0, 0, 0, 0, 0, 0, 0, 0, 0, 0
  PE(30) Inst(12) Data0:
remuRedist Tags (tagWidth=16): 0, 0, 0, 0, 0, 0, 0, 0, 0, 0, 0, 0, 0, 0, 0, 0
remuRedist Forward bitvector (len=16): 0, 0, 0, 0, 0, 0, 0, 0, 0, 0, 0, 0, 0, 0, 0, 0
  PE(30) Inst(12) Data1:
remuRedist Tags (tagWidth=16): 0, 0, 0, 0, 0, 0, 0, 0, 0, 0, 0, 0, 0, 0, 0, 0
remuRedist Forward bitvector (len=16): 0, 0, 0, 0, 0, 0, 0, 0, 0, 0, 0, 0, 0, 0, 0, 0
  PE(30) Inst(12) Data2:
remuRedist Tags (tagWidth=16): 0, 0, 0, 0, 0, 0, 0, 0, 0, 0, 0, 0, 0, 0, 0, 0
remuRedist Forward bitvector (len=16): 0, 0, 0, 0, 0, 0, 0, 0, 0, 0, 0, 0, 0, 0, 0, 0
  PE(30) Inst(12) Data3:
remuRedist Tags (tagWidth=16): 0, 0, 0, 0, 0, 0, 0, 0, 0, 0, 0, 0, 0, 0, 0, 0
remuRedist Forward bitvector (len=16): 0, 0, 0, 0, 0, 0, 0, 0, 0, 0, 0, 0, 0, 0, 0, 0
  PE(30) Inst(13) Data0:
remuRedist Tags (tagWidth=16): 0, 0, 0, 0, 0, 0, 0, 0, 0, 0, 0, 0, 0, 0, 0, 0
remuRedist Forward bitvector (len=16): 0, 0, 0, 0, 0, 0, 0, 0, 0, 0, 0, 0, 0, 0, 0, 0
  PE(30) Inst(13) Data1:
remuRedist Tags (tagWidth=16): 0, 0, 0, 0, 0, 0, 0, 0, 0, 0, 0, 0, 0, 0, 0, 0
remuRedist Forward bitvector (len=16): 0, 0, 0, 0, 0, 0, 0, 0, 0, 0, 0, 0, 0, 0, 0, 0
  PE(30) Inst(13) Data2:
remuRedist Tags (tagWidth=16): 0, 0, 0, 0, 0, 0, 0, 0, 0, 0, 0, 0, 0, 0, 0, 0
remuRedist Forward bitvector (len=16): 0, 0, 0, 0, 0, 0, 0, 0, 0, 0, 0, 0, 0, 0, 0, 0
  PE(30) Inst(13) Data3:
remuRedist Tags (tagWidth=16): 0, 0, 0, 0, 0, 0, 0, 0, 0, 0, 0, 0, 0, 0, 0, 0
remuRedist Forward bitvector (len=16): 0, 0, 0, 0, 0, 0, 0, 0, 0, 0, 0, 0, 0, 0, 0, 0
  PE(30) Inst(14) Data0:
remuRedist Tags (tagWidth=16): 0, 0, 0, 0, 0, 0, 0, 0, 0, 0, 0, 0, 0, 0, 0, 0
remuRedist Forward bitvector (len=16): 0, 0, 0, 0, 0, 0, 0, 0, 0, 0, 0, 0, 0, 0, 0, 0
  PE(30) Inst(14) Data1:
remuRedist Tags (tagWidth=16): 0, 0, 0, 0, 0, 0, 0, 0, 0, 0, 0, 0, 0, 0, 0, 0
remuRedist Forward bitvector (len=16): 0, 0, 0, 0, 0, 0, 0, 0, 0, 0, 0, 0, 0, 0, 0, 0
  PE(30) Inst(14) Data2:
remuRedist Tags (tagWidth=16): 0, 0, 0, 0, 0, 0, 0, 0, 0, 0, 0, 0, 0, 0, 0, 0
remuRedist Forward bitvector (len=16): 0, 0, 0, 0, 0, 0, 0, 0, 0, 0, 0, 0, 0, 0, 0, 0
  PE(30) Inst(14) Data3:
remuRedist Tags (tagWidth=16): 0, 0, 0, 0, 0, 0, 0, 0, 0, 0, 0, 0, 0, 0, 0, 0
remuRedist Forward bitvector (len=16): 0, 0, 0, 0, 0, 0, 0, 0, 0, 0, 0, 0, 0, 0, 0, 0
  PE(30) Inst(15) Data0:
remuRedist Tags (tagWidth=16): 0, 0, 0, 0, 0, 0, 0, 0, 0, 0, 0, 0, 0, 0, 0, 0
remuRedist Forward bitvector (len=16): 0, 0, 0, 0, 0, 0, 0, 0, 0, 0, 0, 0, 0, 0, 0, 0
  PE(30) Inst(15) Data1:
remuRedist Tags (tagWidth=16): 0, 0, 0, 0, 0, 0, 0, 0, 0, 0, 0, 0, 0, 0, 0, 0
remuRedist Forward bitvector (len=16): 0, 0, 0, 0, 0, 0, 0, 0, 0, 0, 0, 0, 0, 0, 0, 0
  PE(30) Inst(15) Data2:
remuRedist Tags (tagWidth=16): 0, 0, 0, 0, 0, 0, 0, 0, 0, 0, 0, 0, 0, 0, 0, 0
remuRedist Forward bitvector (len=16): 0, 0, 0, 0, 0, 0, 0, 0, 0, 0, 0, 0, 0, 0, 0, 0
  PE(30) Inst(15) Data3:
remuRedist Tags (tagWidth=16): 0, 0, 0, 0, 0, 0, 0, 0, 0, 0, 0, 0, 0, 0, 0, 0
remuRedist Forward bitvector (len=16): 0, 0, 0, 0, 0, 0, 0, 0, 0, 0, 0, 0, 0, 0, 0, 0
remuRedist(31):
  PE(31) Inst(0) Data0:
remuRedist Tags (tagWidth=16): 0, 0, 0, 1, 0, 1, 1, 0, 0, 0, 0, 0, 0, 0, 0, 0
remuRedist Forward bitvector (len=16): 0, 0, 0, 1, 0, 0, 0, 0, 0, 0, 0, 0, 0, 0, 0, 0
  PE(31) Inst(0) Data1:
remuRedist Tags (tagWidth=16): 0, 0, 0, 1, 0, 1, 1, 0, 0, 0, 0, 0, 0, 0, 0, 0
remuRedist Forward bitvector (len=16): 1, 1, 1, 0, 0, 0, 0, 0, 0, 0, 0, 0, 0, 0, 0, 0
  PE(31) Inst(0) Data2:
remuRedist Tags (tagWidth=16): 1, 1, 1, 1, 1, 0, 1, 0, 0, 0, 0, 0, 0, 0, 0, 0
remuRedist Forward bitvector (len=16): 0, 0, 0, 1, 0, 0, 0, 0, 0, 0, 0, 0, 0, 0, 0, 0
  PE(31) Inst(0) Data3:
remuRedist Tags (tagWidth=16): 0, 0, 0, 0, 0, 0, 0, 0, 0, 0, 0, 0, 0, 0, 0, 0
remuRedist Forward bitvector (len=16): 0, 0, 0, 0, 0, 0, 0, 0, 0, 0, 0, 0, 0, 0, 0, 0
  PE(31) Inst(1) Data0:
remuRedist Tags (tagWidth=16): 0, 0, 0, 0, 0, 0, 0, 0, 0, 0, 0, 0, 0, 0, 0, 0
remuRedist Forward bitvector (len=16): 0, 0, 0, 0, 0, 0, 0, 0, 0, 0, 0, 0, 0, 0, 0, 0
  PE(31) Inst(1) Data1:
remuRedist Tags (tagWidth=16): 1, 0, 1, 1, 0, 1, 0, 0, 0, 0, 0, 0, 0, 0, 0, 0
remuRedist Forward bitvector (len=16): 0, 0, 0, 1, 0, 0, 0, 0, 0, 0, 0, 0, 0, 0, 0, 0
  PE(31) Inst(1) Data2:
remuRedist Tags (tagWidth=16): 0, 0, 0, 0, 0, 0, 0, 0, 0, 0, 0, 0, 0, 0, 0, 0
remuRedist Forward bitvector (len=16): 0, 0, 0, 0, 0, 0, 0, 0, 0, 0, 0, 0, 0, 0, 0, 0
  PE(31) Inst(1) Data3:
remuRedist Tags (tagWidth=16): 0, 0, 0, 0, 0, 0, 0, 0, 0, 0, 0, 0, 0, 0, 0, 0
remuRedist Forward bitvector (len=16): 0, 0, 0, 0, 0, 0, 0, 0, 0, 0, 0, 0, 0, 0, 0, 0
  PE(31) Inst(2) Data0:
remuRedist Tags (tagWidth=16): 0, 0, 0, 0, 0, 0, 0, 0, 0, 0, 0, 0, 0, 0, 0, 0
remuRedist Forward bitvector (len=16): 0, 0, 0, 0, 0, 0, 0, 0, 0, 0, 0, 0, 0, 0, 0, 0
  PE(31) Inst(2) Data1:
remuRedist Tags (tagWidth=16): 0, 0, 0, 0, 0, 0, 0, 0, 0, 0, 0, 0, 0, 0, 0, 0
remuRedist Forward bitvector (len=16): 0, 0, 0, 0, 0, 0, 0, 0, 0, 0, 0, 0, 0, 0, 0, 0
  PE(31) Inst(2) Data2:
remuRedist Tags (tagWidth=16): 0, 0, 0, 0, 0, 0, 0, 0, 0, 0, 0, 0, 0, 0, 0, 0
remuRedist Forward bitvector (len=16): 0, 0, 0, 0, 0, 0, 0, 0, 0, 0, 0, 0, 0, 0, 0, 0
  PE(31) Inst(2) Data3:
remuRedist Tags (tagWidth=16): 0, 0, 0, 0, 0, 0, 0, 0, 0, 0, 0, 0, 0, 0, 0, 0
remuRedist Forward bitvector (len=16): 0, 0, 0, 0, 0, 0, 0, 0, 0, 0, 0, 0, 0, 0, 0, 0
  PE(31) Inst(3) Data0:
remuRedist Tags (tagWidth=16): 0, 0, 0, 0, 0, 0, 0, 0, 0, 0, 0, 0, 0, 0, 0, 0
remuRedist Forward bitvector (len=16): 0, 0, 0, 0, 0, 0, 0, 0, 0, 0, 0, 0, 0, 0, 0, 0
  PE(31) Inst(3) Data1:
remuRedist Tags (tagWidth=16): 0, 0, 0, 0, 0, 0, 0, 0, 0, 0, 0, 0, 0, 0, 0, 0
remuRedist Forward bitvector (len=16): 0, 0, 0, 0, 0, 0, 0, 0, 0, 0, 0, 0, 0, 0, 0, 0
  PE(31) Inst(3) Data2:
remuRedist Tags (tagWidth=16): 0, 0, 0, 0, 0, 0, 0, 0, 0, 0, 0, 0, 0, 0, 0, 0
remuRedist Forward bitvector (len=16): 0, 0, 0, 0, 0, 0, 0, 0, 0, 0, 0, 0, 0, 0, 0, 0
  PE(31) Inst(3) Data3:
remuRedist Tags (tagWidth=16): 0, 0, 0, 0, 0, 0, 0, 0, 0, 0, 0, 0, 0, 0, 0, 0
remuRedist Forward bitvector (len=16): 0, 0, 0, 0, 0, 0, 0, 0, 0, 0, 0, 0, 0, 0, 0, 0
  PE(31) Inst(4) Data0:
remuRedist Tags (tagWidth=16): 0, 0, 0, 0, 0, 0, 0, 0, 0, 0, 0, 0, 0, 0, 0, 0
remuRedist Forward bitvector (len=16): 0, 0, 0, 0, 0, 0, 0, 0, 0, 0, 0, 0, 0, 0, 0, 0
  PE(31) Inst(4) Data1:
remuRedist Tags (tagWidth=16): 0, 0, 0, 0, 0, 0, 0, 0, 0, 0, 0, 0, 0, 0, 0, 0
remuRedist Forward bitvector (len=16): 0, 0, 0, 0, 0, 0, 0, 0, 0, 0, 0, 0, 0, 0, 0, 0
  PE(31) Inst(4) Data2:
remuRedist Tags (tagWidth=16): 0, 0, 0, 0, 0, 0, 0, 0, 0, 0, 0, 0, 0, 0, 0, 0
remuRedist Forward bitvector (len=16): 0, 0, 0, 0, 0, 0, 0, 0, 0, 0, 0, 0, 0, 0, 0, 0
  PE(31) Inst(4) Data3:
remuRedist Tags (tagWidth=16): 0, 0, 0, 0, 0, 0, 0, 0, 0, 0, 0, 0, 0, 0, 0, 0
remuRedist Forward bitvector (len=16): 0, 0, 0, 0, 0, 0, 0, 0, 0, 0, 0, 0, 0, 0, 0, 0
  PE(31) Inst(5) Data0:
remuRedist Tags (tagWidth=16): 0, 0, 0, 0, 0, 0, 0, 0, 0, 0, 0, 0, 0, 0, 0, 0
remuRedist Forward bitvector (len=16): 0, 0, 0, 0, 0, 0, 0, 0, 0, 0, 0, 0, 0, 0, 0, 0
  PE(31) Inst(5) Data1:
remuRedist Tags (tagWidth=16): 0, 0, 0, 0, 0, 0, 0, 0, 0, 0, 0, 0, 0, 0, 0, 0
remuRedist Forward bitvector (len=16): 0, 0, 0, 0, 0, 0, 0, 0, 0, 0, 0, 0, 0, 0, 0, 0
  PE(31) Inst(5) Data2:
remuRedist Tags (tagWidth=16): 0, 0, 0, 0, 0, 0, 0, 0, 0, 0, 0, 0, 0, 0, 0, 0
remuRedist Forward bitvector (len=16): 0, 0, 0, 0, 0, 0, 0, 0, 0, 0, 0, 0, 0, 0, 0, 0
  PE(31) Inst(5) Data3:
remuRedist Tags (tagWidth=16): 0, 0, 0, 0, 0, 0, 0, 0, 0, 0, 0, 0, 0, 0, 0, 0
remuRedist Forward bitvector (len=16): 0, 0, 0, 0, 0, 0, 0, 0, 0, 0, 0, 0, 0, 0, 0, 0
  PE(31) Inst(6) Data0:
remuRedist Tags (tagWidth=16): 0, 0, 0, 0, 0, 0, 0, 0, 0, 0, 0, 0, 0, 0, 0, 0
remuRedist Forward bitvector (len=16): 0, 0, 0, 0, 0, 0, 0, 0, 0, 0, 0, 0, 0, 0, 0, 0
  PE(31) Inst(6) Data1:
remuRedist Tags (tagWidth=16): 0, 0, 0, 0, 0, 0, 0, 0, 0, 0, 0, 0, 0, 0, 0, 0
remuRedist Forward bitvector (len=16): 0, 0, 0, 0, 0, 0, 0, 0, 0, 0, 0, 0, 0, 0, 0, 0
  PE(31) Inst(6) Data2:
remuRedist Tags (tagWidth=16): 0, 0, 0, 0, 0, 0, 0, 0, 0, 0, 0, 0, 0, 0, 0, 0
remuRedist Forward bitvector (len=16): 0, 0, 0, 0, 0, 0, 0, 0, 0, 0, 0, 0, 0, 0, 0, 0
  PE(31) Inst(6) Data3:
remuRedist Tags (tagWidth=16): 0, 0, 0, 0, 0, 0, 0, 0, 0, 0, 0, 0, 0, 0, 0, 0
remuRedist Forward bitvector (len=16): 0, 0, 0, 0, 0, 0, 0, 0, 0, 0, 0, 0, 0, 0, 0, 0
  PE(31) Inst(7) Data0:
remuRedist Tags (tagWidth=16): 0, 0, 0, 0, 0, 0, 0, 0, 0, 0, 0, 0, 0, 0, 0, 0
remuRedist Forward bitvector (len=16): 0, 0, 0, 0, 0, 0, 0, 0, 0, 0, 0, 0, 0, 0, 0, 0
  PE(31) Inst(7) Data1:
remuRedist Tags (tagWidth=16): 0, 0, 0, 0, 0, 0, 0, 0, 0, 0, 0, 0, 0, 0, 0, 0
remuRedist Forward bitvector (len=16): 0, 0, 0, 0, 0, 0, 0, 0, 0, 0, 0, 0, 0, 0, 0, 0
  PE(31) Inst(7) Data2:
remuRedist Tags (tagWidth=16): 0, 0, 0, 0, 0, 0, 0, 0, 0, 0, 0, 0, 0, 0, 0, 0
remuRedist Forward bitvector (len=16): 0, 0, 0, 0, 0, 0, 0, 0, 0, 0, 0, 0, 0, 0, 0, 0
  PE(31) Inst(7) Data3:
remuRedist Tags (tagWidth=16): 0, 0, 0, 0, 0, 0, 0, 0, 0, 0, 0, 0, 0, 0, 0, 0
remuRedist Forward bitvector (len=16): 0, 0, 0, 0, 0, 0, 0, 0, 0, 0, 0, 0, 0, 0, 0, 0
  PE(31) Inst(8) Data0:
remuRedist Tags (tagWidth=16): 0, 0, 0, 0, 0, 0, 0, 0, 0, 0, 0, 0, 0, 0, 0, 0
remuRedist Forward bitvector (len=16): 0, 0, 0, 0, 0, 0, 0, 0, 0, 0, 0, 0, 0, 0, 0, 0
  PE(31) Inst(8) Data1:
remuRedist Tags (tagWidth=16): 0, 0, 0, 0, 0, 0, 0, 0, 0, 0, 0, 0, 0, 0, 0, 0
remuRedist Forward bitvector (len=16): 0, 0, 0, 0, 0, 0, 0, 0, 0, 0, 0, 0, 0, 0, 0, 0
  PE(31) Inst(8) Data2:
remuRedist Tags (tagWidth=16): 0, 0, 0, 0, 0, 0, 0, 0, 0, 0, 0, 0, 0, 0, 0, 0
remuRedist Forward bitvector (len=16): 0, 0, 0, 0, 0, 0, 0, 0, 0, 0, 0, 0, 0, 0, 0, 0
  PE(31) Inst(8) Data3:
remuRedist Tags (tagWidth=16): 0, 0, 0, 0, 0, 0, 0, 0, 0, 0, 0, 0, 0, 0, 0, 0
remuRedist Forward bitvector (len=16): 0, 0, 0, 0, 0, 0, 0, 0, 0, 0, 0, 0, 0, 0, 0, 0
  PE(31) Inst(9) Data0:
remuRedist Tags (tagWidth=16): 0, 0, 0, 0, 0, 0, 0, 0, 0, 0, 0, 0, 0, 0, 0, 0
remuRedist Forward bitvector (len=16): 0, 0, 0, 0, 0, 0, 0, 0, 0, 0, 0, 0, 0, 0, 0, 0
  PE(31) Inst(9) Data1:
remuRedist Tags (tagWidth=16): 0, 0, 0, 0, 0, 0, 0, 0, 0, 0, 0, 0, 0, 0, 0, 0
remuRedist Forward bitvector (len=16): 0, 0, 0, 0, 0, 0, 0, 0, 0, 0, 0, 0, 0, 0, 0, 0
  PE(31) Inst(9) Data2:
remuRedist Tags (tagWidth=16): 0, 0, 0, 0, 0, 0, 0, 0, 0, 0, 0, 0, 0, 0, 0, 0
remuRedist Forward bitvector (len=16): 0, 0, 0, 0, 0, 0, 0, 0, 0, 0, 0, 0, 0, 0, 0, 0
  PE(31) Inst(9) Data3:
remuRedist Tags (tagWidth=16): 0, 0, 0, 0, 0, 0, 0, 0, 0, 0, 0, 0, 0, 0, 0, 0
remuRedist Forward bitvector (len=16): 0, 0, 0, 0, 0, 0, 0, 0, 0, 0, 0, 0, 0, 0, 0, 0
  PE(31) Inst(10) Data0:
remuRedist Tags (tagWidth=16): 0, 0, 0, 0, 0, 0, 0, 0, 0, 0, 0, 0, 0, 0, 0, 0
remuRedist Forward bitvector (len=16): 0, 0, 0, 0, 0, 0, 0, 0, 0, 0, 0, 0, 0, 0, 0, 0
  PE(31) Inst(10) Data1:
remuRedist Tags (tagWidth=16): 0, 0, 0, 0, 0, 0, 0, 0, 0, 0, 0, 0, 0, 0, 0, 0
remuRedist Forward bitvector (len=16): 0, 0, 0, 0, 0, 0, 0, 0, 0, 0, 0, 0, 0, 0, 0, 0
  PE(31) Inst(10) Data2:
remuRedist Tags (tagWidth=16): 0, 0, 0, 0, 0, 0, 0, 0, 0, 0, 0, 0, 0, 0, 0, 0
remuRedist Forward bitvector (len=16): 0, 0, 0, 0, 0, 0, 0, 0, 0, 0, 0, 0, 0, 0, 0, 0
  PE(31) Inst(10) Data3:
remuRedist Tags (tagWidth=16): 0, 0, 0, 0, 0, 0, 0, 0, 0, 0, 0, 0, 0, 0, 0, 0
remuRedist Forward bitvector (len=16): 0, 0, 0, 0, 0, 0, 0, 0, 0, 0, 0, 0, 0, 0, 0, 0
  PE(31) Inst(11) Data0:
remuRedist Tags (tagWidth=16): 0, 0, 0, 0, 0, 0, 0, 0, 0, 0, 0, 0, 0, 0, 0, 0
remuRedist Forward bitvector (len=16): 0, 0, 0, 0, 0, 0, 0, 0, 0, 0, 0, 0, 0, 0, 0, 0
  PE(31) Inst(11) Data1:
remuRedist Tags (tagWidth=16): 0, 0, 0, 0, 0, 0, 0, 0, 0, 0, 0, 0, 0, 0, 0, 0
remuRedist Forward bitvector (len=16): 0, 0, 0, 0, 0, 0, 0, 0, 0, 0, 0, 0, 0, 0, 0, 0
  PE(31) Inst(11) Data2:
remuRedist Tags (tagWidth=16): 0, 0, 0, 0, 0, 0, 0, 0, 0, 0, 0, 0, 0, 0, 0, 0
remuRedist Forward bitvector (len=16): 0, 0, 0, 0, 0, 0, 0, 0, 0, 0, 0, 0, 0, 0, 0, 0
  PE(31) Inst(11) Data3:
remuRedist Tags (tagWidth=16): 0, 0, 0, 0, 0, 0, 0, 0, 0, 0, 0, 0, 0, 0, 0, 0
remuRedist Forward bitvector (len=16): 0, 0, 0, 0, 0, 0, 0, 0, 0, 0, 0, 0, 0, 0, 0, 0
  PE(31) Inst(12) Data0:
remuRedist Tags (tagWidth=16): 0, 0, 0, 0, 0, 0, 0, 0, 0, 0, 0, 0, 0, 0, 0, 0
remuRedist Forward bitvector (len=16): 0, 0, 0, 0, 0, 0, 0, 0, 0, 0, 0, 0, 0, 0, 0, 0
  PE(31) Inst(12) Data1:
remuRedist Tags (tagWidth=16): 0, 0, 0, 0, 0, 0, 0, 0, 0, 0, 0, 0, 0, 0, 0, 0
remuRedist Forward bitvector (len=16): 0, 0, 0, 0, 0, 0, 0, 0, 0, 0, 0, 0, 0, 0, 0, 0
  PE(31) Inst(12) Data2:
remuRedist Tags (tagWidth=16): 0, 0, 0, 0, 0, 0, 0, 0, 0, 0, 0, 0, 0, 0, 0, 0
remuRedist Forward bitvector (len=16): 0, 0, 0, 0, 0, 0, 0, 0, 0, 0, 0, 0, 0, 0, 0, 0
  PE(31) Inst(12) Data3:
remuRedist Tags (tagWidth=16): 0, 0, 0, 0, 0, 0, 0, 0, 0, 0, 0, 0, 0, 0, 0, 0
remuRedist Forward bitvector (len=16): 0, 0, 0, 0, 0, 0, 0, 0, 0, 0, 0, 0, 0, 0, 0, 0
  PE(31) Inst(13) Data0:
remuRedist Tags (tagWidth=16): 0, 0, 0, 0, 0, 0, 0, 0, 0, 0, 0, 0, 0, 0, 0, 0
remuRedist Forward bitvector (len=16): 0, 0, 0, 0, 0, 0, 0, 0, 0, 0, 0, 0, 0, 0, 0, 0
  PE(31) Inst(13) Data1:
remuRedist Tags (tagWidth=16): 0, 0, 0, 0, 0, 0, 0, 0, 0, 0, 0, 0, 0, 0, 0, 0
remuRedist Forward bitvector (len=16): 0, 0, 0, 0, 0, 0, 0, 0, 0, 0, 0, 0, 0, 0, 0, 0
  PE(31) Inst(13) Data2:
remuRedist Tags (tagWidth=16): 0, 0, 0, 0, 0, 0, 0, 0, 0, 0, 0, 0, 0, 0, 0, 0
remuRedist Forward bitvector (len=16): 0, 0, 0, 0, 0, 0, 0, 0, 0, 0, 0, 0, 0, 0, 0, 0
  PE(31) Inst(13) Data3:
remuRedist Tags (tagWidth=16): 0, 0, 0, 0, 0, 0, 0, 0, 0, 0, 0, 0, 0, 0, 0, 0
remuRedist Forward bitvector (len=16): 0, 0, 0, 0, 0, 0, 0, 0, 0, 0, 0, 0, 0, 0, 0, 0
  PE(31) Inst(14) Data0:
remuRedist Tags (tagWidth=16): 0, 0, 0, 0, 0, 0, 0, 0, 0, 0, 0, 0, 0, 0, 0, 0
remuRedist Forward bitvector (len=16): 0, 0, 0, 0, 0, 0, 0, 0, 0, 0, 0, 0, 0, 0, 0, 0
  PE(31) Inst(14) Data1:
remuRedist Tags (tagWidth=16): 0, 0, 0, 0, 0, 0, 0, 0, 0, 0, 0, 0, 0, 0, 0, 0
remuRedist Forward bitvector (len=16): 0, 0, 0, 0, 0, 0, 0, 0, 0, 0, 0, 0, 0, 0, 0, 0
  PE(31) Inst(14) Data2:
remuRedist Tags (tagWidth=16): 0, 0, 0, 0, 0, 0, 0, 0, 0, 0, 0, 0, 0, 0, 0, 0
remuRedist Forward bitvector (len=16): 0, 0, 0, 0, 0, 0, 0, 0, 0, 0, 0, 0, 0, 0, 0, 0
  PE(31) Inst(14) Data3:
remuRedist Tags (tagWidth=16): 0, 0, 0, 0, 0, 0, 0, 0, 0, 0, 0, 0, 0, 0, 0, 0
remuRedist Forward bitvector (len=16): 0, 0, 0, 0, 0, 0, 0, 0, 0, 0, 0, 0, 0, 0, 0, 0
  PE(31) Inst(15) Data0:
remuRedist Tags (tagWidth=16): 0, 0, 0, 0, 0, 0, 0, 0, 0, 0, 0, 0, 0, 0, 0, 0
remuRedist Forward bitvector (len=16): 0, 0, 0, 0, 0, 0, 0, 0, 0, 0, 0, 0, 0, 0, 0, 0
  PE(31) Inst(15) Data1:
remuRedist Tags (tagWidth=16): 0, 0, 0, 0, 0, 0, 0, 0, 0, 0, 0, 0, 0, 0, 0, 0
remuRedist Forward bitvector (len=16): 0, 0, 0, 0, 0, 0, 0, 0, 0, 0, 0, 0, 0, 0, 0, 0
  PE(31) Inst(15) Data2:
remuRedist Tags (tagWidth=16): 0, 0, 0, 0, 0, 0, 0, 0, 0, 0, 0, 0, 0, 0, 0, 0
remuRedist Forward bitvector (len=16): 0, 0, 0, 0, 0, 0, 0, 0, 0, 0, 0, 0, 0, 0, 0, 0
  PE(31) Inst(15) Data3:
remuRedist Tags (tagWidth=16): 0, 0, 0, 0, 0, 0, 0, 0, 0, 0, 0, 0, 0, 0, 0, 0
remuRedist Forward bitvector (len=16): 0, 0, 0, 0, 0, 0, 0, 0, 0, 0, 0, 0, 0, 0, 0, 0
remuRedist(32):
  PE(32) Inst(0) Data0:
remuRedist Tags (tagWidth=16): 0, 1, 0, 0, 0, 0, 0, 0, 0, 0, 0, 0, 0, 0, 0, 0
remuRedist Forward bitvector (len=16): 1, 0, 0, 0, 0, 0, 0, 0, 0, 0, 0, 0, 0, 0, 0, 0
  PE(32) Inst(0) Data1:
remuRedist Tags (tagWidth=16): 0, 1, 0, 1, 0, 0, 0, 0, 0, 0, 0, 0, 0, 0, 0, 0
remuRedist Forward bitvector (len=16): 1, 0, 0, 0, 0, 0, 0, 0, 0, 0, 0, 0, 0, 0, 0, 0
  PE(32) Inst(0) Data2:
remuRedist Tags (tagWidth=16): 0, 0, 1, 1, 1, 0, 1, 0, 0, 0, 0, 0, 0, 0, 0, 0
remuRedist Forward bitvector (len=16): 1, 1, 0, 0, 0, 0, 0, 0, 0, 0, 0, 0, 0, 0, 0, 0
  PE(32) Inst(0) Data3:
remuRedist Tags (tagWidth=16): 0, 0, 0, 0, 0, 0, 0, 0, 0, 0, 0, 0, 0, 0, 0, 0
remuRedist Forward bitvector (len=16): 0, 0, 0, 0, 0, 0, 0, 0, 0, 0, 0, 0, 0, 0, 0, 0
  PE(32) Inst(1) Data0:
remuRedist Tags (tagWidth=16): 1, 0, 0, 0, 0, 0, 0, 0, 0, 0, 0, 0, 0, 0, 0, 0
remuRedist Forward bitvector (len=16): 0, 1, 0, 0, 0, 0, 0, 0, 0, 0, 0, 0, 0, 0, 0, 0
  PE(32) Inst(1) Data1:
remuRedist Tags (tagWidth=16): 1, 1, 0, 1, 0, 0, 0, 0, 0, 0, 0, 0, 0, 0, 0, 0
remuRedist Forward bitvector (len=16): 0, 1, 0, 0, 0, 0, 0, 0, 0, 0, 0, 0, 0, 0, 0, 0
  PE(32) Inst(1) Data2:
remuRedist Tags (tagWidth=16): 0, 0, 0, 0, 0, 0, 0, 0, 0, 0, 0, 0, 0, 0, 0, 0
remuRedist Forward bitvector (len=16): 0, 0, 0, 0, 0, 0, 0, 0, 0, 0, 0, 0, 0, 0, 0, 0
  PE(32) Inst(1) Data3:
remuRedist Tags (tagWidth=16): 0, 0, 0, 0, 0, 0, 0, 0, 0, 0, 0, 0, 0, 0, 0, 0
remuRedist Forward bitvector (len=16): 0, 0, 0, 0, 0, 0, 0, 0, 0, 0, 0, 0, 0, 0, 0, 0
  PE(32) Inst(2) Data0:
remuRedist Tags (tagWidth=16): 1, 1, 0, 1, 1, 0, 0, 0, 0, 0, 0, 0, 0, 0, 0, 0
remuRedist Forward bitvector (len=16): 0, 0, 1, 0, 0, 0, 0, 0, 0, 0, 0, 0, 0, 0, 0, 0
  PE(32) Inst(2) Data1:
remuRedist Tags (tagWidth=16): 1, 1, 0, 1, 0, 0, 1, 0, 0, 0, 0, 0, 0, 0, 0, 0
remuRedist Forward bitvector (len=16): 0, 0, 0, 0, 1, 1, 0, 0, 0, 0, 0, 0, 0, 0, 0, 0
  PE(32) Inst(2) Data2:
remuRedist Tags (tagWidth=16): 0, 0, 0, 0, 0, 0, 0, 0, 0, 0, 0, 0, 0, 0, 0, 0
remuRedist Forward bitvector (len=16): 0, 0, 0, 0, 0, 0, 0, 0, 0, 0, 0, 0, 0, 0, 0, 0
  PE(32) Inst(2) Data3:
remuRedist Tags (tagWidth=16): 0, 0, 0, 0, 0, 0, 0, 0, 0, 0, 0, 0, 0, 0, 0, 0
remuRedist Forward bitvector (len=16): 0, 0, 0, 0, 0, 0, 0, 0, 0, 0, 0, 0, 0, 0, 0, 0
  PE(32) Inst(3) Data0:
remuRedist Tags (tagWidth=16): 0, 1, 0, 1, 0, 0, 1, 0, 0, 0, 0, 0, 0, 0, 0, 0
remuRedist Forward bitvector (len=16): 0, 0, 0, 1, 0, 0, 0, 0, 0, 0, 0, 0, 0, 0, 0, 0
  PE(32) Inst(3) Data1:
remuRedist Tags (tagWidth=16): 0, 0, 0, 0, 0, 0, 0, 0, 0, 0, 0, 0, 0, 0, 0, 0
remuRedist Forward bitvector (len=16): 0, 0, 0, 0, 0, 0, 0, 0, 0, 0, 0, 0, 0, 0, 0, 0
  PE(32) Inst(3) Data2:
remuRedist Tags (tagWidth=16): 0, 0, 0, 0, 0, 0, 0, 0, 0, 0, 0, 0, 0, 0, 0, 0
remuRedist Forward bitvector (len=16): 0, 0, 0, 0, 0, 0, 0, 0, 0, 0, 0, 0, 0, 0, 0, 0
  PE(32) Inst(3) Data3:
remuRedist Tags (tagWidth=16): 0, 0, 0, 0, 0, 0, 0, 0, 0, 0, 0, 0, 0, 0, 0, 0
remuRedist Forward bitvector (len=16): 0, 0, 0, 0, 0, 0, 0, 0, 0, 0, 0, 0, 0, 0, 0, 0
  PE(32) Inst(4) Data0:
remuRedist Tags (tagWidth=16): 0, 0, 0, 0, 0, 0, 1, 0, 0, 0, 0, 0, 0, 0, 0, 0
remuRedist Forward bitvector (len=16): 0, 0, 0, 0, 1, 0, 0, 0, 0, 0, 0, 0, 0, 0, 0, 0
  PE(32) Inst(4) Data1:
remuRedist Tags (tagWidth=16): 0, 0, 0, 0, 0, 0, 0, 0, 0, 0, 0, 0, 0, 0, 0, 0
remuRedist Forward bitvector (len=16): 0, 0, 0, 0, 0, 0, 0, 0, 0, 0, 0, 0, 0, 0, 0, 0
  PE(32) Inst(4) Data2:
remuRedist Tags (tagWidth=16): 0, 0, 0, 0, 0, 0, 0, 0, 0, 0, 0, 0, 0, 0, 0, 0
remuRedist Forward bitvector (len=16): 0, 0, 0, 0, 0, 0, 0, 0, 0, 0, 0, 0, 0, 0, 0, 0
  PE(32) Inst(4) Data3:
remuRedist Tags (tagWidth=16): 0, 0, 0, 0, 0, 0, 0, 0, 0, 0, 0, 0, 0, 0, 0, 0
remuRedist Forward bitvector (len=16): 0, 0, 0, 0, 0, 0, 0, 0, 0, 0, 0, 0, 0, 0, 0, 0
  PE(32) Inst(5) Data0:
remuRedist Tags (tagWidth=16): 0, 0, 1, 0, 0, 0, 1, 0, 0, 0, 0, 0, 0, 0, 0, 0
remuRedist Forward bitvector (len=16): 0, 0, 0, 0, 0, 1, 0, 0, 0, 0, 0, 0, 0, 0, 0, 0
  PE(32) Inst(5) Data1:
remuRedist Tags (tagWidth=16): 0, 0, 0, 0, 0, 0, 0, 0, 0, 0, 0, 0, 0, 0, 0, 0
remuRedist Forward bitvector (len=16): 0, 0, 0, 0, 0, 0, 0, 0, 0, 0, 0, 0, 0, 0, 0, 0
  PE(32) Inst(5) Data2:
remuRedist Tags (tagWidth=16): 0, 0, 0, 0, 0, 0, 0, 0, 0, 0, 0, 0, 0, 0, 0, 0
remuRedist Forward bitvector (len=16): 0, 0, 0, 0, 0, 0, 0, 0, 0, 0, 0, 0, 0, 0, 0, 0
  PE(32) Inst(5) Data3:
remuRedist Tags (tagWidth=16): 0, 0, 0, 0, 0, 0, 0, 0, 0, 0, 0, 0, 0, 0, 0, 0
remuRedist Forward bitvector (len=16): 0, 0, 0, 0, 0, 0, 0, 0, 0, 0, 0, 0, 0, 0, 0, 0
  PE(32) Inst(6) Data0:
remuRedist Tags (tagWidth=16): 0, 0, 0, 0, 0, 0, 0, 0, 0, 0, 0, 0, 0, 0, 0, 0
remuRedist Forward bitvector (len=16): 0, 0, 0, 0, 0, 0, 0, 0, 0, 0, 0, 0, 0, 0, 0, 0
  PE(32) Inst(6) Data1:
remuRedist Tags (tagWidth=16): 0, 0, 0, 0, 0, 0, 0, 0, 0, 0, 0, 0, 0, 0, 0, 0
remuRedist Forward bitvector (len=16): 0, 0, 0, 0, 0, 0, 0, 0, 0, 0, 0, 0, 0, 0, 0, 0
  PE(32) Inst(6) Data2:
remuRedist Tags (tagWidth=16): 0, 0, 0, 0, 0, 0, 0, 0, 0, 0, 0, 0, 0, 0, 0, 0
remuRedist Forward bitvector (len=16): 0, 0, 0, 0, 0, 0, 0, 0, 0, 0, 0, 0, 0, 0, 0, 0
  PE(32) Inst(6) Data3:
remuRedist Tags (tagWidth=16): 0, 0, 0, 0, 0, 0, 0, 0, 0, 0, 0, 0, 0, 0, 0, 0
remuRedist Forward bitvector (len=16): 0, 0, 0, 0, 0, 0, 0, 0, 0, 0, 0, 0, 0, 0, 0, 0
  PE(32) Inst(7) Data0:
remuRedist Tags (tagWidth=16): 0, 0, 0, 0, 0, 0, 0, 0, 0, 0, 0, 0, 0, 0, 0, 0
remuRedist Forward bitvector (len=16): 0, 0, 0, 0, 0, 0, 0, 0, 0, 0, 0, 0, 0, 0, 0, 0
  PE(32) Inst(7) Data1:
remuRedist Tags (tagWidth=16): 0, 0, 0, 0, 0, 0, 0, 0, 0, 0, 0, 0, 0, 0, 0, 0
remuRedist Forward bitvector (len=16): 0, 0, 0, 0, 0, 0, 0, 0, 0, 0, 0, 0, 0, 0, 0, 0
  PE(32) Inst(7) Data2:
remuRedist Tags (tagWidth=16): 0, 0, 0, 0, 0, 0, 0, 0, 0, 0, 0, 0, 0, 0, 0, 0
remuRedist Forward bitvector (len=16): 0, 0, 0, 0, 0, 0, 0, 0, 0, 0, 0, 0, 0, 0, 0, 0
  PE(32) Inst(7) Data3:
remuRedist Tags (tagWidth=16): 0, 0, 0, 0, 0, 0, 0, 0, 0, 0, 0, 0, 0, 0, 0, 0
remuRedist Forward bitvector (len=16): 0, 0, 0, 0, 0, 0, 0, 0, 0, 0, 0, 0, 0, 0, 0, 0
  PE(32) Inst(8) Data0:
remuRedist Tags (tagWidth=16): 0, 0, 0, 0, 0, 0, 0, 0, 0, 0, 0, 0, 0, 0, 0, 0
remuRedist Forward bitvector (len=16): 0, 0, 0, 0, 0, 0, 0, 0, 0, 0, 0, 0, 0, 0, 0, 0
  PE(32) Inst(8) Data1:
remuRedist Tags (tagWidth=16): 0, 0, 0, 0, 0, 0, 0, 0, 0, 0, 0, 0, 0, 0, 0, 0
remuRedist Forward bitvector (len=16): 0, 0, 0, 0, 0, 0, 0, 0, 0, 0, 0, 0, 0, 0, 0, 0
  PE(32) Inst(8) Data2:
remuRedist Tags (tagWidth=16): 0, 0, 0, 0, 0, 0, 0, 0, 0, 0, 0, 0, 0, 0, 0, 0
remuRedist Forward bitvector (len=16): 0, 0, 0, 0, 0, 0, 0, 0, 0, 0, 0, 0, 0, 0, 0, 0
  PE(32) Inst(8) Data3:
remuRedist Tags (tagWidth=16): 0, 0, 0, 0, 0, 0, 0, 0, 0, 0, 0, 0, 0, 0, 0, 0
remuRedist Forward bitvector (len=16): 0, 0, 0, 0, 0, 0, 0, 0, 0, 0, 0, 0, 0, 0, 0, 0
  PE(32) Inst(9) Data0:
remuRedist Tags (tagWidth=16): 0, 0, 0, 0, 0, 0, 0, 0, 0, 0, 0, 0, 0, 0, 0, 0
remuRedist Forward bitvector (len=16): 0, 0, 0, 0, 0, 0, 0, 0, 0, 0, 0, 0, 0, 0, 0, 0
  PE(32) Inst(9) Data1:
remuRedist Tags (tagWidth=16): 0, 0, 0, 0, 0, 0, 0, 0, 0, 0, 0, 0, 0, 0, 0, 0
remuRedist Forward bitvector (len=16): 0, 0, 0, 0, 0, 0, 0, 0, 0, 0, 0, 0, 0, 0, 0, 0
  PE(32) Inst(9) Data2:
remuRedist Tags (tagWidth=16): 0, 0, 0, 0, 0, 0, 0, 0, 0, 0, 0, 0, 0, 0, 0, 0
remuRedist Forward bitvector (len=16): 0, 0, 0, 0, 0, 0, 0, 0, 0, 0, 0, 0, 0, 0, 0, 0
  PE(32) Inst(9) Data3:
remuRedist Tags (tagWidth=16): 0, 0, 0, 0, 0, 0, 0, 0, 0, 0, 0, 0, 0, 0, 0, 0
remuRedist Forward bitvector (len=16): 0, 0, 0, 0, 0, 0, 0, 0, 0, 0, 0, 0, 0, 0, 0, 0
  PE(32) Inst(10) Data0:
remuRedist Tags (tagWidth=16): 0, 0, 0, 0, 0, 0, 0, 0, 0, 0, 0, 0, 0, 0, 0, 0
remuRedist Forward bitvector (len=16): 0, 0, 0, 0, 0, 0, 0, 0, 0, 0, 0, 0, 0, 0, 0, 0
  PE(32) Inst(10) Data1:
remuRedist Tags (tagWidth=16): 0, 0, 0, 0, 0, 0, 0, 0, 0, 0, 0, 0, 0, 0, 0, 0
remuRedist Forward bitvector (len=16): 0, 0, 0, 0, 0, 0, 0, 0, 0, 0, 0, 0, 0, 0, 0, 0
  PE(32) Inst(10) Data2:
remuRedist Tags (tagWidth=16): 0, 0, 0, 0, 0, 0, 0, 0, 0, 0, 0, 0, 0, 0, 0, 0
remuRedist Forward bitvector (len=16): 0, 0, 0, 0, 0, 0, 0, 0, 0, 0, 0, 0, 0, 0, 0, 0
  PE(32) Inst(10) Data3:
remuRedist Tags (tagWidth=16): 0, 0, 0, 0, 0, 0, 0, 0, 0, 0, 0, 0, 0, 0, 0, 0
remuRedist Forward bitvector (len=16): 0, 0, 0, 0, 0, 0, 0, 0, 0, 0, 0, 0, 0, 0, 0, 0
  PE(32) Inst(11) Data0:
remuRedist Tags (tagWidth=16): 0, 0, 0, 0, 0, 0, 0, 0, 0, 0, 0, 0, 0, 0, 0, 0
remuRedist Forward bitvector (len=16): 0, 0, 0, 0, 0, 0, 0, 0, 0, 0, 0, 0, 0, 0, 0, 0
  PE(32) Inst(11) Data1:
remuRedist Tags (tagWidth=16): 0, 0, 0, 0, 0, 0, 0, 0, 0, 0, 0, 0, 0, 0, 0, 0
remuRedist Forward bitvector (len=16): 0, 0, 0, 0, 0, 0, 0, 0, 0, 0, 0, 0, 0, 0, 0, 0
  PE(32) Inst(11) Data2:
remuRedist Tags (tagWidth=16): 0, 0, 0, 0, 0, 0, 0, 0, 0, 0, 0, 0, 0, 0, 0, 0
remuRedist Forward bitvector (len=16): 0, 0, 0, 0, 0, 0, 0, 0, 0, 0, 0, 0, 0, 0, 0, 0
  PE(32) Inst(11) Data3:
remuRedist Tags (tagWidth=16): 0, 0, 0, 0, 0, 0, 0, 0, 0, 0, 0, 0, 0, 0, 0, 0
remuRedist Forward bitvector (len=16): 0, 0, 0, 0, 0, 0, 0, 0, 0, 0, 0, 0, 0, 0, 0, 0
  PE(32) Inst(12) Data0:
remuRedist Tags (tagWidth=16): 0, 0, 0, 0, 0, 0, 0, 0, 0, 0, 0, 0, 0, 0, 0, 0
remuRedist Forward bitvector (len=16): 0, 0, 0, 0, 0, 0, 0, 0, 0, 0, 0, 0, 0, 0, 0, 0
  PE(32) Inst(12) Data1:
remuRedist Tags (tagWidth=16): 0, 0, 0, 0, 0, 0, 0, 0, 0, 0, 0, 0, 0, 0, 0, 0
remuRedist Forward bitvector (len=16): 0, 0, 0, 0, 0, 0, 0, 0, 0, 0, 0, 0, 0, 0, 0, 0
  PE(32) Inst(12) Data2:
remuRedist Tags (tagWidth=16): 0, 0, 0, 0, 0, 0, 0, 0, 0, 0, 0, 0, 0, 0, 0, 0
remuRedist Forward bitvector (len=16): 0, 0, 0, 0, 0, 0, 0, 0, 0, 0, 0, 0, 0, 0, 0, 0
  PE(32) Inst(12) Data3:
remuRedist Tags (tagWidth=16): 0, 0, 0, 0, 0, 0, 0, 0, 0, 0, 0, 0, 0, 0, 0, 0
remuRedist Forward bitvector (len=16): 0, 0, 0, 0, 0, 0, 0, 0, 0, 0, 0, 0, 0, 0, 0, 0
  PE(32) Inst(13) Data0:
remuRedist Tags (tagWidth=16): 0, 0, 0, 0, 0, 0, 0, 0, 0, 0, 0, 0, 0, 0, 0, 0
remuRedist Forward bitvector (len=16): 0, 0, 0, 0, 0, 0, 0, 0, 0, 0, 0, 0, 0, 0, 0, 0
  PE(32) Inst(13) Data1:
remuRedist Tags (tagWidth=16): 0, 0, 0, 0, 0, 0, 0, 0, 0, 0, 0, 0, 0, 0, 0, 0
remuRedist Forward bitvector (len=16): 0, 0, 0, 0, 0, 0, 0, 0, 0, 0, 0, 0, 0, 0, 0, 0
  PE(32) Inst(13) Data2:
remuRedist Tags (tagWidth=16): 0, 0, 0, 0, 0, 0, 0, 0, 0, 0, 0, 0, 0, 0, 0, 0
remuRedist Forward bitvector (len=16): 0, 0, 0, 0, 0, 0, 0, 0, 0, 0, 0, 0, 0, 0, 0, 0
  PE(32) Inst(13) Data3:
remuRedist Tags (tagWidth=16): 0, 0, 0, 0, 0, 0, 0, 0, 0, 0, 0, 0, 0, 0, 0, 0
remuRedist Forward bitvector (len=16): 0, 0, 0, 0, 0, 0, 0, 0, 0, 0, 0, 0, 0, 0, 0, 0
  PE(32) Inst(14) Data0:
remuRedist Tags (tagWidth=16): 0, 0, 0, 0, 0, 0, 0, 0, 0, 0, 0, 0, 0, 0, 0, 0
remuRedist Forward bitvector (len=16): 0, 0, 0, 0, 0, 0, 0, 0, 0, 0, 0, 0, 0, 0, 0, 0
  PE(32) Inst(14) Data1:
remuRedist Tags (tagWidth=16): 0, 0, 0, 0, 0, 0, 0, 0, 0, 0, 0, 0, 0, 0, 0, 0
remuRedist Forward bitvector (len=16): 0, 0, 0, 0, 0, 0, 0, 0, 0, 0, 0, 0, 0, 0, 0, 0
  PE(32) Inst(14) Data2:
remuRedist Tags (tagWidth=16): 0, 0, 0, 0, 0, 0, 0, 0, 0, 0, 0, 0, 0, 0, 0, 0
remuRedist Forward bitvector (len=16): 0, 0, 0, 0, 0, 0, 0, 0, 0, 0, 0, 0, 0, 0, 0, 0
  PE(32) Inst(14) Data3:
remuRedist Tags (tagWidth=16): 0, 0, 0, 0, 0, 0, 0, 0, 0, 0, 0, 0, 0, 0, 0, 0
remuRedist Forward bitvector (len=16): 0, 0, 0, 0, 0, 0, 0, 0, 0, 0, 0, 0, 0, 0, 0, 0
  PE(32) Inst(15) Data0:
remuRedist Tags (tagWidth=16): 0, 0, 0, 0, 0, 0, 0, 0, 0, 0, 0, 0, 0, 0, 0, 0
remuRedist Forward bitvector (len=16): 0, 0, 0, 0, 0, 0, 0, 0, 0, 0, 0, 0, 0, 0, 0, 0
  PE(32) Inst(15) Data1:
remuRedist Tags (tagWidth=16): 0, 0, 0, 0, 0, 0, 0, 0, 0, 0, 0, 0, 0, 0, 0, 0
remuRedist Forward bitvector (len=16): 0, 0, 0, 0, 0, 0, 0, 0, 0, 0, 0, 0, 0, 0, 0, 0
  PE(32) Inst(15) Data2:
remuRedist Tags (tagWidth=16): 0, 0, 0, 0, 0, 0, 0, 0, 0, 0, 0, 0, 0, 0, 0, 0
remuRedist Forward bitvector (len=16): 0, 0, 0, 0, 0, 0, 0, 0, 0, 0, 0, 0, 0, 0, 0, 0
  PE(32) Inst(15) Data3:
remuRedist Tags (tagWidth=16): 0, 0, 0, 0, 0, 0, 0, 0, 0, 0, 0, 0, 0, 0, 0, 0
remuRedist Forward bitvector (len=16): 0, 0, 0, 0, 0, 0, 0, 0, 0, 0, 0, 0, 0, 0, 0, 0
remuRedist(33):
  PE(33) Inst(0) Data0:
remuRedist Tags (tagWidth=16): 0, 1, 1, 0, 0, 1, 0, 0, 0, 0, 0, 0, 0, 0, 0, 0
remuRedist Forward bitvector (len=16): 1, 0, 0, 0, 0, 0, 0, 0, 0, 0, 0, 0, 0, 0, 0, 0
  PE(33) Inst(0) Data1:
remuRedist Tags (tagWidth=16): 1, 1, 1, 0, 0, 0, 1, 0, 0, 0, 0, 0, 0, 0, 0, 0
remuRedist Forward bitvector (len=16): 0, 1, 0, 0, 0, 0, 0, 0, 0, 0, 0, 0, 0, 0, 0, 0
  PE(33) Inst(0) Data2:
remuRedist Tags (tagWidth=16): 1, 1, 0, 1, 1, 0, 0, 0, 0, 0, 0, 0, 0, 0, 0, 0
remuRedist Forward bitvector (len=16): 1, 0, 0, 0, 0, 0, 0, 0, 0, 0, 0, 0, 0, 0, 0, 0
  PE(33) Inst(0) Data3:
remuRedist Tags (tagWidth=16): 0, 0, 0, 0, 0, 0, 0, 0, 0, 0, 0, 0, 0, 0, 0, 0
remuRedist Forward bitvector (len=16): 0, 0, 0, 0, 0, 0, 0, 0, 0, 0, 0, 0, 0, 0, 0, 0
  PE(33) Inst(1) Data0:
remuRedist Tags (tagWidth=16): 0, 1, 1, 1, 1, 0, 0, 0, 0, 0, 0, 0, 0, 0, 0, 0
remuRedist Forward bitvector (len=16): 0, 1, 0, 0, 0, 0, 0, 0, 0, 0, 0, 0, 0, 0, 0, 0
  PE(33) Inst(1) Data1:
remuRedist Tags (tagWidth=16): 0, 0, 1, 1, 1, 1, 0, 0, 0, 0, 0, 0, 0, 0, 0, 0
remuRedist Forward bitvector (len=16): 0, 0, 1, 0, 0, 0, 0, 0, 0, 0, 0, 0, 0, 0, 0, 0
  PE(33) Inst(1) Data2:
remuRedist Tags (tagWidth=16): 1, 0, 0, 1, 0, 0, 1, 0, 0, 0, 0, 0, 0, 0, 0, 0
remuRedist Forward bitvector (len=16): 0, 1, 0, 0, 0, 0, 0, 0, 0, 0, 0, 0, 0, 0, 0, 0
  PE(33) Inst(1) Data3:
remuRedist Tags (tagWidth=16): 0, 0, 0, 0, 0, 0, 0, 0, 0, 0, 0, 0, 0, 0, 0, 0
remuRedist Forward bitvector (len=16): 0, 0, 0, 0, 0, 0, 0, 0, 0, 0, 0, 0, 0, 0, 0, 0
  PE(33) Inst(2) Data0:
remuRedist Tags (tagWidth=16): 1, 1, 0, 0, 0, 0, 1, 0, 0, 0, 0, 0, 0, 0, 0, 0
remuRedist Forward bitvector (len=16): 0, 0, 1, 0, 0, 0, 0, 0, 0, 0, 0, 0, 0, 0, 0, 0
  PE(33) Inst(2) Data1:
remuRedist Tags (tagWidth=16): 0, 0, 1, 0, 0, 0, 1, 0, 0, 0, 0, 0, 0, 0, 0, 0
remuRedist Forward bitvector (len=16): 0, 0, 0, 1, 0, 0, 0, 0, 0, 0, 0, 0, 0, 0, 0, 0
  PE(33) Inst(2) Data2:
remuRedist Tags (tagWidth=16): 0, 0, 0, 0, 0, 0, 0, 0, 0, 0, 0, 0, 0, 0, 0, 0
remuRedist Forward bitvector (len=16): 0, 0, 0, 0, 0, 0, 0, 0, 0, 0, 0, 0, 0, 0, 0, 0
  PE(33) Inst(2) Data3:
remuRedist Tags (tagWidth=16): 0, 0, 0, 0, 0, 0, 0, 0, 0, 0, 0, 0, 0, 0, 0, 0
remuRedist Forward bitvector (len=16): 0, 0, 0, 0, 0, 0, 0, 0, 0, 0, 0, 0, 0, 0, 0, 0
  PE(33) Inst(3) Data0:
remuRedist Tags (tagWidth=16): 0, 0, 0, 0, 0, 0, 1, 0, 0, 0, 0, 0, 0, 0, 0, 0
remuRedist Forward bitvector (len=16): 0, 0, 0, 1, 0, 0, 0, 0, 0, 0, 0, 0, 0, 0, 0, 0
  PE(33) Inst(3) Data1:
remuRedist Tags (tagWidth=16): 1, 1, 0, 1, 0, 0, 1, 0, 0, 0, 0, 0, 0, 0, 0, 0
remuRedist Forward bitvector (len=16): 0, 0, 0, 0, 1, 0, 0, 0, 0, 0, 0, 0, 0, 0, 0, 0
  PE(33) Inst(3) Data2:
remuRedist Tags (tagWidth=16): 0, 0, 0, 0, 0, 0, 0, 0, 0, 0, 0, 0, 0, 0, 0, 0
remuRedist Forward bitvector (len=16): 0, 0, 0, 0, 0, 0, 0, 0, 0, 0, 0, 0, 0, 0, 0, 0
  PE(33) Inst(3) Data3:
remuRedist Tags (tagWidth=16): 0, 0, 0, 0, 0, 0, 0, 0, 0, 0, 0, 0, 0, 0, 0, 0
remuRedist Forward bitvector (len=16): 0, 0, 0, 0, 0, 0, 0, 0, 0, 0, 0, 0, 0, 0, 0, 0
  PE(33) Inst(4) Data0:
remuRedist Tags (tagWidth=16): 0, 1, 1, 0, 0, 0, 1, 0, 0, 0, 0, 0, 0, 0, 0, 0
remuRedist Forward bitvector (len=16): 0, 0, 0, 0, 1, 0, 0, 0, 0, 0, 0, 0, 0, 0, 0, 0
  PE(33) Inst(4) Data1:
remuRedist Tags (tagWidth=16): 0, 0, 0, 0, 0, 0, 0, 0, 0, 0, 0, 0, 0, 0, 0, 0
remuRedist Forward bitvector (len=16): 0, 0, 0, 0, 0, 0, 0, 0, 0, 0, 0, 0, 0, 0, 0, 0
  PE(33) Inst(4) Data2:
remuRedist Tags (tagWidth=16): 0, 0, 0, 0, 0, 0, 0, 0, 0, 0, 0, 0, 0, 0, 0, 0
remuRedist Forward bitvector (len=16): 0, 0, 0, 0, 0, 0, 0, 0, 0, 0, 0, 0, 0, 0, 0, 0
  PE(33) Inst(4) Data3:
remuRedist Tags (tagWidth=16): 0, 0, 0, 0, 0, 0, 0, 0, 0, 0, 0, 0, 0, 0, 0, 0
remuRedist Forward bitvector (len=16): 0, 0, 0, 0, 0, 0, 0, 0, 0, 0, 0, 0, 0, 0, 0, 0
  PE(33) Inst(5) Data0:
remuRedist Tags (tagWidth=16): 0, 0, 0, 0, 0, 0, 0, 0, 0, 0, 0, 0, 0, 0, 0, 0
remuRedist Forward bitvector (len=16): 0, 0, 0, 0, 0, 0, 0, 0, 0, 0, 0, 0, 0, 0, 0, 0
  PE(33) Inst(5) Data1:
remuRedist Tags (tagWidth=16): 0, 0, 0, 0, 0, 0, 0, 0, 0, 0, 0, 0, 0, 0, 0, 0
remuRedist Forward bitvector (len=16): 0, 0, 0, 0, 0, 0, 0, 0, 0, 0, 0, 0, 0, 0, 0, 0
  PE(33) Inst(5) Data2:
remuRedist Tags (tagWidth=16): 0, 0, 0, 0, 0, 0, 0, 0, 0, 0, 0, 0, 0, 0, 0, 0
remuRedist Forward bitvector (len=16): 0, 0, 0, 0, 0, 0, 0, 0, 0, 0, 0, 0, 0, 0, 0, 0
  PE(33) Inst(5) Data3:
remuRedist Tags (tagWidth=16): 0, 0, 0, 0, 0, 0, 0, 0, 0, 0, 0, 0, 0, 0, 0, 0
remuRedist Forward bitvector (len=16): 0, 0, 0, 0, 0, 0, 0, 0, 0, 0, 0, 0, 0, 0, 0, 0
  PE(33) Inst(6) Data0:
remuRedist Tags (tagWidth=16): 0, 0, 0, 0, 0, 0, 0, 0, 0, 0, 0, 0, 0, 0, 0, 0
remuRedist Forward bitvector (len=16): 0, 0, 0, 0, 0, 0, 0, 0, 0, 0, 0, 0, 0, 0, 0, 0
  PE(33) Inst(6) Data1:
remuRedist Tags (tagWidth=16): 0, 0, 0, 0, 0, 0, 0, 0, 0, 0, 0, 0, 0, 0, 0, 0
remuRedist Forward bitvector (len=16): 0, 0, 0, 0, 0, 0, 0, 0, 0, 0, 0, 0, 0, 0, 0, 0
  PE(33) Inst(6) Data2:
remuRedist Tags (tagWidth=16): 0, 0, 0, 0, 0, 0, 0, 0, 0, 0, 0, 0, 0, 0, 0, 0
remuRedist Forward bitvector (len=16): 0, 0, 0, 0, 0, 0, 0, 0, 0, 0, 0, 0, 0, 0, 0, 0
  PE(33) Inst(6) Data3:
remuRedist Tags (tagWidth=16): 0, 0, 0, 0, 0, 0, 0, 0, 0, 0, 0, 0, 0, 0, 0, 0
remuRedist Forward bitvector (len=16): 0, 0, 0, 0, 0, 0, 0, 0, 0, 0, 0, 0, 0, 0, 0, 0
  PE(33) Inst(7) Data0:
remuRedist Tags (tagWidth=16): 0, 0, 0, 0, 0, 0, 0, 0, 0, 0, 0, 0, 0, 0, 0, 0
remuRedist Forward bitvector (len=16): 0, 0, 0, 0, 0, 0, 0, 0, 0, 0, 0, 0, 0, 0, 0, 0
  PE(33) Inst(7) Data1:
remuRedist Tags (tagWidth=16): 0, 0, 0, 0, 0, 0, 0, 0, 0, 0, 0, 0, 0, 0, 0, 0
remuRedist Forward bitvector (len=16): 0, 0, 0, 0, 0, 0, 0, 0, 0, 0, 0, 0, 0, 0, 0, 0
  PE(33) Inst(7) Data2:
remuRedist Tags (tagWidth=16): 0, 0, 0, 0, 0, 0, 0, 0, 0, 0, 0, 0, 0, 0, 0, 0
remuRedist Forward bitvector (len=16): 0, 0, 0, 0, 0, 0, 0, 0, 0, 0, 0, 0, 0, 0, 0, 0
  PE(33) Inst(7) Data3:
remuRedist Tags (tagWidth=16): 0, 0, 0, 0, 0, 0, 0, 0, 0, 0, 0, 0, 0, 0, 0, 0
remuRedist Forward bitvector (len=16): 0, 0, 0, 0, 0, 0, 0, 0, 0, 0, 0, 0, 0, 0, 0, 0
  PE(33) Inst(8) Data0:
remuRedist Tags (tagWidth=16): 0, 0, 0, 0, 0, 0, 0, 0, 0, 0, 0, 0, 0, 0, 0, 0
remuRedist Forward bitvector (len=16): 0, 0, 0, 0, 0, 0, 0, 0, 0, 0, 0, 0, 0, 0, 0, 0
  PE(33) Inst(8) Data1:
remuRedist Tags (tagWidth=16): 0, 0, 0, 0, 0, 0, 0, 0, 0, 0, 0, 0, 0, 0, 0, 0
remuRedist Forward bitvector (len=16): 0, 0, 0, 0, 0, 0, 0, 0, 0, 0, 0, 0, 0, 0, 0, 0
  PE(33) Inst(8) Data2:
remuRedist Tags (tagWidth=16): 0, 0, 0, 0, 0, 0, 0, 0, 0, 0, 0, 0, 0, 0, 0, 0
remuRedist Forward bitvector (len=16): 0, 0, 0, 0, 0, 0, 0, 0, 0, 0, 0, 0, 0, 0, 0, 0
  PE(33) Inst(8) Data3:
remuRedist Tags (tagWidth=16): 0, 0, 0, 0, 0, 0, 0, 0, 0, 0, 0, 0, 0, 0, 0, 0
remuRedist Forward bitvector (len=16): 0, 0, 0, 0, 0, 0, 0, 0, 0, 0, 0, 0, 0, 0, 0, 0
  PE(33) Inst(9) Data0:
remuRedist Tags (tagWidth=16): 0, 0, 0, 0, 0, 0, 0, 0, 0, 0, 0, 0, 0, 0, 0, 0
remuRedist Forward bitvector (len=16): 0, 0, 0, 0, 0, 0, 0, 0, 0, 0, 0, 0, 0, 0, 0, 0
  PE(33) Inst(9) Data1:
remuRedist Tags (tagWidth=16): 0, 0, 0, 0, 0, 0, 0, 0, 0, 0, 0, 0, 0, 0, 0, 0
remuRedist Forward bitvector (len=16): 0, 0, 0, 0, 0, 0, 0, 0, 0, 0, 0, 0, 0, 0, 0, 0
  PE(33) Inst(9) Data2:
remuRedist Tags (tagWidth=16): 0, 0, 0, 0, 0, 0, 0, 0, 0, 0, 0, 0, 0, 0, 0, 0
remuRedist Forward bitvector (len=16): 0, 0, 0, 0, 0, 0, 0, 0, 0, 0, 0, 0, 0, 0, 0, 0
  PE(33) Inst(9) Data3:
remuRedist Tags (tagWidth=16): 0, 0, 0, 0, 0, 0, 0, 0, 0, 0, 0, 0, 0, 0, 0, 0
remuRedist Forward bitvector (len=16): 0, 0, 0, 0, 0, 0, 0, 0, 0, 0, 0, 0, 0, 0, 0, 0
  PE(33) Inst(10) Data0:
remuRedist Tags (tagWidth=16): 0, 0, 0, 0, 0, 0, 0, 0, 0, 0, 0, 0, 0, 0, 0, 0
remuRedist Forward bitvector (len=16): 0, 0, 0, 0, 0, 0, 0, 0, 0, 0, 0, 0, 0, 0, 0, 0
  PE(33) Inst(10) Data1:
remuRedist Tags (tagWidth=16): 0, 0, 0, 0, 0, 0, 0, 0, 0, 0, 0, 0, 0, 0, 0, 0
remuRedist Forward bitvector (len=16): 0, 0, 0, 0, 0, 0, 0, 0, 0, 0, 0, 0, 0, 0, 0, 0
  PE(33) Inst(10) Data2:
remuRedist Tags (tagWidth=16): 0, 0, 0, 0, 0, 0, 0, 0, 0, 0, 0, 0, 0, 0, 0, 0
remuRedist Forward bitvector (len=16): 0, 0, 0, 0, 0, 0, 0, 0, 0, 0, 0, 0, 0, 0, 0, 0
  PE(33) Inst(10) Data3:
remuRedist Tags (tagWidth=16): 0, 0, 0, 0, 0, 0, 0, 0, 0, 0, 0, 0, 0, 0, 0, 0
remuRedist Forward bitvector (len=16): 0, 0, 0, 0, 0, 0, 0, 0, 0, 0, 0, 0, 0, 0, 0, 0
  PE(33) Inst(11) Data0:
remuRedist Tags (tagWidth=16): 0, 0, 0, 0, 0, 0, 0, 0, 0, 0, 0, 0, 0, 0, 0, 0
remuRedist Forward bitvector (len=16): 0, 0, 0, 0, 0, 0, 0, 0, 0, 0, 0, 0, 0, 0, 0, 0
  PE(33) Inst(11) Data1:
remuRedist Tags (tagWidth=16): 0, 0, 0, 0, 0, 0, 0, 0, 0, 0, 0, 0, 0, 0, 0, 0
remuRedist Forward bitvector (len=16): 0, 0, 0, 0, 0, 0, 0, 0, 0, 0, 0, 0, 0, 0, 0, 0
  PE(33) Inst(11) Data2:
remuRedist Tags (tagWidth=16): 0, 0, 0, 0, 0, 0, 0, 0, 0, 0, 0, 0, 0, 0, 0, 0
remuRedist Forward bitvector (len=16): 0, 0, 0, 0, 0, 0, 0, 0, 0, 0, 0, 0, 0, 0, 0, 0
  PE(33) Inst(11) Data3:
remuRedist Tags (tagWidth=16): 0, 0, 0, 0, 0, 0, 0, 0, 0, 0, 0, 0, 0, 0, 0, 0
remuRedist Forward bitvector (len=16): 0, 0, 0, 0, 0, 0, 0, 0, 0, 0, 0, 0, 0, 0, 0, 0
  PE(33) Inst(12) Data0:
remuRedist Tags (tagWidth=16): 0, 0, 0, 0, 0, 0, 0, 0, 0, 0, 0, 0, 0, 0, 0, 0
remuRedist Forward bitvector (len=16): 0, 0, 0, 0, 0, 0, 0, 0, 0, 0, 0, 0, 0, 0, 0, 0
  PE(33) Inst(12) Data1:
remuRedist Tags (tagWidth=16): 0, 0, 0, 0, 0, 0, 0, 0, 0, 0, 0, 0, 0, 0, 0, 0
remuRedist Forward bitvector (len=16): 0, 0, 0, 0, 0, 0, 0, 0, 0, 0, 0, 0, 0, 0, 0, 0
  PE(33) Inst(12) Data2:
remuRedist Tags (tagWidth=16): 0, 0, 0, 0, 0, 0, 0, 0, 0, 0, 0, 0, 0, 0, 0, 0
remuRedist Forward bitvector (len=16): 0, 0, 0, 0, 0, 0, 0, 0, 0, 0, 0, 0, 0, 0, 0, 0
  PE(33) Inst(12) Data3:
remuRedist Tags (tagWidth=16): 0, 0, 0, 0, 0, 0, 0, 0, 0, 0, 0, 0, 0, 0, 0, 0
remuRedist Forward bitvector (len=16): 0, 0, 0, 0, 0, 0, 0, 0, 0, 0, 0, 0, 0, 0, 0, 0
  PE(33) Inst(13) Data0:
remuRedist Tags (tagWidth=16): 0, 0, 0, 0, 0, 0, 0, 0, 0, 0, 0, 0, 0, 0, 0, 0
remuRedist Forward bitvector (len=16): 0, 0, 0, 0, 0, 0, 0, 0, 0, 0, 0, 0, 0, 0, 0, 0
  PE(33) Inst(13) Data1:
remuRedist Tags (tagWidth=16): 0, 0, 0, 0, 0, 0, 0, 0, 0, 0, 0, 0, 0, 0, 0, 0
remuRedist Forward bitvector (len=16): 0, 0, 0, 0, 0, 0, 0, 0, 0, 0, 0, 0, 0, 0, 0, 0
  PE(33) Inst(13) Data2:
remuRedist Tags (tagWidth=16): 0, 0, 0, 0, 0, 0, 0, 0, 0, 0, 0, 0, 0, 0, 0, 0
remuRedist Forward bitvector (len=16): 0, 0, 0, 0, 0, 0, 0, 0, 0, 0, 0, 0, 0, 0, 0, 0
  PE(33) Inst(13) Data3:
remuRedist Tags (tagWidth=16): 0, 0, 0, 0, 0, 0, 0, 0, 0, 0, 0, 0, 0, 0, 0, 0
remuRedist Forward bitvector (len=16): 0, 0, 0, 0, 0, 0, 0, 0, 0, 0, 0, 0, 0, 0, 0, 0
  PE(33) Inst(14) Data0:
remuRedist Tags (tagWidth=16): 0, 0, 0, 0, 0, 0, 0, 0, 0, 0, 0, 0, 0, 0, 0, 0
remuRedist Forward bitvector (len=16): 0, 0, 0, 0, 0, 0, 0, 0, 0, 0, 0, 0, 0, 0, 0, 0
  PE(33) Inst(14) Data1:
remuRedist Tags (tagWidth=16): 0, 0, 0, 0, 0, 0, 0, 0, 0, 0, 0, 0, 0, 0, 0, 0
remuRedist Forward bitvector (len=16): 0, 0, 0, 0, 0, 0, 0, 0, 0, 0, 0, 0, 0, 0, 0, 0
  PE(33) Inst(14) Data2:
remuRedist Tags (tagWidth=16): 0, 0, 0, 0, 0, 0, 0, 0, 0, 0, 0, 0, 0, 0, 0, 0
remuRedist Forward bitvector (len=16): 0, 0, 0, 0, 0, 0, 0, 0, 0, 0, 0, 0, 0, 0, 0, 0
  PE(33) Inst(14) Data3:
remuRedist Tags (tagWidth=16): 0, 0, 0, 0, 0, 0, 0, 0, 0, 0, 0, 0, 0, 0, 0, 0
remuRedist Forward bitvector (len=16): 0, 0, 0, 0, 0, 0, 0, 0, 0, 0, 0, 0, 0, 0, 0, 0
  PE(33) Inst(15) Data0:
remuRedist Tags (tagWidth=16): 0, 0, 0, 0, 0, 0, 0, 0, 0, 0, 0, 0, 0, 0, 0, 0
remuRedist Forward bitvector (len=16): 0, 0, 0, 0, 0, 0, 0, 0, 0, 0, 0, 0, 0, 0, 0, 0
  PE(33) Inst(15) Data1:
remuRedist Tags (tagWidth=16): 0, 0, 0, 0, 0, 0, 0, 0, 0, 0, 0, 0, 0, 0, 0, 0
remuRedist Forward bitvector (len=16): 0, 0, 0, 0, 0, 0, 0, 0, 0, 0, 0, 0, 0, 0, 0, 0
  PE(33) Inst(15) Data2:
remuRedist Tags (tagWidth=16): 0, 0, 0, 0, 0, 0, 0, 0, 0, 0, 0, 0, 0, 0, 0, 0
remuRedist Forward bitvector (len=16): 0, 0, 0, 0, 0, 0, 0, 0, 0, 0, 0, 0, 0, 0, 0, 0
  PE(33) Inst(15) Data3:
remuRedist Tags (tagWidth=16): 0, 0, 0, 0, 0, 0, 0, 0, 0, 0, 0, 0, 0, 0, 0, 0
remuRedist Forward bitvector (len=16): 0, 0, 0, 0, 0, 0, 0, 0, 0, 0, 0, 0, 0, 0, 0, 0
remuRedist(34):
  PE(34) Inst(0) Data0:
remuRedist Tags (tagWidth=16): 0, 0, 0, 1, 1, 0, 0, 0, 0, 0, 0, 0, 0, 0, 0, 0
remuRedist Forward bitvector (len=16): 1, 0, 0, 0, 0, 0, 0, 0, 0, 0, 0, 0, 0, 0, 0, 0
  PE(34) Inst(0) Data1:
remuRedist Tags (tagWidth=16): 1, 0, 0, 1, 1, 1, 0, 0, 0, 0, 0, 0, 0, 0, 0, 0
remuRedist Forward bitvector (len=16): 0, 1, 0, 0, 0, 0, 0, 0, 0, 0, 0, 0, 0, 0, 0, 0
  PE(34) Inst(0) Data2:
remuRedist Tags (tagWidth=16): 1, 0, 0, 1, 0, 0, 1, 0, 0, 0, 0, 0, 0, 0, 0, 0
remuRedist Forward bitvector (len=16): 0, 1, 0, 0, 0, 0, 0, 0, 0, 0, 0, 0, 0, 0, 0, 0
  PE(34) Inst(0) Data3:
remuRedist Tags (tagWidth=16): 0, 0, 0, 0, 0, 0, 0, 0, 0, 0, 0, 0, 0, 0, 0, 0
remuRedist Forward bitvector (len=16): 0, 0, 0, 0, 0, 0, 0, 0, 0, 0, 0, 0, 0, 0, 0, 0
  PE(34) Inst(1) Data0:
remuRedist Tags (tagWidth=16): 1, 0, 0, 0, 0, 1, 0, 0, 0, 0, 0, 0, 0, 0, 0, 0
remuRedist Forward bitvector (len=16): 0, 1, 0, 0, 0, 0, 0, 0, 0, 0, 0, 0, 0, 0, 0, 0
  PE(34) Inst(1) Data1:
remuRedist Tags (tagWidth=16): 0, 1, 0, 0, 0, 0, 1, 0, 0, 0, 0, 0, 0, 0, 0, 0
remuRedist Forward bitvector (len=16): 0, 0, 1, 0, 0, 0, 0, 0, 0, 0, 0, 0, 0, 0, 0, 0
  PE(34) Inst(1) Data2:
remuRedist Tags (tagWidth=16): 0, 1, 0, 1, 0, 0, 1, 0, 0, 0, 0, 0, 0, 0, 0, 0
remuRedist Forward bitvector (len=16): 0, 0, 1, 0, 0, 0, 0, 0, 0, 0, 0, 0, 0, 0, 0, 0
  PE(34) Inst(1) Data3:
remuRedist Tags (tagWidth=16): 0, 0, 0, 0, 0, 0, 0, 0, 0, 0, 0, 0, 0, 0, 0, 0
remuRedist Forward bitvector (len=16): 0, 0, 0, 0, 0, 0, 0, 0, 0, 0, 0, 0, 0, 0, 0, 0
  PE(34) Inst(2) Data0:
remuRedist Tags (tagWidth=16): 0, 0, 0, 1, 0, 1, 0, 0, 0, 0, 0, 0, 0, 0, 0, 0
remuRedist Forward bitvector (len=16): 0, 0, 1, 0, 0, 0, 0, 0, 0, 0, 0, 0, 0, 0, 0, 0
  PE(34) Inst(2) Data1:
remuRedist Tags (tagWidth=16): 1, 1, 1, 0, 1, 1, 0, 0, 0, 0, 0, 0, 0, 0, 0, 0
remuRedist Forward bitvector (len=16): 0, 0, 0, 1, 0, 0, 0, 0, 0, 0, 0, 0, 0, 0, 0, 0
  PE(34) Inst(2) Data2:
remuRedist Tags (tagWidth=16): 0, 0, 0, 0, 0, 0, 0, 0, 0, 0, 0, 0, 0, 0, 0, 0
remuRedist Forward bitvector (len=16): 0, 0, 0, 0, 0, 0, 0, 0, 0, 0, 0, 0, 0, 0, 0, 0
  PE(34) Inst(2) Data3:
remuRedist Tags (tagWidth=16): 0, 0, 0, 0, 0, 0, 0, 0, 0, 0, 0, 0, 0, 0, 0, 0
remuRedist Forward bitvector (len=16): 0, 0, 0, 0, 0, 0, 0, 0, 0, 0, 0, 0, 0, 0, 0, 0
  PE(34) Inst(3) Data0:
remuRedist Tags (tagWidth=16): 1, 1, 0, 1, 1, 1, 0, 0, 0, 0, 0, 0, 0, 0, 0, 0
remuRedist Forward bitvector (len=16): 0, 0, 0, 1, 1, 0, 0, 0, 0, 0, 0, 0, 0, 0, 0, 0
  PE(34) Inst(3) Data1:
remuRedist Tags (tagWidth=16): 0, 0, 0, 1, 1, 1, 0, 0, 0, 0, 0, 0, 0, 0, 0, 0
remuRedist Forward bitvector (len=16): 0, 0, 0, 0, 1, 0, 0, 0, 0, 0, 0, 0, 0, 0, 0, 0
  PE(34) Inst(3) Data2:
remuRedist Tags (tagWidth=16): 0, 0, 0, 0, 0, 0, 0, 0, 0, 0, 0, 0, 0, 0, 0, 0
remuRedist Forward bitvector (len=16): 0, 0, 0, 0, 0, 0, 0, 0, 0, 0, 0, 0, 0, 0, 0, 0
  PE(34) Inst(3) Data3:
remuRedist Tags (tagWidth=16): 0, 0, 0, 0, 0, 0, 0, 0, 0, 0, 0, 0, 0, 0, 0, 0
remuRedist Forward bitvector (len=16): 0, 0, 0, 0, 0, 0, 0, 0, 0, 0, 0, 0, 0, 0, 0, 0
  PE(34) Inst(4) Data0:
remuRedist Tags (tagWidth=16): 1, 0, 0, 0, 0, 0, 1, 0, 0, 0, 0, 0, 0, 0, 0, 0
remuRedist Forward bitvector (len=16): 0, 0, 0, 0, 0, 1, 0, 0, 0, 0, 0, 0, 0, 0, 0, 0
  PE(34) Inst(4) Data1:
remuRedist Tags (tagWidth=16): 1, 0, 1, 1, 1, 1, 0, 0, 0, 0, 0, 0, 0, 0, 0, 0
remuRedist Forward bitvector (len=16): 0, 0, 0, 0, 0, 1, 0, 0, 0, 0, 0, 0, 0, 0, 0, 0
  PE(34) Inst(4) Data2:
remuRedist Tags (tagWidth=16): 0, 0, 0, 0, 0, 0, 0, 0, 0, 0, 0, 0, 0, 0, 0, 0
remuRedist Forward bitvector (len=16): 0, 0, 0, 0, 0, 0, 0, 0, 0, 0, 0, 0, 0, 0, 0, 0
  PE(34) Inst(4) Data3:
remuRedist Tags (tagWidth=16): 0, 0, 0, 0, 0, 0, 0, 0, 0, 0, 0, 0, 0, 0, 0, 0
remuRedist Forward bitvector (len=16): 0, 0, 0, 0, 0, 0, 0, 0, 0, 0, 0, 0, 0, 0, 0, 0
  PE(34) Inst(5) Data0:
remuRedist Tags (tagWidth=16): 1, 1, 1, 0, 0, 0, 1, 0, 0, 0, 0, 0, 0, 0, 0, 0
remuRedist Forward bitvector (len=16): 0, 0, 0, 0, 0, 0, 1, 0, 0, 0, 0, 0, 0, 0, 0, 0
  PE(34) Inst(5) Data1:
remuRedist Tags (tagWidth=16): 0, 1, 0, 1, 1, 1, 0, 0, 0, 0, 0, 0, 0, 0, 0, 0
remuRedist Forward bitvector (len=16): 0, 0, 0, 0, 0, 0, 1, 0, 0, 0, 0, 0, 0, 0, 0, 0
  PE(34) Inst(5) Data2:
remuRedist Tags (tagWidth=16): 0, 0, 0, 0, 0, 0, 0, 0, 0, 0, 0, 0, 0, 0, 0, 0
remuRedist Forward bitvector (len=16): 0, 0, 0, 0, 0, 0, 0, 0, 0, 0, 0, 0, 0, 0, 0, 0
  PE(34) Inst(5) Data3:
remuRedist Tags (tagWidth=16): 0, 0, 0, 0, 0, 0, 0, 0, 0, 0, 0, 0, 0, 0, 0, 0
remuRedist Forward bitvector (len=16): 0, 0, 0, 0, 0, 0, 0, 0, 0, 0, 0, 0, 0, 0, 0, 0
  PE(34) Inst(6) Data0:
remuRedist Tags (tagWidth=16): 0, 0, 0, 1, 0, 0, 1, 0, 0, 0, 0, 0, 0, 0, 0, 0
remuRedist Forward bitvector (len=16): 0, 0, 0, 0, 0, 0, 0, 1, 0, 0, 0, 0, 0, 0, 0, 0
  PE(34) Inst(6) Data1:
remuRedist Tags (tagWidth=16): 0, 0, 0, 0, 0, 0, 0, 0, 0, 0, 0, 0, 0, 0, 0, 0
remuRedist Forward bitvector (len=16): 0, 0, 0, 0, 0, 0, 0, 0, 0, 0, 0, 0, 0, 0, 0, 0
  PE(34) Inst(6) Data2:
remuRedist Tags (tagWidth=16): 0, 0, 0, 0, 0, 0, 0, 0, 0, 0, 0, 0, 0, 0, 0, 0
remuRedist Forward bitvector (len=16): 0, 0, 0, 0, 0, 0, 0, 0, 0, 0, 0, 0, 0, 0, 0, 0
  PE(34) Inst(6) Data3:
remuRedist Tags (tagWidth=16): 0, 0, 0, 0, 0, 0, 0, 0, 0, 0, 0, 0, 0, 0, 0, 0
remuRedist Forward bitvector (len=16): 0, 0, 0, 0, 0, 0, 0, 0, 0, 0, 0, 0, 0, 0, 0, 0
  PE(34) Inst(7) Data0:
remuRedist Tags (tagWidth=16): 0, 0, 0, 0, 0, 0, 0, 0, 0, 0, 0, 0, 0, 0, 0, 0
remuRedist Forward bitvector (len=16): 0, 0, 0, 0, 0, 0, 0, 0, 0, 0, 0, 0, 0, 0, 0, 0
  PE(34) Inst(7) Data1:
remuRedist Tags (tagWidth=16): 0, 0, 0, 0, 0, 0, 0, 0, 0, 0, 0, 0, 0, 0, 0, 0
remuRedist Forward bitvector (len=16): 0, 0, 0, 0, 0, 0, 0, 0, 0, 0, 0, 0, 0, 0, 0, 0
  PE(34) Inst(7) Data2:
remuRedist Tags (tagWidth=16): 0, 0, 0, 0, 0, 0, 0, 0, 0, 0, 0, 0, 0, 0, 0, 0
remuRedist Forward bitvector (len=16): 0, 0, 0, 0, 0, 0, 0, 0, 0, 0, 0, 0, 0, 0, 0, 0
  PE(34) Inst(7) Data3:
remuRedist Tags (tagWidth=16): 0, 0, 0, 0, 0, 0, 0, 0, 0, 0, 0, 0, 0, 0, 0, 0
remuRedist Forward bitvector (len=16): 0, 0, 0, 0, 0, 0, 0, 0, 0, 0, 0, 0, 0, 0, 0, 0
  PE(34) Inst(8) Data0:
remuRedist Tags (tagWidth=16): 0, 0, 0, 0, 0, 0, 0, 0, 0, 0, 0, 0, 0, 0, 0, 0
remuRedist Forward bitvector (len=16): 0, 0, 0, 0, 0, 0, 0, 0, 0, 0, 0, 0, 0, 0, 0, 0
  PE(34) Inst(8) Data1:
remuRedist Tags (tagWidth=16): 0, 0, 0, 0, 0, 0, 0, 0, 0, 0, 0, 0, 0, 0, 0, 0
remuRedist Forward bitvector (len=16): 0, 0, 0, 0, 0, 0, 0, 0, 0, 0, 0, 0, 0, 0, 0, 0
  PE(34) Inst(8) Data2:
remuRedist Tags (tagWidth=16): 0, 0, 0, 0, 0, 0, 0, 0, 0, 0, 0, 0, 0, 0, 0, 0
remuRedist Forward bitvector (len=16): 0, 0, 0, 0, 0, 0, 0, 0, 0, 0, 0, 0, 0, 0, 0, 0
  PE(34) Inst(8) Data3:
remuRedist Tags (tagWidth=16): 0, 0, 0, 0, 0, 0, 0, 0, 0, 0, 0, 0, 0, 0, 0, 0
remuRedist Forward bitvector (len=16): 0, 0, 0, 0, 0, 0, 0, 0, 0, 0, 0, 0, 0, 0, 0, 0
  PE(34) Inst(9) Data0:
remuRedist Tags (tagWidth=16): 0, 0, 0, 0, 0, 0, 0, 0, 0, 0, 0, 0, 0, 0, 0, 0
remuRedist Forward bitvector (len=16): 0, 0, 0, 0, 0, 0, 0, 0, 0, 0, 0, 0, 0, 0, 0, 0
  PE(34) Inst(9) Data1:
remuRedist Tags (tagWidth=16): 0, 0, 0, 0, 0, 0, 0, 0, 0, 0, 0, 0, 0, 0, 0, 0
remuRedist Forward bitvector (len=16): 0, 0, 0, 0, 0, 0, 0, 0, 0, 0, 0, 0, 0, 0, 0, 0
  PE(34) Inst(9) Data2:
remuRedist Tags (tagWidth=16): 0, 0, 0, 0, 0, 0, 0, 0, 0, 0, 0, 0, 0, 0, 0, 0
remuRedist Forward bitvector (len=16): 0, 0, 0, 0, 0, 0, 0, 0, 0, 0, 0, 0, 0, 0, 0, 0
  PE(34) Inst(9) Data3:
remuRedist Tags (tagWidth=16): 0, 0, 0, 0, 0, 0, 0, 0, 0, 0, 0, 0, 0, 0, 0, 0
remuRedist Forward bitvector (len=16): 0, 0, 0, 0, 0, 0, 0, 0, 0, 0, 0, 0, 0, 0, 0, 0
  PE(34) Inst(10) Data0:
remuRedist Tags (tagWidth=16): 0, 0, 0, 0, 0, 0, 0, 0, 0, 0, 0, 0, 0, 0, 0, 0
remuRedist Forward bitvector (len=16): 0, 0, 0, 0, 0, 0, 0, 0, 0, 0, 0, 0, 0, 0, 0, 0
  PE(34) Inst(10) Data1:
remuRedist Tags (tagWidth=16): 0, 0, 0, 0, 0, 0, 0, 0, 0, 0, 0, 0, 0, 0, 0, 0
remuRedist Forward bitvector (len=16): 0, 0, 0, 0, 0, 0, 0, 0, 0, 0, 0, 0, 0, 0, 0, 0
  PE(34) Inst(10) Data2:
remuRedist Tags (tagWidth=16): 0, 0, 0, 0, 0, 0, 0, 0, 0, 0, 0, 0, 0, 0, 0, 0
remuRedist Forward bitvector (len=16): 0, 0, 0, 0, 0, 0, 0, 0, 0, 0, 0, 0, 0, 0, 0, 0
  PE(34) Inst(10) Data3:
remuRedist Tags (tagWidth=16): 0, 0, 0, 0, 0, 0, 0, 0, 0, 0, 0, 0, 0, 0, 0, 0
remuRedist Forward bitvector (len=16): 0, 0, 0, 0, 0, 0, 0, 0, 0, 0, 0, 0, 0, 0, 0, 0
  PE(34) Inst(11) Data0:
remuRedist Tags (tagWidth=16): 0, 0, 0, 0, 0, 0, 0, 0, 0, 0, 0, 0, 0, 0, 0, 0
remuRedist Forward bitvector (len=16): 0, 0, 0, 0, 0, 0, 0, 0, 0, 0, 0, 0, 0, 0, 0, 0
  PE(34) Inst(11) Data1:
remuRedist Tags (tagWidth=16): 0, 0, 0, 0, 0, 0, 0, 0, 0, 0, 0, 0, 0, 0, 0, 0
remuRedist Forward bitvector (len=16): 0, 0, 0, 0, 0, 0, 0, 0, 0, 0, 0, 0, 0, 0, 0, 0
  PE(34) Inst(11) Data2:
remuRedist Tags (tagWidth=16): 0, 0, 0, 0, 0, 0, 0, 0, 0, 0, 0, 0, 0, 0, 0, 0
remuRedist Forward bitvector (len=16): 0, 0, 0, 0, 0, 0, 0, 0, 0, 0, 0, 0, 0, 0, 0, 0
  PE(34) Inst(11) Data3:
remuRedist Tags (tagWidth=16): 0, 0, 0, 0, 0, 0, 0, 0, 0, 0, 0, 0, 0, 0, 0, 0
remuRedist Forward bitvector (len=16): 0, 0, 0, 0, 0, 0, 0, 0, 0, 0, 0, 0, 0, 0, 0, 0
  PE(34) Inst(12) Data0:
remuRedist Tags (tagWidth=16): 0, 0, 0, 0, 0, 0, 0, 0, 0, 0, 0, 0, 0, 0, 0, 0
remuRedist Forward bitvector (len=16): 0, 0, 0, 0, 0, 0, 0, 0, 0, 0, 0, 0, 0, 0, 0, 0
  PE(34) Inst(12) Data1:
remuRedist Tags (tagWidth=16): 0, 0, 0, 0, 0, 0, 0, 0, 0, 0, 0, 0, 0, 0, 0, 0
remuRedist Forward bitvector (len=16): 0, 0, 0, 0, 0, 0, 0, 0, 0, 0, 0, 0, 0, 0, 0, 0
  PE(34) Inst(12) Data2:
remuRedist Tags (tagWidth=16): 0, 0, 0, 0, 0, 0, 0, 0, 0, 0, 0, 0, 0, 0, 0, 0
remuRedist Forward bitvector (len=16): 0, 0, 0, 0, 0, 0, 0, 0, 0, 0, 0, 0, 0, 0, 0, 0
  PE(34) Inst(12) Data3:
remuRedist Tags (tagWidth=16): 0, 0, 0, 0, 0, 0, 0, 0, 0, 0, 0, 0, 0, 0, 0, 0
remuRedist Forward bitvector (len=16): 0, 0, 0, 0, 0, 0, 0, 0, 0, 0, 0, 0, 0, 0, 0, 0
  PE(34) Inst(13) Data0:
remuRedist Tags (tagWidth=16): 0, 0, 0, 0, 0, 0, 0, 0, 0, 0, 0, 0, 0, 0, 0, 0
remuRedist Forward bitvector (len=16): 0, 0, 0, 0, 0, 0, 0, 0, 0, 0, 0, 0, 0, 0, 0, 0
  PE(34) Inst(13) Data1:
remuRedist Tags (tagWidth=16): 0, 0, 0, 0, 0, 0, 0, 0, 0, 0, 0, 0, 0, 0, 0, 0
remuRedist Forward bitvector (len=16): 0, 0, 0, 0, 0, 0, 0, 0, 0, 0, 0, 0, 0, 0, 0, 0
  PE(34) Inst(13) Data2:
remuRedist Tags (tagWidth=16): 0, 0, 0, 0, 0, 0, 0, 0, 0, 0, 0, 0, 0, 0, 0, 0
remuRedist Forward bitvector (len=16): 0, 0, 0, 0, 0, 0, 0, 0, 0, 0, 0, 0, 0, 0, 0, 0
  PE(34) Inst(13) Data3:
remuRedist Tags (tagWidth=16): 0, 0, 0, 0, 0, 0, 0, 0, 0, 0, 0, 0, 0, 0, 0, 0
remuRedist Forward bitvector (len=16): 0, 0, 0, 0, 0, 0, 0, 0, 0, 0, 0, 0, 0, 0, 0, 0
  PE(34) Inst(14) Data0:
remuRedist Tags (tagWidth=16): 0, 0, 0, 0, 0, 0, 0, 0, 0, 0, 0, 0, 0, 0, 0, 0
remuRedist Forward bitvector (len=16): 0, 0, 0, 0, 0, 0, 0, 0, 0, 0, 0, 0, 0, 0, 0, 0
  PE(34) Inst(14) Data1:
remuRedist Tags (tagWidth=16): 0, 0, 0, 0, 0, 0, 0, 0, 0, 0, 0, 0, 0, 0, 0, 0
remuRedist Forward bitvector (len=16): 0, 0, 0, 0, 0, 0, 0, 0, 0, 0, 0, 0, 0, 0, 0, 0
  PE(34) Inst(14) Data2:
remuRedist Tags (tagWidth=16): 0, 0, 0, 0, 0, 0, 0, 0, 0, 0, 0, 0, 0, 0, 0, 0
remuRedist Forward bitvector (len=16): 0, 0, 0, 0, 0, 0, 0, 0, 0, 0, 0, 0, 0, 0, 0, 0
  PE(34) Inst(14) Data3:
remuRedist Tags (tagWidth=16): 0, 0, 0, 0, 0, 0, 0, 0, 0, 0, 0, 0, 0, 0, 0, 0
remuRedist Forward bitvector (len=16): 0, 0, 0, 0, 0, 0, 0, 0, 0, 0, 0, 0, 0, 0, 0, 0
  PE(34) Inst(15) Data0:
remuRedist Tags (tagWidth=16): 0, 0, 0, 0, 0, 0, 0, 0, 0, 0, 0, 0, 0, 0, 0, 0
remuRedist Forward bitvector (len=16): 0, 0, 0, 0, 0, 0, 0, 0, 0, 0, 0, 0, 0, 0, 0, 0
  PE(34) Inst(15) Data1:
remuRedist Tags (tagWidth=16): 0, 0, 0, 0, 0, 0, 0, 0, 0, 0, 0, 0, 0, 0, 0, 0
remuRedist Forward bitvector (len=16): 0, 0, 0, 0, 0, 0, 0, 0, 0, 0, 0, 0, 0, 0, 0, 0
  PE(34) Inst(15) Data2:
remuRedist Tags (tagWidth=16): 0, 0, 0, 0, 0, 0, 0, 0, 0, 0, 0, 0, 0, 0, 0, 0
remuRedist Forward bitvector (len=16): 0, 0, 0, 0, 0, 0, 0, 0, 0, 0, 0, 0, 0, 0, 0, 0
  PE(34) Inst(15) Data3:
remuRedist Tags (tagWidth=16): 0, 0, 0, 0, 0, 0, 0, 0, 0, 0, 0, 0, 0, 0, 0, 0
remuRedist Forward bitvector (len=16): 0, 0, 0, 0, 0, 0, 0, 0, 0, 0, 0, 0, 0, 0, 0, 0
remuRedist(35):
  PE(35) Inst(0) Data0:
remuRedist Tags (tagWidth=16): 0, 0, 1, 0, 0, 0, 0, 0, 0, 0, 0, 0, 0, 0, 0, 0
remuRedist Forward bitvector (len=16): 1, 0, 0, 0, 0, 0, 0, 0, 0, 0, 0, 0, 0, 0, 0, 0
  PE(35) Inst(0) Data1:
remuRedist Tags (tagWidth=16): 1, 0, 0, 1, 0, 0, 0, 0, 0, 0, 0, 0, 0, 0, 0, 0
remuRedist Forward bitvector (len=16): 1, 0, 0, 0, 0, 0, 0, 0, 0, 0, 0, 0, 0, 0, 0, 0
  PE(35) Inst(0) Data2:
remuRedist Tags (tagWidth=16): 0, 1, 0, 0, 1, 1, 0, 0, 0, 0, 0, 0, 0, 0, 0, 0
remuRedist Forward bitvector (len=16): 1, 0, 0, 0, 0, 0, 0, 0, 0, 0, 0, 0, 0, 0, 0, 0
  PE(35) Inst(0) Data3:
remuRedist Tags (tagWidth=16): 0, 0, 0, 0, 0, 0, 0, 0, 0, 0, 0, 0, 0, 0, 0, 0
remuRedist Forward bitvector (len=16): 0, 0, 0, 0, 0, 0, 0, 0, 0, 0, 0, 0, 0, 0, 0, 0
  PE(35) Inst(1) Data0:
remuRedist Tags (tagWidth=16): 0, 1, 1, 0, 0, 0, 0, 0, 0, 0, 0, 0, 0, 0, 0, 0
remuRedist Forward bitvector (len=16): 0, 1, 0, 0, 0, 0, 0, 0, 0, 0, 0, 0, 0, 0, 0, 0
  PE(35) Inst(1) Data1:
remuRedist Tags (tagWidth=16): 1, 0, 1, 0, 1, 0, 0, 0, 0, 0, 0, 0, 0, 0, 0, 0
remuRedist Forward bitvector (len=16): 0, 1, 0, 0, 0, 0, 0, 0, 0, 0, 0, 0, 0, 0, 0, 0
  PE(35) Inst(1) Data2:
remuRedist Tags (tagWidth=16): 0, 0, 0, 0, 0, 1, 1, 0, 0, 0, 0, 0, 0, 0, 0, 0
remuRedist Forward bitvector (len=16): 0, 1, 0, 0, 0, 0, 0, 0, 0, 0, 0, 0, 0, 0, 0, 0
  PE(35) Inst(1) Data3:
remuRedist Tags (tagWidth=16): 0, 0, 0, 0, 0, 0, 0, 0, 0, 0, 0, 0, 0, 0, 0, 0
remuRedist Forward bitvector (len=16): 0, 0, 0, 0, 0, 0, 0, 0, 0, 0, 0, 0, 0, 0, 0, 0
  PE(35) Inst(2) Data0:
remuRedist Tags (tagWidth=16): 1, 1, 0, 0, 1, 0, 0, 0, 0, 0, 0, 0, 0, 0, 0, 0
remuRedist Forward bitvector (len=16): 0, 0, 1, 0, 0, 0, 0, 0, 0, 0, 0, 0, 0, 0, 0, 0
  PE(35) Inst(2) Data1:
remuRedist Tags (tagWidth=16): 0, 1, 0, 0, 1, 0, 0, 0, 0, 0, 0, 0, 0, 0, 0, 0
remuRedist Forward bitvector (len=16): 0, 0, 1, 0, 0, 0, 0, 0, 0, 0, 0, 0, 0, 0, 0, 0
  PE(35) Inst(2) Data2:
remuRedist Tags (tagWidth=16): 0, 0, 0, 0, 0, 0, 0, 0, 0, 0, 0, 0, 0, 0, 0, 0
remuRedist Forward bitvector (len=16): 0, 0, 0, 0, 0, 0, 0, 0, 0, 0, 0, 0, 0, 0, 0, 0
  PE(35) Inst(2) Data3:
remuRedist Tags (tagWidth=16): 0, 0, 0, 0, 0, 0, 0, 0, 0, 0, 0, 0, 0, 0, 0, 0
remuRedist Forward bitvector (len=16): 0, 0, 0, 0, 0, 0, 0, 0, 0, 0, 0, 0, 0, 0, 0, 0
  PE(35) Inst(3) Data0:
remuRedist Tags (tagWidth=16): 0, 0, 1, 0, 1, 0, 0, 0, 0, 0, 0, 0, 0, 0, 0, 0
remuRedist Forward bitvector (len=16): 0, 0, 0, 1, 0, 0, 0, 0, 0, 0, 0, 0, 0, 0, 0, 0
  PE(35) Inst(3) Data1:
remuRedist Tags (tagWidth=16): 1, 1, 1, 0, 1, 0, 0, 0, 0, 0, 0, 0, 0, 0, 0, 0
remuRedist Forward bitvector (len=16): 0, 0, 0, 1, 0, 0, 0, 0, 0, 0, 0, 0, 0, 0, 0, 0
  PE(35) Inst(3) Data2:
remuRedist Tags (tagWidth=16): 0, 0, 0, 0, 0, 0, 0, 0, 0, 0, 0, 0, 0, 0, 0, 0
remuRedist Forward bitvector (len=16): 0, 0, 0, 0, 0, 0, 0, 0, 0, 0, 0, 0, 0, 0, 0, 0
  PE(35) Inst(3) Data3:
remuRedist Tags (tagWidth=16): 0, 0, 0, 0, 0, 0, 0, 0, 0, 0, 0, 0, 0, 0, 0, 0
remuRedist Forward bitvector (len=16): 0, 0, 0, 0, 0, 0, 0, 0, 0, 0, 0, 0, 0, 0, 0, 0
  PE(35) Inst(4) Data0:
remuRedist Tags (tagWidth=16): 0, 0, 0, 0, 0, 0, 0, 0, 0, 0, 0, 0, 0, 0, 0, 0
remuRedist Forward bitvector (len=16): 0, 0, 0, 0, 0, 0, 0, 0, 0, 0, 0, 0, 0, 0, 0, 0
  PE(35) Inst(4) Data1:
remuRedist Tags (tagWidth=16): 0, 0, 0, 0, 0, 0, 0, 0, 0, 0, 0, 0, 0, 0, 0, 0
remuRedist Forward bitvector (len=16): 0, 0, 0, 0, 0, 0, 0, 0, 0, 0, 0, 0, 0, 0, 0, 0
  PE(35) Inst(4) Data2:
remuRedist Tags (tagWidth=16): 0, 0, 0, 0, 0, 0, 0, 0, 0, 0, 0, 0, 0, 0, 0, 0
remuRedist Forward bitvector (len=16): 0, 0, 0, 0, 0, 0, 0, 0, 0, 0, 0, 0, 0, 0, 0, 0
  PE(35) Inst(4) Data3:
remuRedist Tags (tagWidth=16): 0, 0, 0, 0, 0, 0, 0, 0, 0, 0, 0, 0, 0, 0, 0, 0
remuRedist Forward bitvector (len=16): 0, 0, 0, 0, 0, 0, 0, 0, 0, 0, 0, 0, 0, 0, 0, 0
  PE(35) Inst(5) Data0:
remuRedist Tags (tagWidth=16): 0, 0, 0, 0, 0, 0, 0, 0, 0, 0, 0, 0, 0, 0, 0, 0
remuRedist Forward bitvector (len=16): 0, 0, 0, 0, 0, 0, 0, 0, 0, 0, 0, 0, 0, 0, 0, 0
  PE(35) Inst(5) Data1:
remuRedist Tags (tagWidth=16): 0, 0, 0, 0, 0, 0, 0, 0, 0, 0, 0, 0, 0, 0, 0, 0
remuRedist Forward bitvector (len=16): 0, 0, 0, 0, 0, 0, 0, 0, 0, 0, 0, 0, 0, 0, 0, 0
  PE(35) Inst(5) Data2:
remuRedist Tags (tagWidth=16): 0, 0, 0, 0, 0, 0, 0, 0, 0, 0, 0, 0, 0, 0, 0, 0
remuRedist Forward bitvector (len=16): 0, 0, 0, 0, 0, 0, 0, 0, 0, 0, 0, 0, 0, 0, 0, 0
  PE(35) Inst(5) Data3:
remuRedist Tags (tagWidth=16): 0, 0, 0, 0, 0, 0, 0, 0, 0, 0, 0, 0, 0, 0, 0, 0
remuRedist Forward bitvector (len=16): 0, 0, 0, 0, 0, 0, 0, 0, 0, 0, 0, 0, 0, 0, 0, 0
  PE(35) Inst(6) Data0:
remuRedist Tags (tagWidth=16): 0, 0, 0, 0, 0, 0, 0, 0, 0, 0, 0, 0, 0, 0, 0, 0
remuRedist Forward bitvector (len=16): 0, 0, 0, 0, 0, 0, 0, 0, 0, 0, 0, 0, 0, 0, 0, 0
  PE(35) Inst(6) Data1:
remuRedist Tags (tagWidth=16): 0, 0, 0, 0, 0, 0, 0, 0, 0, 0, 0, 0, 0, 0, 0, 0
remuRedist Forward bitvector (len=16): 0, 0, 0, 0, 0, 0, 0, 0, 0, 0, 0, 0, 0, 0, 0, 0
  PE(35) Inst(6) Data2:
remuRedist Tags (tagWidth=16): 0, 0, 0, 0, 0, 0, 0, 0, 0, 0, 0, 0, 0, 0, 0, 0
remuRedist Forward bitvector (len=16): 0, 0, 0, 0, 0, 0, 0, 0, 0, 0, 0, 0, 0, 0, 0, 0
  PE(35) Inst(6) Data3:
remuRedist Tags (tagWidth=16): 0, 0, 0, 0, 0, 0, 0, 0, 0, 0, 0, 0, 0, 0, 0, 0
remuRedist Forward bitvector (len=16): 0, 0, 0, 0, 0, 0, 0, 0, 0, 0, 0, 0, 0, 0, 0, 0
  PE(35) Inst(7) Data0:
remuRedist Tags (tagWidth=16): 0, 0, 0, 0, 0, 0, 0, 0, 0, 0, 0, 0, 0, 0, 0, 0
remuRedist Forward bitvector (len=16): 0, 0, 0, 0, 0, 0, 0, 0, 0, 0, 0, 0, 0, 0, 0, 0
  PE(35) Inst(7) Data1:
remuRedist Tags (tagWidth=16): 0, 0, 0, 0, 0, 0, 0, 0, 0, 0, 0, 0, 0, 0, 0, 0
remuRedist Forward bitvector (len=16): 0, 0, 0, 0, 0, 0, 0, 0, 0, 0, 0, 0, 0, 0, 0, 0
  PE(35) Inst(7) Data2:
remuRedist Tags (tagWidth=16): 0, 0, 0, 0, 0, 0, 0, 0, 0, 0, 0, 0, 0, 0, 0, 0
remuRedist Forward bitvector (len=16): 0, 0, 0, 0, 0, 0, 0, 0, 0, 0, 0, 0, 0, 0, 0, 0
  PE(35) Inst(7) Data3:
remuRedist Tags (tagWidth=16): 0, 0, 0, 0, 0, 0, 0, 0, 0, 0, 0, 0, 0, 0, 0, 0
remuRedist Forward bitvector (len=16): 0, 0, 0, 0, 0, 0, 0, 0, 0, 0, 0, 0, 0, 0, 0, 0
  PE(35) Inst(8) Data0:
remuRedist Tags (tagWidth=16): 0, 0, 0, 0, 0, 0, 0, 0, 0, 0, 0, 0, 0, 0, 0, 0
remuRedist Forward bitvector (len=16): 0, 0, 0, 0, 0, 0, 0, 0, 0, 0, 0, 0, 0, 0, 0, 0
  PE(35) Inst(8) Data1:
remuRedist Tags (tagWidth=16): 0, 0, 0, 0, 0, 0, 0, 0, 0, 0, 0, 0, 0, 0, 0, 0
remuRedist Forward bitvector (len=16): 0, 0, 0, 0, 0, 0, 0, 0, 0, 0, 0, 0, 0, 0, 0, 0
  PE(35) Inst(8) Data2:
remuRedist Tags (tagWidth=16): 0, 0, 0, 0, 0, 0, 0, 0, 0, 0, 0, 0, 0, 0, 0, 0
remuRedist Forward bitvector (len=16): 0, 0, 0, 0, 0, 0, 0, 0, 0, 0, 0, 0, 0, 0, 0, 0
  PE(35) Inst(8) Data3:
remuRedist Tags (tagWidth=16): 0, 0, 0, 0, 0, 0, 0, 0, 0, 0, 0, 0, 0, 0, 0, 0
remuRedist Forward bitvector (len=16): 0, 0, 0, 0, 0, 0, 0, 0, 0, 0, 0, 0, 0, 0, 0, 0
  PE(35) Inst(9) Data0:
remuRedist Tags (tagWidth=16): 0, 0, 0, 0, 0, 0, 0, 0, 0, 0, 0, 0, 0, 0, 0, 0
remuRedist Forward bitvector (len=16): 0, 0, 0, 0, 0, 0, 0, 0, 0, 0, 0, 0, 0, 0, 0, 0
  PE(35) Inst(9) Data1:
remuRedist Tags (tagWidth=16): 0, 0, 0, 0, 0, 0, 0, 0, 0, 0, 0, 0, 0, 0, 0, 0
remuRedist Forward bitvector (len=16): 0, 0, 0, 0, 0, 0, 0, 0, 0, 0, 0, 0, 0, 0, 0, 0
  PE(35) Inst(9) Data2:
remuRedist Tags (tagWidth=16): 0, 0, 0, 0, 0, 0, 0, 0, 0, 0, 0, 0, 0, 0, 0, 0
remuRedist Forward bitvector (len=16): 0, 0, 0, 0, 0, 0, 0, 0, 0, 0, 0, 0, 0, 0, 0, 0
  PE(35) Inst(9) Data3:
remuRedist Tags (tagWidth=16): 0, 0, 0, 0, 0, 0, 0, 0, 0, 0, 0, 0, 0, 0, 0, 0
remuRedist Forward bitvector (len=16): 0, 0, 0, 0, 0, 0, 0, 0, 0, 0, 0, 0, 0, 0, 0, 0
  PE(35) Inst(10) Data0:
remuRedist Tags (tagWidth=16): 0, 0, 0, 0, 0, 0, 0, 0, 0, 0, 0, 0, 0, 0, 0, 0
remuRedist Forward bitvector (len=16): 0, 0, 0, 0, 0, 0, 0, 0, 0, 0, 0, 0, 0, 0, 0, 0
  PE(35) Inst(10) Data1:
remuRedist Tags (tagWidth=16): 0, 0, 0, 0, 0, 0, 0, 0, 0, 0, 0, 0, 0, 0, 0, 0
remuRedist Forward bitvector (len=16): 0, 0, 0, 0, 0, 0, 0, 0, 0, 0, 0, 0, 0, 0, 0, 0
  PE(35) Inst(10) Data2:
remuRedist Tags (tagWidth=16): 0, 0, 0, 0, 0, 0, 0, 0, 0, 0, 0, 0, 0, 0, 0, 0
remuRedist Forward bitvector (len=16): 0, 0, 0, 0, 0, 0, 0, 0, 0, 0, 0, 0, 0, 0, 0, 0
  PE(35) Inst(10) Data3:
remuRedist Tags (tagWidth=16): 0, 0, 0, 0, 0, 0, 0, 0, 0, 0, 0, 0, 0, 0, 0, 0
remuRedist Forward bitvector (len=16): 0, 0, 0, 0, 0, 0, 0, 0, 0, 0, 0, 0, 0, 0, 0, 0
  PE(35) Inst(11) Data0:
remuRedist Tags (tagWidth=16): 0, 0, 0, 0, 0, 0, 0, 0, 0, 0, 0, 0, 0, 0, 0, 0
remuRedist Forward bitvector (len=16): 0, 0, 0, 0, 0, 0, 0, 0, 0, 0, 0, 0, 0, 0, 0, 0
  PE(35) Inst(11) Data1:
remuRedist Tags (tagWidth=16): 0, 0, 0, 0, 0, 0, 0, 0, 0, 0, 0, 0, 0, 0, 0, 0
remuRedist Forward bitvector (len=16): 0, 0, 0, 0, 0, 0, 0, 0, 0, 0, 0, 0, 0, 0, 0, 0
  PE(35) Inst(11) Data2:
remuRedist Tags (tagWidth=16): 0, 0, 0, 0, 0, 0, 0, 0, 0, 0, 0, 0, 0, 0, 0, 0
remuRedist Forward bitvector (len=16): 0, 0, 0, 0, 0, 0, 0, 0, 0, 0, 0, 0, 0, 0, 0, 0
  PE(35) Inst(11) Data3:
remuRedist Tags (tagWidth=16): 0, 0, 0, 0, 0, 0, 0, 0, 0, 0, 0, 0, 0, 0, 0, 0
remuRedist Forward bitvector (len=16): 0, 0, 0, 0, 0, 0, 0, 0, 0, 0, 0, 0, 0, 0, 0, 0
  PE(35) Inst(12) Data0:
remuRedist Tags (tagWidth=16): 0, 0, 0, 0, 0, 0, 0, 0, 0, 0, 0, 0, 0, 0, 0, 0
remuRedist Forward bitvector (len=16): 0, 0, 0, 0, 0, 0, 0, 0, 0, 0, 0, 0, 0, 0, 0, 0
  PE(35) Inst(12) Data1:
remuRedist Tags (tagWidth=16): 0, 0, 0, 0, 0, 0, 0, 0, 0, 0, 0, 0, 0, 0, 0, 0
remuRedist Forward bitvector (len=16): 0, 0, 0, 0, 0, 0, 0, 0, 0, 0, 0, 0, 0, 0, 0, 0
  PE(35) Inst(12) Data2:
remuRedist Tags (tagWidth=16): 0, 0, 0, 0, 0, 0, 0, 0, 0, 0, 0, 0, 0, 0, 0, 0
remuRedist Forward bitvector (len=16): 0, 0, 0, 0, 0, 0, 0, 0, 0, 0, 0, 0, 0, 0, 0, 0
  PE(35) Inst(12) Data3:
remuRedist Tags (tagWidth=16): 0, 0, 0, 0, 0, 0, 0, 0, 0, 0, 0, 0, 0, 0, 0, 0
remuRedist Forward bitvector (len=16): 0, 0, 0, 0, 0, 0, 0, 0, 0, 0, 0, 0, 0, 0, 0, 0
  PE(35) Inst(13) Data0:
remuRedist Tags (tagWidth=16): 0, 0, 0, 0, 0, 0, 0, 0, 0, 0, 0, 0, 0, 0, 0, 0
remuRedist Forward bitvector (len=16): 0, 0, 0, 0, 0, 0, 0, 0, 0, 0, 0, 0, 0, 0, 0, 0
  PE(35) Inst(13) Data1:
remuRedist Tags (tagWidth=16): 0, 0, 0, 0, 0, 0, 0, 0, 0, 0, 0, 0, 0, 0, 0, 0
remuRedist Forward bitvector (len=16): 0, 0, 0, 0, 0, 0, 0, 0, 0, 0, 0, 0, 0, 0, 0, 0
  PE(35) Inst(13) Data2:
remuRedist Tags (tagWidth=16): 0, 0, 0, 0, 0, 0, 0, 0, 0, 0, 0, 0, 0, 0, 0, 0
remuRedist Forward bitvector (len=16): 0, 0, 0, 0, 0, 0, 0, 0, 0, 0, 0, 0, 0, 0, 0, 0
  PE(35) Inst(13) Data3:
remuRedist Tags (tagWidth=16): 0, 0, 0, 0, 0, 0, 0, 0, 0, 0, 0, 0, 0, 0, 0, 0
remuRedist Forward bitvector (len=16): 0, 0, 0, 0, 0, 0, 0, 0, 0, 0, 0, 0, 0, 0, 0, 0
  PE(35) Inst(14) Data0:
remuRedist Tags (tagWidth=16): 0, 0, 0, 0, 0, 0, 0, 0, 0, 0, 0, 0, 0, 0, 0, 0
remuRedist Forward bitvector (len=16): 0, 0, 0, 0, 0, 0, 0, 0, 0, 0, 0, 0, 0, 0, 0, 0
  PE(35) Inst(14) Data1:
remuRedist Tags (tagWidth=16): 0, 0, 0, 0, 0, 0, 0, 0, 0, 0, 0, 0, 0, 0, 0, 0
remuRedist Forward bitvector (len=16): 0, 0, 0, 0, 0, 0, 0, 0, 0, 0, 0, 0, 0, 0, 0, 0
  PE(35) Inst(14) Data2:
remuRedist Tags (tagWidth=16): 0, 0, 0, 0, 0, 0, 0, 0, 0, 0, 0, 0, 0, 0, 0, 0
remuRedist Forward bitvector (len=16): 0, 0, 0, 0, 0, 0, 0, 0, 0, 0, 0, 0, 0, 0, 0, 0
  PE(35) Inst(14) Data3:
remuRedist Tags (tagWidth=16): 0, 0, 0, 0, 0, 0, 0, 0, 0, 0, 0, 0, 0, 0, 0, 0
remuRedist Forward bitvector (len=16): 0, 0, 0, 0, 0, 0, 0, 0, 0, 0, 0, 0, 0, 0, 0, 0
  PE(35) Inst(15) Data0:
remuRedist Tags (tagWidth=16): 0, 0, 0, 0, 0, 0, 0, 0, 0, 0, 0, 0, 0, 0, 0, 0
remuRedist Forward bitvector (len=16): 0, 0, 0, 0, 0, 0, 0, 0, 0, 0, 0, 0, 0, 0, 0, 0
  PE(35) Inst(15) Data1:
remuRedist Tags (tagWidth=16): 0, 0, 0, 0, 0, 0, 0, 0, 0, 0, 0, 0, 0, 0, 0, 0
remuRedist Forward bitvector (len=16): 0, 0, 0, 0, 0, 0, 0, 0, 0, 0, 0, 0, 0, 0, 0, 0
  PE(35) Inst(15) Data2:
remuRedist Tags (tagWidth=16): 0, 0, 0, 0, 0, 0, 0, 0, 0, 0, 0, 0, 0, 0, 0, 0
remuRedist Forward bitvector (len=16): 0, 0, 0, 0, 0, 0, 0, 0, 0, 0, 0, 0, 0, 0, 0, 0
  PE(35) Inst(15) Data3:
remuRedist Tags (tagWidth=16): 0, 0, 0, 0, 0, 0, 0, 0, 0, 0, 0, 0, 0, 0, 0, 0
remuRedist Forward bitvector (len=16): 0, 0, 0, 0, 0, 0, 0, 0, 0, 0, 0, 0, 0, 0, 0, 0

remuRegV:
remuRegV(0):
remuRegV Tags (tagWidth=16): 0, 0, 0, 0, 0, 0, 0, 0, 0, 0, 0, 0, 0, 0, 0, 0
remuRegV Inputs (4 bits, d0~d3): 0, 0, 0, 0
remuRegV(1):
remuRegV Tags (tagWidth=16): 0, 0, 0, 0, 0, 0, 0, 0, 0, 0, 0, 0, 0, 0, 0, 0
remuRegV Inputs (4 bits, d0~d3): 0, 0, 0, 0
remuRegV(2):
remuRegV Tags (tagWidth=16): 0, 0, 0, 0, 0, 0, 0, 0, 0, 0, 0, 0, 0, 0, 0, 0
remuRegV Inputs (4 bits, d0~d3): 0, 0, 0, 0
remuRegV(3):
remuRegV Tags (tagWidth=16): 0, 0, 0, 0, 0, 0, 0, 0, 0, 0, 0, 0, 0, 0, 0, 0
remuRegV Inputs (4 bits, d0~d3): 0, 0, 0, 0
remuRegV(4):
remuRegV Tags (tagWidth=16): 0, 0, 0, 0, 0, 0, 0, 0, 0, 0, 0, 0, 0, 0, 0, 0
remuRegV Inputs (4 bits, d0~d3): 0, 0, 0, 0
remuRegV(5):
remuRegV Tags (tagWidth=16): 0, 0, 0, 0, 0, 0, 0, 0, 0, 0, 0, 0, 0, 0, 0, 0
remuRegV Inputs (4 bits, d0~d3): 0, 0, 0, 0
remuRegV(6):
remuRegV Tags (tagWidth=16): 0, 0, 0, 0, 0, 0, 0, 0, 0, 0, 0, 0, 0, 0, 0, 0
remuRegV Inputs (4 bits, d0~d3): 0, 0, 0, 0
remuRegV(7):
remuRegV Tags (tagWidth=16): 0, 0, 0, 0, 0, 0, 0, 0, 0, 0, 0, 0, 0, 0, 0, 0
remuRegV Inputs (4 bits, d0~d3): 0, 0, 0, 0
remuRegV(8):
remuRegV Tags (tagWidth=16): 0, 0, 0, 0, 0, 0, 0, 0, 0, 0, 0, 0, 0, 0, 0, 0
remuRegV Inputs (4 bits, d0~d3): 0, 0, 0, 0
remuRegV(9):
remuRegV Tags (tagWidth=16): 0, 0, 0, 0, 0, 0, 0, 0, 0, 0, 0, 0, 0, 0, 0, 0
remuRegV Inputs (4 bits, d0~d3): 0, 0, 0, 0
remuRegV(10):
remuRegV Tags (tagWidth=16): 0, 0, 0, 0, 0, 0, 0, 0, 0, 0, 0, 0, 0, 0, 0, 0
remuRegV Inputs (4 bits, d0~d3): 0, 0, 0, 0
remuRegV(11):
remuRegV Tags (tagWidth=16): 0, 0, 0, 0, 0, 0, 0, 0, 0, 0, 0, 0, 0, 0, 0, 0
remuRegV Inputs (4 bits, d0~d3): 0, 0, 0, 0
remuRegV(12):
remuRegV Tags (tagWidth=16): 0, 0, 0, 0, 0, 0, 0, 0, 0, 0, 0, 0, 0, 0, 0, 0
remuRegV Inputs (4 bits, d0~d3): 0, 0, 0, 0
remuRegV(13):
remuRegV Tags (tagWidth=16): 0, 0, 0, 0, 0, 0, 0, 0, 0, 0, 0, 0, 0, 0, 0, 0
remuRegV Inputs (4 bits, d0~d3): 0, 0, 0, 0
remuRegV(14):
remuRegV Tags (tagWidth=16): 1, 1, 1, 0, 0, 1, 1, 0, 0, 0, 0, 0, 0, 0, 0, 0
remuRegV Inputs (4 bits, d0~d3): 1, 0, 0, 0
remuRegV(15):
remuRegV Tags (tagWidth=16): 0, 0, 0, 0, 0, 0, 0, 0, 0, 0, 0, 0, 0, 0, 0, 0
remuRegV Inputs (4 bits, d0~d3): 0, 0, 0, 0
remuRegV(16):
remuRegV Tags (tagWidth=16): 0, 0, 0, 0, 0, 0, 0, 0, 0, 0, 0, 0, 0, 0, 0, 0
remuRegV Inputs (4 bits, d0~d3): 0, 0, 0, 0
remuRegV(17):
remuRegV Tags (tagWidth=16): 0, 0, 0, 0, 0, 0, 0, 0, 0, 0, 0, 0, 0, 0, 0, 0
remuRegV Inputs (4 bits, d0~d3): 0, 0, 0, 0
remuRegV(18):
remuRegV Tags (tagWidth=16): 0, 0, 0, 0, 0, 0, 0, 0, 0, 0, 0, 0, 0, 0, 0, 0
remuRegV Inputs (4 bits, d0~d3): 0, 0, 0, 0
remuRegV(19):
remuRegV Tags (tagWidth=16): 0, 0, 0, 0, 0, 0, 0, 0, 0, 0, 0, 0, 0, 0, 0, 0
remuRegV Inputs (4 bits, d0~d3): 0, 0, 0, 0
remuRegV(20):
remuRegV Tags (tagWidth=16): 0, 0, 0, 0, 0, 0, 0, 0, 0, 0, 0, 0, 0, 0, 0, 0
remuRegV Inputs (4 bits, d0~d3): 0, 0, 0, 0
remuRegV(21):
remuRegV Tags (tagWidth=16): 1, 0, 0, 1, 0, 1, 1, 0, 0, 0, 0, 0, 0, 0, 0, 0
remuRegV Inputs (4 bits, d0~d3): 1, 0, 0, 0
remuRegV(22):
remuRegV Tags (tagWidth=16): 0, 1, 0, 1, 0, 1, 1, 0, 0, 0, 0, 0, 0, 0, 0, 0
remuRegV Inputs (4 bits, d0~d3): 1, 0, 0, 0
remuRegV(23):
remuRegV Tags (tagWidth=16): 0, 0, 0, 0, 0, 0, 0, 0, 0, 0, 0, 0, 0, 0, 0, 0
remuRegV Inputs (4 bits, d0~d3): 0, 0, 0, 0
remuRegV(24):
remuRegV Tags (tagWidth=16): 0, 0, 0, 0, 0, 0, 0, 0, 0, 0, 0, 0, 0, 0, 0, 0
remuRegV Inputs (4 bits, d0~d3): 0, 0, 0, 0
remuRegV(25):
remuRegV Tags (tagWidth=16): 0, 0, 0, 0, 0, 0, 0, 0, 0, 0, 0, 0, 0, 0, 0, 0
remuRegV Inputs (4 bits, d0~d3): 0, 0, 0, 0
remuRegV(26):
remuRegV Tags (tagWidth=16): 0, 0, 0, 0, 0, 0, 0, 0, 0, 0, 0, 0, 0, 0, 0, 0
remuRegV Inputs (4 bits, d0~d3): 0, 0, 0, 0
remuRegV(27):
remuRegV Tags (tagWidth=16): 0, 0, 0, 0, 0, 0, 0, 0, 0, 0, 0, 0, 0, 0, 0, 0
remuRegV Inputs (4 bits, d0~d3): 0, 0, 0, 0
remuRegV(28):
remuRegV Tags (tagWidth=16): 0, 0, 1, 1, 0, 1, 1, 0, 0, 0, 0, 0, 0, 0, 0, 0
remuRegV Inputs (4 bits, d0~d3): 1, 1, 0, 0
remuRegV(29):
remuRegV Tags (tagWidth=16): 1, 1, 0, 1, 0, 1, 1, 0, 0, 0, 0, 0, 0, 0, 0, 0
remuRegV Inputs (4 bits, d0~d3): 1, 1, 0, 0
remuRegV(30):
remuRegV Tags (tagWidth=16): 1, 0, 1, 0, 0, 1, 1, 0, 0, 0, 0, 0, 0, 0, 0, 0
remuRegV Inputs (4 bits, d0~d3): 0, 1, 0, 0
remuRegV(31):
remuRegV Tags (tagWidth=16): 0, 0, 0, 1, 0, 1, 1, 0, 0, 0, 0, 0, 0, 0, 0, 0
remuRegV Inputs (4 bits, d0~d3): 1, 1, 0, 0
remuRegV(32):
remuRegV Tags (tagWidth=16): 0, 0, 0, 0, 0, 0, 0, 0, 0, 0, 0, 0, 0, 0, 0, 0
remuRegV Inputs (4 bits, d0~d3): 0, 0, 0, 0
remuRegV(33):
remuRegV Tags (tagWidth=16): 0, 0, 0, 0, 0, 0, 0, 0, 0, 0, 0, 0, 0, 0, 0, 0
remuRegV Inputs (4 bits, d0~d3): 0, 0, 0, 0
remuRegV(34):
remuRegV Tags (tagWidth=16): 0, 0, 0, 0, 0, 0, 0, 0, 0, 0, 0, 0, 0, 0, 0, 0
remuRegV Inputs (4 bits, d0~d3): 0, 0, 0, 0
remuRegV(35):
remuRegV Tags (tagWidth=16): 0, 0, 0, 0, 0, 0, 0, 0, 0, 0, 0, 0, 0, 0, 0, 0
remuRegV Inputs (4 bits, d0~d3): 0, 0, 0, 0

remuRegValid:
remuRegValid(0): 0
remuRegValid(1): 0
remuRegValid(2): 0
remuRegValid(3): 0
remuRegValid(4): 0
remuRegValid(5): 0
remuRegValid(6): 0
remuRegValid(7): 0
remuRegValid(8): 0
remuRegValid(9): 0
remuRegValid(10): 0
remuRegValid(11): 0
remuRegValid(12): 0
remuRegValid(13): 0
remuRegValid(14): 1
remuRegValid(15): 0
remuRegValid(16): 0
remuRegValid(17): 0
remuRegValid(18): 0
remuRegValid(19): 0
remuRegValid(20): 0
remuRegValid(21): 1
remuRegValid(22): 1
remuRegValid(23): 0
remuRegValid(24): 0
remuRegValid(25): 0
remuRegValid(26): 0
remuRegValid(27): 0
remuRegValid(28): 1
remuRegValid(29): 1
remuRegValid(30): 1
remuRegValid(31): 1
remuRegValid(32): 0
remuRegValid(33): 0
remuRegValid(34): 0
remuRegValid(35): 0

remuRegTags:
remuRegTags(0): 0, 0, 0, 0, 0, 0, 0, 0, 0, 0, 0, 0, 0, 0, 0, 0
remuRegTags(1): 0, 0, 0, 0, 0, 0, 0, 0, 0, 0, 0, 0, 0, 0, 0, 0
remuRegTags(2): 0, 0, 0, 0, 0, 0, 0, 0, 0, 0, 0, 0, 0, 0, 0, 0
remuRegTags(3): 0, 0, 0, 0, 0, 0, 0, 0, 0, 0, 0, 0, 0, 0, 0, 0
remuRegTags(4): 0, 0, 0, 0, 0, 0, 0, 0, 0, 0, 0, 0, 0, 0, 0, 0
remuRegTags(5): 0, 0, 0, 0, 0, 0, 0, 0, 0, 0, 0, 0, 0, 0, 0, 0
remuRegTags(6): 0, 0, 0, 0, 0, 0, 0, 0, 0, 0, 0, 0, 0, 0, 0, 0
remuRegTags(7): 0, 0, 0, 0, 0, 0, 0, 0, 0, 0, 0, 0, 0, 0, 0, 0
remuRegTags(8): 0, 0, 0, 0, 0, 0, 0, 0, 0, 0, 0, 0, 0, 0, 0, 0
remuRegTags(9): 0, 0, 0, 0, 0, 0, 0, 0, 0, 0, 0, 0, 0, 0, 0, 0
remuRegTags(10): 0, 0, 0, 0, 0, 0, 0, 0, 0, 0, 0, 0, 0, 0, 0, 0
remuRegTags(11): 0, 0, 0, 0, 0, 0, 0, 0, 0, 0, 0, 0, 0, 0, 0, 0
remuRegTags(12): 0, 0, 0, 0, 0, 0, 0, 0, 0, 0, 0, 0, 0, 0, 0, 0
remuRegTags(13): 0, 0, 0, 0, 0, 0, 0, 0, 0, 0, 0, 0, 0, 0, 0, 0
remuRegTags(14): 1, 1, 1, 0, 0, 1, 1, 0, 0, 0, 0, 0, 0, 0, 0, 0
remuRegTags(15): 0, 0, 0, 0, 0, 0, 0, 0, 0, 0, 0, 0, 0, 0, 0, 0
remuRegTags(16): 0, 0, 0, 0, 0, 0, 0, 0, 0, 0, 0, 0, 0, 0, 0, 0
remuRegTags(17): 0, 0, 0, 0, 0, 0, 0, 0, 0, 0, 0, 0, 0, 0, 0, 0
remuRegTags(18): 0, 0, 0, 0, 0, 0, 0, 0, 0, 0, 0, 0, 0, 0, 0, 0
remuRegTags(19): 0, 0, 0, 0, 0, 0, 0, 0, 0, 0, 0, 0, 0, 0, 0, 0
remuRegTags(20): 0, 0, 0, 0, 0, 0, 0, 0, 0, 0, 0, 0, 0, 0, 0, 0
remuRegTags(21): 1, 0, 0, 1, 0, 1, 1, 0, 0, 0, 0, 0, 0, 0, 0, 0
remuRegTags(22): 0, 1, 0, 1, 0, 1, 1, 0, 0, 0, 0, 0, 0, 0, 0, 0
remuRegTags(23): 0, 0, 0, 0, 0, 0, 0, 0, 0, 0, 0, 0, 0, 0, 0, 0
remuRegTags(24): 0, 0, 0, 0, 0, 0, 0, 0, 0, 0, 0, 0, 0, 0, 0, 0
remuRegTags(25): 0, 0, 0, 0, 0, 0, 0, 0, 0, 0, 0, 0, 0, 0, 0, 0
remuRegTags(26): 0, 0, 0, 0, 0, 0, 0, 0, 0, 0, 0, 0, 0, 0, 0, 0
remuRegTags(27): 0, 0, 0, 0, 0, 0, 0, 0, 0, 0, 0, 0, 0, 0, 0, 0
remuRegTags(28): 0, 0, 1, 1, 0, 1, 1, 0, 0, 0, 0, 0, 0, 0, 0, 0
remuRegTags(29): 1, 1, 0, 1, 0, 1, 1, 0, 0, 0, 0, 0, 0, 0, 0, 0
remuRegTags(30): 1, 0, 1, 0, 0, 1, 1, 0, 0, 0, 0, 0, 0, 0, 0, 0
remuRegTags(31): 0, 0, 0, 1, 0, 1, 1, 0, 0, 0, 0, 0, 0, 0, 0, 0
remuRegTags(32): 0, 0, 0, 0, 0, 0, 0, 0, 0, 0, 0, 0, 0, 0, 0, 0
remuRegTags(33): 0, 0, 0, 0, 0, 0, 0, 0, 0, 0, 0, 0, 0, 0, 0, 0
remuRegTags(34): 0, 0, 0, 0, 0, 0, 0, 0, 0, 0, 0, 0, 0, 0, 0, 0
remuRegTags(35): 0, 0, 0, 0, 0, 0, 0, 0, 0, 0, 0, 0, 0, 0, 0, 0

